TRX DATE,TRX NUMBER,SALES CHANNEL,CUSTOMER NUMBER,ORG Name,Type,Month,Year,ORG,ITEM CODE,FRANCHISE,ITEM DESC,FAMILY,CLASS,SUBCLASS,UIS TYPE,QUANTITY,Unit Price,Discount Amount,Discount Amount(%),Net Amount,Vat Amount,TOTAL AMOUNT
2023-07-04,2311041359,REEM,3032,,INV,JUL,2023,EAC,WWS36G22I,WHITE WESTINGHOUSE,Indoor Split A/C 32200 BTU Cool,HVPAC,WALL SPLITS,SAC WALL ROTARY,0-Month,1,2173.48,0.0,0.0,2173.48,326.03,2499.51
2023-07-04,2321015936,RECA,7233,,INV,JUL,2023,TPC,LTT7CBBSI,LG,Ref 1D 6.9 Cu. Ft / Pocket Handle / Inverter Compressor,HA,REFRIGERATORS,MINI BAR,0-Month,1,1477.0,0.0,0.0,1477.0,221.55,1698.55
2023-07-08,2321016207,RECA,7233,,INV,JUL,2023,TPC,LTT7CBBWI,LG,Ref 1D 6.9 Cu. Ft / Pocket Handle / Inverter Compressor,HA,REFRIGERATORS,MINI BAR,0-Month,1,1390.0,0.0,0.0,1390.0,208.5,1598.5
2023-07-09,2311041965,RECA,7233,,INV,JUL,2023,EAC,PIPE V-30/36,WHITE WESTINGHOUSE,5 Meter copper pipe for 30K/36K Split AC,HVPAC,ACCESSORIES,PIPE,0-Month,1,0.01,0.0,0.0,0.01,0.01,0.02
2023-07-11,2311042182,RECO,7183,,INV,JUL,2023,EAC,WWS30G22C,WHITE WESTINGHOUSE,Outdoor Split A/C 27400 BTU Cool,HVPAC,WALL SPLITS,SAC WALL ROTARY,0-Month,1,1803.91,-118.01,6.54,1685.9,252.88,1938.78
2023-07-16,2311042537,RECA,4207,,INV,JUL,2023,EAC,AH-A12WCS,SHARP,Indoor Split A/C 11600 BTU Cool HI-EER Class D R410A,HVPAC,WALL SPLITS,SAC WALL ROTARY,0-Month,1,1216.96,-453.24,37.24,763.72,114.56,878.28
2023-07-16,2311042537,RECA,4207,,INV,JUL,2023,EAC,AU-A12WCS,SHARP,Outdoor Split A/C 11600 BTU Cool HI-EER Class D R410A,HVPAC,WALL SPLITS,SAC WALL ROTARY,0-Month,1,1216.96,-453.14,37.24,763.82,114.57,878.39
2023-07-16,2321016723,RECA,7233,,INV,JUL,2023,TPC,GR-A720ATE(SG),TOSHIBA,"FRIDGE 19.60 CFT (554L), INVERTER, 50/60HZ - FINE STAINLESS STEEL",HA,REFRIGERATORS,TOP MOUNT,0-Month,1,4173.04,-869.56,20.84,3303.48,495.52,3799.0
2023-07-18,2311043122,RECA,7233,,INV,JUL,2023,EAC,PIPE V-12/18,WHITE WESTINGHOUSE,4 Meter copper pipe for 12K/18K Split AC,HVPAC,ACCESSORIES,PIPE,0-Month,1,0.01,0.0,0.0,0.01,0.01,0.02
2023-07-18,2311043115,RECA,7233,,INV,JUL,2023,EAC,DS18T23WI,DORA,Indoor Split A/C 18000 BTU Cool WiFi HI-EER Class D R410A,HVPAC,WALL SPLITS,SAC WALL ROTARY,0-Month,1,977.83,-65.22,6.67,912.61,136.89,1049.5
2023-07-18,2311043102,RECA,7233,,INV,JUL,2023,EAC,WWS36T22PI,WHITE WESTINGHOUSE,Indoor Split A/C 30600 BTU Cool,HVPAC,WALL SPLITS,SAC WALL ROTARY,0-Month,2,2760.43,-1956.52,35.44,3564.34,534.65,4098.99
2023-07-19,2311043270,RECA,7233,,INV,JUL,2023,EAC,AH-A12WCS,SHARP,Indoor Split A/C 11600 BTU Cool HI-EER Class D R410A,HVPAC,WALL SPLITS,SAC WALL ROTARY,0-Month,1,1216.96,-413.05,33.94,803.91,120.59,924.5
2023-07-22,2311043569,RECA,7233,,INV,JUL,2023,EAC,AU-A24ATS,SHARP,Outdoor Split A/C 21000 BTU Cool HI-EER Class D R410A,HVPAC,WALL SPLITS,SAC WALL ROTARY,0-Month,5,1282.17,-108.7,1.7,6302.15,945.32,7247.47
2023-07-22,2311043592,RECA,7233,,INV,JUL,2023,EAC,DWD76TDS,DORA,"Top and Bottom Loading Water Dispenser, black with SS DWD76TDS",SDA,WATER DISPENSER,FREE STANDING,0-Month,1,1042.61,-365.22,35.03,677.39,101.61,779.0
2023-07-23,2311043631,RECA,7233,,INV,JUL,2023,EAC,DWD76TDS,DORA,"Top and Bottom Loading Water Dispenser, black with SS DWD76TDS",SDA,WATER DISPENSER,FREE STANDING,0-Month,1,1042.61,-365.22,35.03,677.39,101.61,779.0
2023-07-27,2311044015,RECA,7233,,INV,JUL,2023,EAC,WWA25G9R,WHITE WESTINGHOUSE,Window A/C 21800 BTU Cool HI-EER Class F R410A,HVPAC,WAC,WAC ROTARY,0-Month,1,2129.57,-1277.4,59.98,852.17,127.83,980.0
2023-07-29,2311044068,RECA,7233,,INV,JUL,2023,EAC,WWA20K22R,WHITE WESTINGHOUSE,Window A/C 18000 BTU Cool,HVPAC,WAC,WAC ROTARY,0-Month,1,1303.48,-0.01,0.0,1303.47,195.52,1498.99
2023-07-29,2311044064,RECA,7233,,INV,JUL,2023,EAC,WWA20K22R,WHITE WESTINGHOUSE,Window A/C 18000 BTU Cool,HVPAC,WAC,WAC ROTARY,0-Month,1,1303.48,-0.01,0.0,1303.47,195.52,1498.99
2023-07-31,2311044269,REEM,3029,,INV,JUL,2023,EAC,X1500EP-BQ647W,ASUS,"ASUS 15.6""/i5-1135G7/8GB/512+32/MX330/W11/BLK",IT,NOTEBOOKS,NOTEBOOKS,0-Month,1,2781.74,-1000.0,35.95,1781.74,267.27,2049.01
2023-08-01,2311045528,RECA,7233,,INV,AUG,2023,EAC,WWFR21KS,WHITE WESTINGHOUSE,21 Cu Ft. SS Full Refrigerator Inverter Compressor R600a,HA,REFRIGERATORS,ALL REFRIGERATOR,0-Month,1,3216.52,-173.91,5.41,3042.61,456.39,3499.0
2023-08-07,2311048735,REUI,7596,,INV,AUG,2023,EAC,PIPE V-12/18,WHITE WESTINGHOUSE,4 Meter copper pipe for 12K/18K Split AC,HVPAC,ACCESSORIES,PIPE,0-Month,1,0.01,0.0,0.0,0.01,0.01,0.02
2023-08-07,2311048736,REUI,7286,,INV,AUG,2023,EAC,MQ9E3AH/A,APPLE MACINTOSH,iPhone 14 Pro Max 256GB Deep Purple,TELECOM,MOBILES,SMART PHONES,0-Month,5,5042.61,0.0,0.0,25213.05,3781.96,28995.01
2023-08-10,2321018706,REUI,7287,,INV,AUG,2023,TPC,GR-AG720ATE(GG),TOSHIBA,"FRIDGE 19.60 CFT (554L),INVERTER, 230V,50/60HZ-GLASS DOOR",HA,REFRIGERATORS,TOP MOUNT,0-Month,1,3477.39,0.0,0.0,3477.39,521.61,3999.0
2023-08-11,2321018758,RECA,7233,,INV,AUG,2023,TPC,TBA-24BMG4G089KS-SA,TOSHIBA,"Gas Cooker 60x60, 4 burner, Auto Ignition & Oven Light - SS",HA,COOKING RANGE,GAS COOKER,0-Month,1,1129.57,0.0,0.0,1129.57,169.44,1299.01
2023-08-12,2311049714,RECA,7233,,INV,AUG,2023,EAC,55SUE9350F,SKYWORTH,"Skyworth 55"" 4K UHD LED TV (Google TV)",CE,LCD/LED TV,LED TV,0-Month,2,1303.48,0.0,0.0,2606.96,391.05,2998.01
2023-08-17,2321019523,RECA,7233,,INV,AUG,2023,TPC,AW-K900DUPBB(SG),TOSHIBA,"TL Washer 8kg,Pump,Great Wave,Glass Lid,60hz - Silver",HA,LAUNDRY A,FA TOP LOADING,0-Month,1,1738.26,-173.91,10.0,1564.35,234.65,1799.0
2023-08-17,2311050830,REEM,3032,,INV,AUG,2023,EAC,MQ973AH/A,APPLE MACINTOSH,iPhone 14 Pro Max 128GB Silver,TELECOM,MOBILES,SMART PHONES,0-Month,1,4607.83,-347.83,7.55,4260.0,639.0,4899.0
2023-08-20,2311051173,RECA,7233,,INV,AUG,2023,EAC,FS-809,LOCAL,"Wall Mount Bracket 32""-70"" LCD/LED TV",CE,OTHERS,OTHERS,0-Month,1,33.92,-33.9,99.94,0.02,0.0,0.02
2023-08-20,2321019751,RECA,7233,,INV,AUG,2023,TPC,TBA-24BMG4G089KS-SA,TOSHIBA,"Gas Cooker 60x60, 4 burner, Auto Ignition & Oven Light - SS",HA,COOKING RANGE,GAS COOKER,0-Month,1,1129.57,-29.23,2.59,1100.34,165.05,1265.39
2023-08-20,2318002515,REUI,7561,,CM,AUG,2023,EAC,AH-A18ATS,SHARP,Indoor Split A/C 18000 BTU Cool HI-EER Class D R410A,HVPAC,WALL SPLITS,SAC WALL ROTARY,0-Month,-1,1064.78,21.74,2.04,-1043.04,-156.45,-1199.49
2023-08-23,2311051594,REUI,7561,,INV,AUG,2023,EAC,WWCFAK350,WHITE WESTINGHOUSE,"CHEST FREEZER 10.7 CU FT, 230V 60HZ, R600A",HA,FREEZERS,CHEST FREEZERS,0-Month,1,1303.48,-43.48,3.34,1260.0,189.0,1449.0
2023-08-23,2311051627,RECA,7233,,INV,AUG,2023,EAC,EO-G120-K3,SHARP,"E. Oven 100L 2800W Rotisserie, Convection, Interior Light",SDA,LHA,DEEP FRYER,0-Month,1,694.78,-43.48,6.26,651.3,97.69,748.99
2023-08-26,2311051848,RECA,7233,,INV,AUG,2023,EAC,WWS18K23I,WHITE WESTINGHOUSE,Indoor split  A/C 18400 BTU Cool - WiFi,HVPAC,WALL SPLITS,SAC WALL ROTARY,0-Month,1,999.57,-43.48,4.35,956.09,143.41,1099.5
2023-08-27,2311051972,RECA,7233,,INV,AUG,2023,EAC,WWS24T22PHC,WHITE WESTINGHOUSE,Outdoor Split A/C 22500 BTU H/C,HVPAC,WALL SPLITS,SAC WALL ROTARY,0-Month,2,1782.17,-1334.76,37.45,2229.58,334.44,2564.02
2023-08-27,2311051972,RECA,7233,,INV,AUG,2023,EAC,WWR9VS650,WHITE WESTINGHOUSE,Fridge 22.96 Cu Ft/650 Ltr SS Inverter Compressor,HA,REFRIGERATORS,TOP MOUNT,0-Month,1,3738.26,-847.82,22.68,2890.44,433.56,3324.0
2023-08-23,2318002523,RECA,7233,,CM,AUG,2023,EAC,HUF48HAI23,HISENSE,"Free Stand AC Indoor Unit 48000 BTU , Heat Cool, Inverter",HVPAC,FS SPLITS,FS SPLITS,0-Month,-1,3956.09,30.44,0.77,-3925.65,-588.85,-4514.5
2023-08-27,2311052577,RECA,7233,,INV,AUG,2023,EAC,WWA25G22HR,WHITE WESTINGHOUSE,Window A/C 21400 BTU H/C,HVPAC,WAC,WAC ROTARY,0-Month,1,1825.22,-43.48,2.38,1781.74,267.26,2049.0
2023-08-28,2311052652,RECA,7233,,INV,AUG,2023,EAC,WWS18G22I,WHITE WESTINGHOUSE,Indoor Split A/C 17800 BTU Cool,HVPAC,WALL SPLITS,SAC WALL ROTARY,0-Month,10,1130.0,-1695.6,15.01,9604.4,1440.66,11045.06
2023-08-28,2321020671,RECA,7233,,INV,AUG,2023,TPC,TD-K90MEBB(WK),TOSHIBA,"Dryer, 8kg, Inverter, Condensing, 60hz - White",HA,LAUNDRY,DRYER,0-Month,1,2173.04,-521.74,24.01,1651.3,247.69,1898.99
2023-08-29,2318002575,REUI,7596,,CM,AUG,2023,EAC,WWS24K23I,WHITE WESTINGHOUSE,Indoor split  A/C 23000 BTU Cool - WiFi,HVPAC,WALL SPLITS,SAC WALL ROTARY,0-Month,-1,1260.43,43.47,3.45,-1216.96,-182.54,-1399.5
2023-08-30,2311053224,RECA,7233,,INV,AUG,2023,EAC,DWD40TBS,DORA,"Bottom Loading Water Dispenser, Black SS, SS Tank",SDA,WATER DISPENSER,FREE STANDING,0-Month,1,868.7,-173.92,20.02,694.78,104.22,799.0
2023-09-03,2311054379,RECA,4207,,INV,SEP,2023,EAC,WWA20K22R,WHITE WESTINGHOUSE,Window A/C 18000 BTU Cool,HVPAC,WAC,WAC ROTARY,0-Month,1,1346.96,-108.7,8.07,1238.26,185.74,1424.0
2023-09-05,2321021652,RECA,7233,,INV,SEP,2023,TPC,OLED55CS6LA,LG,"LG 4K OLED Smart TV 55"" SeriesCS, a9 Gen5 4K Proc, G-SyncFSG",CE,LCD/LED TV,LED TV,0-Month,1,3912.0,0.0,0.0,3912.0,586.8,4498.8
2023-09-07,2311059645,REEM,3029,,INV,SEP,2023,EAC,WWA25G22HR,WHITE WESTINGHOUSE,Window A/C 21400 BTU H/C,HVPAC,WAC,WAC ROTARY,0-Month,1,1825.22,-43.48,2.38,1781.74,267.26,2049.0
2023-09-09,2311059802,RECA,7233,,INV,SEP,2023,EAC,WWA20K22R,WHITE WESTINGHOUSE,Window A/C 18000 BTU Cool,HVPAC,WAC,WAC ROTARY,0-Month,2,1346.96,-86.98,3.23,2606.94,391.04,2997.98
2023-09-18,2311062892,RECA,7233,,INV,SEP,2023,EAC,DWD77TDP,DORA,"Top and Bottom Loading Water Dispenser, black with SS",SDA,WATER DISPENSER,FREE STANDING,0-Month,3,1042.61,-1095.66,35.03,2032.17,304.83,2337.0
2023-09-19,2311062984,RECA,7233,,INV,SEP,2023,EAC,E7CM1-50GB,ELECTROLUX,"Coffee Maker, Black with Aroma - Explore 7",SDA,LHA,COFFEE MAKER,0-Month,1,433.91,-433.87,99.99,0.04,0.0,0.04
2023-09-21,2311063294,RECA,7233,,INV,SEP,2023,EAC,WWS24G23WC,WHITE WESTINGHOUSE,Outdoor Split A/C 22100 BTU Cool WiFi,HVPAC,WALL SPLITS,SAC WALL ROTARY,0-Month,1,1303.91,0.0,0.0,1303.91,195.59,1499.5
2023-09-21,2321023148,RECA,7233,,INV,SEP,2023,TPC,VH-J90WBB,TOSHIBA,"TWIN TUB WASHER 8.0 KG, 220-230V 60HZ",HA,LAUNDRY TT,TWIN-TUB,0-Month,1,1042.61,-173.91,16.68,868.7,130.31,999.01
2023-09-21,2321023150,RECA,7233,,INV,SEP,2023,TPC,75U7950EE,TOSHIBA,"75"" UHD 4K HDR SMART LED TV WITH ANDROID 9.0 & DOLBY VISION",CE,LCD/LED TV,LED,0-Month,2,5216.52,-7130.42,68.34,3302.62,495.39,3798.01
2023-09-24,2311063474,RECA,7233,,INV,SEP,2023,EAC,WWS30T22PC,WHITE WESTINGHOUSE,Outdoor Split A/C 27800 BTU Cool,HVPAC,WALL SPLITS,SAC WALL ROTARY,0-Month,1,2260.43,-739.13,32.7,1521.3,228.2,1749.5
2023-09-24,2311063466,REUI,7596,,INV,SEP,2023,EAC,E7CM1-50GB,ELECTROLUX,"Coffee Maker, Black with Aroma - Explore 7",SDA,LHA,COFFEE MAKER,0-Month,1,433.91,-433.9,100.0,0.01,0.0,0.01
2023-09-23,2321023244,RECA,7233,,INV,SEP,2023,TPC,MM-EG34PB(BK),TOSHIBA,"34L GRILL MICROWAVE, DIGITAL, STEEL, 220V, 60HZ - Black",SDA,MICROWAVE,GRILL,0-Month,1,520.87,-43.48,8.35,477.39,71.61,549.0
2023-09-25,2311063671,RECA,7233,,INV,SEP,2023,EAC,HS24CPVI23,HISENSE,Indoor Split A/C 24000 BTU Cool - Inverter - WiFi,HVPAC,WALL SPLITS,SAC WALL ROTARY,0-Month,1,1543.04,-282.61,18.32,1260.43,189.06,1449.49
2023-09-25,2311063725,RECA,7233,,INV,SEP,2023,EAC,EO-60NK-3,SHARP,"E. Oven 60L 2000W Rotisserie, Interior Light",SDA,LHA,DEEP FRYER,0-Month,1,520.87,0.0,0.0,520.87,78.14,599.01
2023-09-26,2311063935,REUI,7561,,INV,SEP,2023,EAC,HS24CPVI23,HISENSE,Indoor Split A/C 24000 BTU Cool - Inverter - WiFi,HVPAC,WALL SPLITS,SAC WALL ROTARY,0-Month,1,1543.04,-282.61,18.32,1260.43,189.06,1449.49
2023-09-27,2311064770,RECA,7233,,INV,SEP,2023,EAC,EHH3320NVK,ELECTROLUX,B.I 30 Cm Electric Domino Hob (Induction),HA,BUILT-IN,HOB,0-Month,1,1807.83,-1092.26,60.42,715.57,107.34,822.91
2023-09-21,2318002753,RECA,7233,,CM,SEP,2023,EAC,E7CM1-50GB,ELECTROLUX,"Coffee Maker, Black with Aroma - Explore 7",SDA,LHA,COFFEE MAKER,0-Month,-1,433.91,433.87,99.99,-0.04,0.0,-0.04
2023-09-27,2311064747,RECA,7233,,INV,SEP,2023,EAC,PIPE-18/24,WHITE WESTINGHOUSE,4 Meter copper pipe for 18K/24K Split AC,HVPAC,ACCESSORIES,PIPE,0-Month,1,0.01,0.0,0.0,0.01,0.01,0.02
2023-09-28,2321024322,RECA,4207,,INV,SEP,2023,TPC,GR-RF610WE-PMU(37),TOSHIBA,"FRENCH DOOR 16.20 CFT (457L), INVERTER, 230V - SATIN GREY",HA,REFRIGERATORS,TOP MOUNT,0-Month,1,3738.26,-608.7,16.28,3129.56,469.43,3598.99
2023-09-28,2321024413,RECA,7233,,INV,SEP,2023,TPC,TWD-BJ110M4BB(SK),TOSHIBA,"FL Washer 10/7kg Combo, Inverter, Digital - Silver",HA,LAUNDRY A,WASHER DRYER COMBO,0-Month,1,2955.65,-173.91,5.88,2781.74,417.26,3199.0
2023-09-30,2311065980,RECA,7233,,INV,SEP,2023,EAC,E7CM1-50GB,ELECTROLUX,"Coffee Maker, Black with Aroma - Explore 7",SDA,LHA,COFFEE MAKER,0-Month,1,433.91,-433.9,100.0,0.01,0.0,0.01
2023-09-30,2321024764,REUI,7561,,INV,SEP,2023,TPC,GR-AG720ATE(GG),TOSHIBA,"FRIDGE 19.60 CFT (554L),INVERTER, 230V,50/60HZ-GLASS DOOR",HA,REFRIGERATORS,TOP MOUNT,0-Month,1,3477.39,-434.78,12.5,3042.61,456.39,3499.0
2023-09-30,2311066008,RECA,4207,,INV,SEP,2023,EAC,WWS36G22C,WHITE WESTINGHOUSE,Outdoor Split A/C 32200 BTU Cool,HVPAC,WALL SPLITS,SAC WALL ROTARY,0-Month,1,2173.48,-108.67,5.0,2064.81,309.72,2374.53
2023-10-02,2321024922,REEM,3064,,INV,OCT,2023,TPC,TBA-36LMG5G089KS-SA,TOSHIBA,"Gas Cooker 90x60, 5 burner with Rotisserie & Convection - SS",HA,COOKING RANGE,GAS COOKER,0-Month,1,1999.13,0.0,0.0,1999.13,299.87,2299.0
2023-10-02,2321024892,RECA,7233,,INV,OCT,2023,TPC,LT19HBHWLN,LG,Ref 2D 17.9 Cu. Ft / Bar Handle / Multi Air Flow / Wi-Fi,HA,REFRIGERATORS,TOP MOUNT,0-Month,1,5999.0,-3304.22,55.08,2694.78,404.21,3098.99
2023-10-03,2311066420,RECA,7233,,INV,OCT,2023,EAC,WWA20K22R,WHITE WESTINGHOUSE,Window A/C 18000 BTU Cool,HVPAC,WAC,WAC ROTARY,0-Month,1,1346.96,-43.49,3.23,1303.47,195.52,1498.99
2023-10-04,2321025222,RECA,7233,,INV,OCT,2023,TPC,AW-K900DUPBB(SG),TOSHIBA,"TL Washer 8kg,Pump,Great Wave,Glass Lid,60hz - Silver",HA,LAUNDRY A,FA TOP LOADING,0-Month,1,1738.26,-173.91,10.0,1564.35,234.65,1799.0
2023-10-05,2311069936,REEM,6321,,INV,OCT,2023,EAC,65SUE9500,SKYWORTH,"SKYWORTH  65"" QLED Google TV UHD 4K HDR SMART TV",CE,LCD/LED TV,LED TV,0-Month,2,3999.0,-3825.84,47.83,4172.16,625.82,4797.98
2023-10-08,2311070258,RECA,4207,,INV,OCT,2023,EAC,WWS18K23I,WHITE WESTINGHOUSE,Indoor split  A/C 18400 BTU Cool - WiFi,HVPAC,WALL SPLITS,SAC WALL ROTARY,0-Month,3,999.57,-272.64,9.09,2726.07,408.91,3134.98
2023-10-10,2321025778,RECA,7233,,INV,OCT,2023,TPC,LT10CBBWIN,LG,Ref 2D 9 Cu. Ft / Pocket Handle  / Pull out tray,HA,REFRIGERATORS,TOP MOUNT,0-Month,1,3130.0,0.0,0.0,3130.0,469.5,3599.5
2023-10-10,2311070579,RECA,7233,,INV,OCT,2023,EAC,R-20AS(W),SHARP,"20L BASIC MICROWAVE, WHITE, 220V/60HZ - White",SDA,MICROWAVE,BASIC,0-Month,1,242.61,0.0,0.0,242.61,36.4,279.01
2023-10-11,2311070799,RECA,7233,,INV,OCT,2023,EAC,ES-FE712DLZSA-S,SHARP,"FL Washer 7kg,1200RPM, 8+Prg, Rapid Wash - S Steel",HA,LAUNDRY A,FA FRONT LOADING,0-Month,1,1303.48,0.0,0.0,1303.48,195.53,1499.01
2023-10-12,2311071028,REUI,7561,,INV,OCT,2023,EAC,EO-G120-K3,SHARP,"E. Oven 100L 2800W Rotisserie, Convection, Interior Light",SDA,LHA,DEEP FRYER,0-Month,1,694.78,0.0,0.0,694.78,104.22,799.0
2023-10-12,2321026114,REUI,7561,,INV,OCT,2023,TPC,AW-DUK2217WUPBB(SS),TOSHIBA,"TL WASHER 15kg,GLASS LID,UFB WASH,SDD INVERTER,STAINLESS STL",HA,LAUNDRY A,FA TOP LOADING,0-Month,1,3042.61,-86.96,2.86,2955.65,443.35,3399.0
2023-10-14,2311071104,RECA,7233,,INV,OCT,2023,EAC,R-20AS(S),SHARP,"20L BASIC MICROWAVE, SILVER, 220V/60HZ - Inox",SDA,MICROWAVE,BASIC,0-Month,1,260.0,0.0,0.0,260.0,39.0,299.0
2023-10-15,2311071211,RECA,4207,,INV,OCT,2023,EAC,DWD60UBW,DORA,"Bottom Loading UV Lamp Sterilizer, White, SS Tank",SDA,WATER DISPENSER,FREE STANDING,0-Month,1,1042.61,-378.27,36.28,664.34,99.65,763.99
2023-10-16,2321026431,RECA,7233,,INV,OCT,2023,TPC,75U7950EE,TOSHIBA,"75"" UHD 4K HDR SMART LED TV WITH ANDROID 9.0 & DOLBY VISION",CE,LCD/LED TV,LED,0-Month,1,5216.52,-3478.26,66.68,1738.26,260.74,1999.0
2023-10-17,2311071538,RECA,7233,,INV,OCT,2023,EAC,WWS18K23I,WHITE WESTINGHOUSE,Indoor split  A/C 18400 BTU Cool - WiFi,HVPAC,WALL SPLITS,SAC WALL ROTARY,0-Month,1,999.57,-43.48,4.35,956.09,143.41,1099.5
2023-10-17,2311071550,RECA,7233,,INV,OCT,2023,EAC,ES-FE912DLZSA-S,SHARP,"FL Washer 9kg,1200RPM, 8+Prg, Rapid Wash - S Steel",HA,LAUNDRY A,FA FRONT LOADING,0-Month,1,1738.26,0.0,0.0,1738.26,260.74,1999.0
2023-10-26,2311072694,REEM,3029,,INV,OCT,2023,EAC,65DYW50,DORA,"65"" 4K HDR, LG WEBOS SMART TV, 2.1 HDMI, MAGIC REMOTE",CE,LCD/LED TV,LED,0-Month,1,2086.09,-521.75,25.01,1564.34,234.65,1798.99
2023-10-30,2311073187,RECA,4207,,INV,OCT,2023,EAC,QW-MA814K-SS3,SHARP,"Dish Washer, 14 Place Setting, 8 Programs - Silver",HA,DISH WASHER,FREE STANDING,0-Month,1,1390.43,-69.57,5.0,1320.86,198.13,1518.99
2023-10-30,2311073379,RECA,7233,,INV,OCT,2023,EAC,EO-G120-K3,SHARP,"E. Oven 100L 2800W Rotisserie, Convection, Interior Light",SDA,LHA,DEEP FRYER,0-Month,1,694.78,-43.48,6.26,651.3,97.69,748.99
2023-10-31,2318003581,RECA,7233,,CM,OCT,2023,EAC,E6AF1-720S,ELECTROLUX,"Air Fryer, Stainless Steel with Touch - Explore 6",SDA,LHA,DEEP FRYER,0-Month,-1,477.39,220.68,46.23,-256.71,-38.5,-295.21
2023-07-04,2311041360,REEM,3064,,INV,JUL,2023,EAC,FREE-LAPTOP-BUNDLE,Unspecified,"Port Design 15.6"" LB BLACK/Logitech WL Mouse M170 Grey",OTHERS,OTHERS,OTHERS,0-Month,2,138.26,-276.5,99.99,0.02,0.0,0.02
2023-07-10,2311042007,RECA,7233,,INV,JUL,2023,EAC,AU-A36ZCS,SHARP,Outdoor Split A/C 32200 BTU Cool HI-EER Class D R410A,HVPAC,WALL SPLITS,SAC WALL ROTARY,0-Month,1,2956.08,-956.51,32.36,1999.57,299.94,2299.51
2023-07-12,2311042258,RECA,7233,,INV,JUL,2023,EAC,PIPE V-12/18,WHITE WESTINGHOUSE,4 Meter copper pipe for 12K/18K Split AC,HVPAC,ACCESSORIES,PIPE,0-Month,1,0.01,0.0,0.0,0.01,0.01,0.02
2023-07-13,2311042362,RECA,7233,,INV,JUL,2023,EAC,PIPE-36,WHITE WESTINGHOUSE,5 Meter copper pipe for 36K Split AC,HVPAC,ACCESSORIES,PIPE,0-Month,1,0.01,0.0,0.0,0.01,0.01,0.02
2023-07-14,2311042475,RECA,7233,,INV,JUL,2023,EAC,PIPE V-12/18,WHITE WESTINGHOUSE,4 Meter copper pipe for 12K/18K Split AC,HVPAC,ACCESSORIES,PIPE,0-Month,1,0.01,0.0,0.0,0.01,0.01,0.02
2023-07-15,2311042533,REUI,7561,,INV,JUL,2023,EAC,HS24CPI23,HISENSE,Indoor Split A/C 23000 BTU Cool - WiFi,HVPAC,WALL SPLITS,SAC WALL ROTARY,0-Month,1,1325.65,-30.43,2.3,1295.22,194.28,1489.5
2023-07-19,2311043487,RECA,7233,,INV,JUL,2023,EAC,WWS24G23WC,WHITE WESTINGHOUSE,Outdoor Split A/C 22100 BTU Cool WiFi,HVPAC,WALL SPLITS,SAC WALL ROTARY,0-Month,1,1303.91,0.0,0.0,1303.91,195.59,1499.5
2023-07-20,2311043546,RECA,7233,,INV,JUL,2023,EAC,75DYAC40,DORA,"75 Inch, UHD 4K, Android 11, Dolby Vision, Dolby Atmos, 2.1 HDMI, Metal Frame",CE,LCD/LED TV,LED TV,0-Month,1,2607.83,-260.87,10.0,2346.96,352.04,2699.0
2023-07-24,2321017181,REUI,7596,,INV,JUL,2023,TPC,AW-DUK2215WUPBB(SK),TOSHIBA,"TL WASHER 13.5kg,GLASS LID,UFB WASH,SDD INVERTER,STEEL BLACK",HA,LAUNDRY A,FA TOP LOADING,0-Month,1,3390.43,-608.69,17.95,2781.74,417.26,3199.0
2023-07-26,2311043936,RECA,7233,,INV,JUL,2023,EAC,WWFLD10VW08,WHITE WESTINGHOUSE,"FRONT LOAD CONDENSOR DRYER 8KG, WITH PUMP",HA,LAUNDRY A,DRYER,0-Month,1,1738.26,-347.83,20.01,1390.43,208.56,1598.99
2023-07-30,2318002285,RECA,7233,,CM,JUL,2023,EAC,50DYAC40,DORA,"50 Inch, UHD 4K, Android 11, Dolby Audio, 2.1 HDMI",CE,LCD/LED TV,LED TV,0-Month,-1,1173.04,173.91,14.83,-999.13,-149.87,-1149.0
2023-07-24,2318002280,RECA,7233,,CM,JUL,2023,EAC,DWD40TBS,DORA,"Bottom Loading Water Dispenser, Black SS, SS Tank",SDA,WATER DISPENSER,FREE STANDING,0-Month,-1,868.7,173.92,20.02,-694.78,-104.22,-799.0
2023-07-30,2321017314,REUI,7596,,INV,JUL,2023,TPC,VH-K110WBB(WW),TOSHIBA,"TWIN TUB WASHER 10.0 KG, 220-230V 60HZ",HA,LAUNDRY TT,TWIN-TUB,0-Month,1,1129.57,-130.44,11.55,999.13,149.87,1149.0
2023-08-02,2311048278,REUI,7561,,INV,AUG,2023,EAC,PIPE V-30/36,WHITE WESTINGHOUSE,5 Meter copper pipe for 30K/36K Split AC,HVPAC,ACCESSORIES,PIPE,0-Month,1,0.01,0.0,0.0,0.01,0.01,0.02
2023-08-02,2311048325,RECA,4207,,INV,AUG,2023,EAC,WWA20K22R,WHITE WESTINGHOUSE,Window A/C 18000 BTU Cool,HVPAC,WAC,WAC ROTARY,0-Month,1,1303.48,-65.18,5.0,1238.3,185.75,1424.05
2023-08-02,2311045631,RECA,7233,,INV,AUG,2023,EAC,DS24T23WC,DORA,Outdoor Split A/C 22000 BTU Cool WiFi HI-EER Class D R410A,HVPAC,WALL SPLITS,SAC WALL ROTARY,0-Month,1,1216.96,-86.96,7.15,1130.0,169.5,1299.5
2023-08-04,2311048539,RECA,7233,,INV,AUG,2023,EAC,WNGB90JGUS,WHITE WESTINGHOUSE,5 BURNER STEEL WITH GRILL PUSH IGNITION,HA,COOKING RANGE,GAS COOKER,0-Month,1,1477.39,0.0,0.0,1477.39,221.61,1699.0
2023-08-05,2311048586,RECA,4207,,INV,AUG,2023,EAC,WWUF21KS,WHITE WESTINGHOUSE,21 Cu Ft. SS Upright Freezer Inverter Compressor R600a,HA,FREEZERS,UPRIGHT FREEZER,0-Month,1,3216.52,-478.18,14.87,2738.34,410.75,3149.09
2023-08-06,2321018267,RECA,4207,,INV,AUG,2023,TPC,TW-BK90G4BB(SK),TOSHIBA,"FL Washer 8kg,1400 RPM,Orgn Inverter,Digital Display-Silver",HA,LAUNDRY A,FA FRONT LOADING,0-Month,1,2346.96,-781.74,33.31,1565.22,234.78,1800.0
2023-08-06,2321018268,RECA,7233,,INV,AUG,2023,TPC,TWD-BK90S2(SK),TOSHIBA,"FL Washer 8/5kg Combo, Inverter, Digital - Silver",HA,LAUNDRY A,WASHER DRYER COMBO,0-Month,1,2260.0,-173.91,7.7,2086.09,312.91,2399.0
2023-08-05,2311048576,RECA,7233,,INV,AUG,2023,EAC,WWFR21KS,WHITE WESTINGHOUSE,21 Cu Ft. SS Full Refrigerator Inverter Compressor R600a,HA,REFRIGERATORS,ALL REFRIGERATOR,0-Month,1,3216.52,-173.91,5.41,3042.61,456.39,3499.0
2023-08-03,2318002464,RECA,7233,,CM,AUG,2023,EAC,AU-A18ATS,SHARP,Outdoor Split A/C 18000 BTU Cool HI-EER Class D R410A.,HVPAC,WALL SPLITS,SAC WALL ROTARY,0-Month,-1,1064.78,21.74,2.04,-1043.04,-156.45,-1199.49
2023-08-09,2311049000,RECA,7233,,INV,AUG,2023,EAC,WWA25G22R,WHITE WESTINGHOUSE,Window A/C 21800 BTU Cool,HVPAC,WAC,WAC ROTARY,0-Month,1,1738.26,0.0,0.0,1738.26,260.74,1999.0
2023-08-17,2311050810,REUI,7561,,INV,AUG,2023,EAC,WWA25G22HR,WHITE WESTINGHOUSE,Window A/C 21400 BTU H/C,HVPAC,WAC,WAC ROTARY,0-Month,1,1825.22,-43.48,2.38,1781.74,267.26,2049.0
2023-08-17,2311050797,REUI,7561,,INV,AUG,2023,EAC,DS18T23WI,DORA,Indoor Split A/C 18000 BTU Cool WiFi HI-EER Class D R410A,HVPAC,WALL SPLITS,SAC WALL ROTARY,0-Month,2,977.83,-163.06,8.34,1792.6,268.89,2061.49
2023-08-19,2311050977,RECA,7233,,INV,AUG,2023,EAC,PIPE V-12/18,WHITE WESTINGHOUSE,4 Meter copper pipe for 12K/18K Split AC,HVPAC,ACCESSORIES,PIPE,0-Month,1,0.01,0.0,0.0,0.01,0.01,0.02
2023-08-22,2321019860,RECA,7233,,INV,AUG,2023,TPC,TD-K90MEBB(WK),TOSHIBA,"Dryer, 8kg, Inverter, Condensing, 60hz - White",HA,LAUNDRY,DRYER,0-Month,1,2173.04,-586.94,27.01,1586.1,237.91,1824.01
2023-08-23,2311051639,REUI,7287,,INV,AUG,2023,EAC,GX40Q17228,LENOVO,"LENOVO 15.6"" Laptop Casual Backpack B210 Green-ROW",IT,ACCESSORIES,CARRY CASE,0-Month,1,86.0,-1.65,1.92,84.35,12.65,97.0
2023-08-23,2318002524,RECA,7233,,CM,AUG,2023,EAC,PIPE-30,WHITE WESTINGHOUSE,5 Meter copper pipe for 30K Split AC,HVPAC,ACCESSORIES,PIPE,0-Month,-1,0.01,0.0,0.0,-0.01,-0.01,-0.02
2023-08-29,2311052868,RECA,7233,,INV,AUG,2023,EAC,WWFL9VS10,WHITE WESTINGHOUSE,"FL WASHER 10KG, BLDC INVERTER, WITH PUMP, 1600RPM SILVER",HA,LAUNDRY,FA FRONT LOADING,0-Month,1,1825.22,0.0,0.0,1825.22,273.79,2099.01
2023-08-31,2311053745,REUI,7596,,INV,AUG,2023,EAC,AU-A24ATS,SHARP,Outdoor Split A/C 21000 BTU Cool HI-EER Class D R410A,HVPAC,WALL SPLITS,SAC WALL ROTARY,0-Month,1,1282.17,-21.74,1.7,1260.43,189.06,1449.49
2023-09-02,2311054348,REUI,7561,,INV,SEP,2023,EAC,WWS18G22I,WHITE WESTINGHOUSE,Indoor Split A/C 17800 BTU Cool,HVPAC,WALL SPLITS,SAC WALL ROTARY,0-Month,1,1130.0,0.0,0.0,1130.0,169.5,1299.5
2023-09-02,2311054361,REUI,7596,,INV,SEP,2023,EAC,DS24T23WI,DORA,Indoor Split A/C 22000 BTU Cool WiFi HI-EER Class D R410A,HVPAC,WALL SPLITS,SAC WALL ROTARY,0-Month,1,1216.96,-86.96,7.15,1130.0,169.5,1299.5
2023-09-10,2311059909,RECA,7233,,INV,SEP,2023,EAC,2T-C425DG6NX,SHARP,"42 inch Smart TV, Full HD Android 9.0, Dolby Audio",CE,LCD/LED TV,LED TV,0-Month,1,1260.0,-391.3,31.06,868.7,130.3,999.0
2023-09-10,2311059927,RECA,7233,,INV,SEP,2023,EAC,WWS30T22PC,WHITE WESTINGHOUSE,Outdoor Split A/C 27800 BTU Cool,HVPAC,WALL SPLITS,SAC WALL ROTARY,0-Month,3,2260.43,-2217.39,32.7,4563.9,684.59,5248.49
2023-09-11,2311060048,RECA,4207,,INV,SEP,2023,EAC,DA20K23R,DORA,Window A/C 18000 BTU Cool Hi-EER Class F R410A,HVPAC,WAC,WAC ROTARY,0-Month,1,1260.0,-104.34,8.28,1155.66,173.34,1329.0
2023-09-11,2321021922,RECA,7233,,INV,SEP,2023,TPC,LS32HJBVLV,LG,"Ref SxS 28.1 Cu.Ft, Side By Side Refrigerator",HA,REFRIGERATORS,SIDE BY SIDE,0-Month,1,8695.0,0.0,0.0,8695.0,1304.25,9999.25
2023-09-16,2311062487,RECA,7233,,INV,SEP,2023,EAC,WWTLAVS14,WHITE WESTINGHOUSE,TL Washer 14KG with Pump Silver Color,HA,LAUNDRY A,FA TOP LOADING,0-Month,1,1564.35,0.0,0.0,1564.35,234.66,1799.01
2023-09-17,2311062566,REUI,7561,,INV,SEP,2023,EAC,WWTLAVS14,WHITE WESTINGHOUSE,TL Washer 14KG with Pump Silver Color,HA,LAUNDRY A,FA TOP LOADING,0-Month,1,1564.35,0.0,0.0,1564.35,234.66,1799.01
2023-09-13,2318002685,RECA,7233,,CM,SEP,2023,EAC,WWS24G23WI,WHITE WESTINGHOUSE,Indoor Split A/C 22100 BTU Cool,HVPAC,WALL SPLITS,SAC WALL ROTARY,0-Month,-1,1303.91,0.0,0.0,-1303.91,-195.59,-1499.5
2023-09-18,2321022995,REUI,7561,,INV,SEP,2023,TPC,MW-MM20PB(BK)-P,TOSHIBA,"20L MICROWAVE, 220V, 60HZ - Black",SDA,MICROWAVE,BASIC,0-Month,1,286.09,0.0,0.0,286.09,42.92,329.01
2023-09-20,2311063167,RECA,7233,,INV,SEP,2023,EAC,PIPE V-12/18,WHITE WESTINGHOUSE,4 Meter copper pipe for 12K/18K Split AC,HVPAC,ACCESSORIES,PIPE,0-Month,1,0.01,0.0,0.0,0.01,0.01,0.02
2023-09-21,2311063277,RECA,4207,,INV,SEP,2023,EAC,PIPE V-30/36,WHITE WESTINGHOUSE,5 Meter copper pipe for 30K/36K Split AC,HVPAC,ACCESSORIES,PIPE,0-Month,1,0.01,0.0,0.0,0.01,0.01,0.02
2023-09-20,2311063226,RECA,7233,,INV,SEP,2023,EAC,EK-EEWA7300AR,ELECTROLUX,KETTLE 2400W 1.7L  STAINLESS STEEL,SDA,LHA,ELECTRIC KETTLE,0-Month,1,260.0,-259.97,99.99,0.03,0.0,0.03
2023-09-21,2311063308,RECA,7233,,INV,SEP,2023,EAC,43STD4000,SKYWORTH,"Skyworth 43"" Smart LED TV",CE,LCD/LED TV,LED TV,0-Month,1,694.78,0.0,0.0,694.78,104.22,799.0
2023-09-24,2311063463,RECA,7233,,INV,SEP,2023,EAC,FA31-202GY,ELECTROLUX,Flow A3 - Air Purifier with Anti-bacterial HEPA & Touch UI,SDA,AIR PURIFIER,RESIDENTIAL,0-Month,1,651.3,-651.29,100.0,0.01,0.0,0.01
2023-09-24,2311063474,RECA,7233,,INV,SEP,2023,EAC,WWS30T22PI,WHITE WESTINGHOUSE,Indoor Split A/C 27800 BTU Cool,HVPAC,WALL SPLITS,SAC WALL ROTARY,0-Month,1,2260.43,-739.13,32.7,1521.3,228.2,1749.5
2023-09-26,2311063926,RECA,7233,,INV,SEP,2023,EAC,E7CM1-50GB,ELECTROLUX,"Coffee Maker, Black with Aroma - Explore 7",SDA,LHA,COFFEE MAKER,0-Month,1,433.91,-433.9,100.0,0.01,0.0,0.01
2023-09-26,2311063838,REUI,7596,,INV,SEP,2023,EAC,WWS24T22PHI,WHITE WESTINGHOUSE,Indoor Split A/C 22500 BTU H/C,HVPAC,WALL SPLITS,SAC WALL ROTARY,0-Month,1,1782.17,-608.69,34.15,1173.48,176.02,1349.5
2023-09-27,2311064511,RECA,7233,,INV,SEP,2023,EAC,E7CM1-50GB,ELECTROLUX,"Coffee Maker, Black with Aroma - Explore 7",SDA,LHA,COFFEE MAKER,0-Month,1,433.91,-433.9,100.0,0.01,0.0,0.01
2023-09-07,2311065386,RECA,7233,,INV,SEP,2023,EAC,32DX40,DORA,"32"" SMART LED TV (NETFLIX & SHAHID) WITH ALEXA & DSR",CE,LCD/LED TV,LED,0-Month,1,955.65,-521.74,54.6,433.91,65.08,498.99
2023-09-28,2311065481,RECA,7233,,INV,SEP,2023,EAC,EK-EEWA7300AR,ELECTROLUX,KETTLE 2400W 1.7L  STAINLESS STEEL,SDA,LHA,ELECTRIC KETTLE,0-Month,1,260.0,-259.99,100.0,0.01,0.0,0.01
2023-09-30,2311065970,REUI,7561,,INV,SEP,2023,EAC,PIPE V-24,WHITE WESTINGHOUSE,4 Meter copper pipe for 24K Split AC,HVPAC,ACCESSORIES,PIPE,0-Month,4,0.01,0.0,0.0,0.04,0.01,0.05
2023-09-30,2311065988,RECA,7233,,INV,SEP,2023,EAC,EC-CAS2422-Z,SHARP,"VAC CLNR DRUM, 22L, 2400W,METAL TUBE - GOLD",SDA,VACCUM CLEANERS,CANNISTER,0-Month,1,520.87,-86.96,16.7,433.91,65.09,499.0
2023-10-01,2311066120,REUI,7561,,INV,OCT,2023,EAC,WWUF21KS,WHITE WESTINGHOUSE,21 Cu Ft. SS Upright Freezer Inverter Compressor R600a,HA,FREEZERS,UPRIGHT FREEZER,0-Month,1,3216.52,-173.91,5.41,3042.61,456.39,3499.0
2023-10-02,2311066133,REUI,7596,,INV,OCT,2023,EAC,WWS24K23I,WHITE WESTINGHOUSE,Indoor split  A/C 23000 BTU Cool - WiFi,HVPAC,WALL SPLITS,SAC WALL ROTARY,0-Month,1,1260.43,-43.47,3.45,1216.96,182.54,1399.5
2023-10-02,2311066242,RECA,4207,,INV,OCT,2023,EAC,DFR21KS,DORA,21 Cu Ft. SS Full Refrigerator Inverter Compressor R600a,HA,REFRIGERATORS,ALL REFRIGERATOR,0-Month,1,3042.61,-304.26,10.0,2738.35,410.76,3149.11
2023-10-06,2321025398,REUI,7596,,INV,OCT,2023,TPC,MW-MM20PB(BK)-P,TOSHIBA,"20L MICROWAVE, 220V, 60HZ - Black",SDA,MICROWAVE,BASIC,0-Month,1,286.09,0.0,0.0,286.09,42.92,329.01
2023-10-06,2311070068,RECA,7233,,INV,OCT,2023,EAC,WWS18K23I,WHITE WESTINGHOUSE,Indoor split  A/C 18400 BTU Cool - WiFi,HVPAC,WALL SPLITS,SAC WALL ROTARY,0-Month,1,999.57,-43.48,4.35,956.09,143.41,1099.5
2023-10-06,2311070068,RECA,7233,,INV,OCT,2023,EAC,WWS18K23C,WHITE WESTINGHOUSE,Outdoor split  A/C 18400 BTU Cool - WiFi,HVPAC,WALL SPLITS,SAC WALL ROTARY,0-Month,1,999.57,-43.48,4.35,956.09,143.41,1099.5
2023-10-07,2311070099,REUI,7596,,INV,OCT,2023,EAC,SJ-HM700-HS,SHARP,"Fridge Top Mount, 18.62 CFT (527L), Inverter, 60Hz - Inox",HA,REFRIGERATORS,TOP MOUNT,0-Month,1,2607.83,0.0,0.0,2607.83,391.18,2999.01
2023-10-08,2311070176,REUI,7561,,INV,OCT,2023,EAC,SCF-K350H-WH,SHARP,"Chest Freezer,9.1Cft (260L), 230V 60HZ, R600A",HA,FREEZERS,CHEST FREEZERS,0-Month,1,1129.57,0.0,0.0,1129.57,169.44,1299.01
2023-10-11,2321025980,REUI,7596,,INV,OCT,2023,TPC,AW-DUK1300KUPBB(WW),TOSHIBA,"TL Washer 12kg,Pump,Great Wave,Glass Lid,60hz-White",HA,LAUNDRY A,FA TOP LOADING,0-Month,1,1912.17,-173.91,9.09,1738.26,260.74,1999.0
2023-10-15,2311071223,RECA,4207,,INV,OCT,2023,EAC,EC-CAS2422-Z,SHARP,"VAC CLNR DRUM, 22L, 2400W,METAL TUBE - GOLD",SDA,VACCUM CLEANERS,CANNISTER,0-Month,1,520.87,-195.66,37.56,325.21,48.79,374.0
2023-10-16,2328001880,RECA,7233,,CM,OCT,2023,TPC,WTS16HHDK,LG,WM TL 16KG/TurboWash3D™/Wi-Fi/Tub Clean/Steam/DD Motor,HA,LAUNDRY A,FA TOP LOADING,0-Month,-1,5608.0,2044.0,36.45,-3564.0,-534.6,-4098.6
2023-10-21,2311071925,RECA,4207,,INV,OCT,2023,EAC,AU-A18ATS,SHARP,Outdoor Split A/C 18000 BTU Cool HI-EER Class D R410A.,HVPAC,WALL SPLITS,SAC WALL ROTARY,0-Month,1,1064.78,-73.92,6.94,990.86,148.63,1139.49
2023-10-25,2311072620,REUI,1879,,INV,OCT,2023,EAC,4T-C75EK2NX,SHARP,"75 Inch, 4K, Android 11, HDR, Dolby Vision, Dolby Atmos, HDMI 2.1, Made In Japan Panel",CE,LCD/LED TV,LED TV,0-Month,1,5216.52,-1739.13,33.34,3477.39,521.61,3999.0
2023-10-29,2321027473,REUI,7596,,INV,OCT,2023,TPC,GR-AG720ATE(GG),TOSHIBA,"FRIDGE 19.60 CFT (554L),INVERTER, 230V,50/60HZ-GLASS DOOR",HA,REFRIGERATORS,TOP MOUNT,0-Month,1,3477.39,-434.78,12.5,3042.61,456.39,3499.0
2023-10-22,2328001985,REUI,7561,,CM,OCT,2023,TPC,RH16U8EVCW,LG,Dryer 16KG DUAL Inverter Dryer / sensor dry / ThinQ (Wi-Fi),HA,LAUNDRY A,DRYER,0-Month,-1,9999.0,5217.0,52.18,-4782.0,-717.3,-5499.3
2023-10-29,2311073106,REEM,3561,,INV,OCT,2023,EAC,MTUG3AH/A,APPLE MACINTOSH,iPhone 15 Pro 256GB Blue,TELECOM,MOBILES,SMART PHONES,0-Month,1,4928.0,-189.74,3.85,4738.26,710.73,5448.99
2023-10-30,2311073236,REUI,7596,,INV,OCT,2023,EAC,WWA20G22R,WHITE WESTINGHOUSE,Window A/C 18000 BTU Cool,HVPAC,WAC,WAC ROTARY,0-Month,1,1433.91,0.0,0.0,1433.91,215.09,1649.0
2023-10-31,2311073558,RECA,7233,,INV,OCT,2023,EAC,EK-EER73DB,ELECTROLUX,FLOOR STICK RECHARGEABLE 14.4V,SDA,VACCUM CLEANERS,CANNISTER,0-Month,1,668.7,-373.92,55.92,294.78,44.22,339.0
2023-07-04,2311038688,RECA,7233,,INV,JUL,2023,EAC,AU-A24ATS,SHARP,Outdoor Split A/C 21000 BTU Cool HI-EER Class D R410A,HVPAC,WALL SPLITS,SAC WALL ROTARY,0-Month,1,1282.17,-21.74,1.7,1260.43,189.06,1449.49
2023-07-06,2311041605,RECA,7233,,INV,JUL,2023,EAC,65SUE9500,SKYWORTH,"SKYWORTH  65"" QLED Google TV UHD 4K HDR SMART TV",CE,LCD/LED TV,LED TV,0-Month,1,2086.0,-130.34,6.25,1955.66,293.34,2249.0
2023-07-09,2321016212,RECA,7233,,INV,JUL,2023,TPC,AW-UK1100HUPBB(SG),TOSHIBA,"TL Washer 10kg, UFB Wash, 220-230V, 60HZ - Silver",HA,LAUNDRY A,FA TOP LOADING,0-Month,1,1912.17,-434.78,22.74,1477.39,221.61,1699.0
2023-07-06,2311041843,REEM,3064,,INV,JUL,2023,EAC,MQ9E3AH/A,APPLE MACINTOSH,iPhone 14 Pro Max 256GB Deep Purple,TELECOM,MOBILES,SMART PHONES,0-Month,1,5042.61,-434.78,8.62,4607.83,691.18,5299.01
2023-07-08,2311041881,RECA,7233,,INV,JUL,2023,EAC,32STD4000,SKYWORTH,"Skyworth 32"" Smart LED TV",CE,LCD/LED TV,LED TV,0-Month,1,433.91,0.0,0.0,433.91,65.09,499.0
2023-07-11,2311042182,RECO,7183,,INV,JUL,2023,EAC,DA20K23R,DORA,Window A/C 18000 BTU Cool Hi-EER Class F R410A,HVPAC,WAC,WAC ROTARY,0-Month,1,1260.0,-82.43,6.54,1177.57,176.63,1354.2
2023-07-12,2311042263,RECA,7233,,INV,JUL,2023,EAC,DS18T23WC,DORA,Outdoor Split A/C 18000 BTU Cool WiFi HI-EER Class D R410A.,HVPAC,WALL SPLITS,SAC WALL ROTARY,0-Month,1,977.83,-65.22,6.67,912.61,136.89,1049.5
2023-07-13,2311042411,RECA,7233,,INV,JUL,2023,EAC,DS18T23WC,DORA,Outdoor Split A/C 18000 BTU Cool WiFi HI-EER Class D R410A.,HVPAC,WALL SPLITS,SAC WALL ROTARY,0-Month,1,977.83,-65.22,6.67,912.61,136.89,1049.5
2023-07-15,2311042535,RECA,7233,,INV,JUL,2023,EAC,WWR9VS650,WHITE WESTINGHOUSE,Fridge 22.96 Cu Ft/650 Ltr SS Inverter Compressor,HA,REFRIGERATORS,TOP MOUNT,0-Month,1,3738.26,-695.65,18.61,3042.61,456.39,3499.0
2023-07-16,2311042921,REUI,7596,,INV,JUL,2023,EAC,4T-C70DK1X,SHARP,"70 Inch, 4K Smart TV, Android 11, HDR, Dolby Audio,  HDMI 2.1 , Made In Japan Panel",CE,LCD/LED TV,LED TV,0-Month,1,3477.39,-260.87,7.5,3216.52,482.47,3698.99
2023-07-19,2321016871,RECA,7233,,INV,JUL,2023,TPC,LTT7CBBSI,LG,Ref 1D 6.9 Cu. Ft / Pocket Handle / Inverter Compressor,HA,REFRIGERATORS,MINI BAR,0-Month,1,1521.0,0.0,0.0,1521.0,228.15,1749.15
2023-07-19,2311043236,RECA,7233,,INV,JUL,2023,EAC,R-28CNS(K),SHARP,"Microwave 28Ltr, Grill & Convection, 220V/60Htz - Black",SDA,MICROWAVE,BASIC,0-Month,1,694.78,-130.43,18.77,564.35,84.65,649.0
2023-07-23,2311043668,RECA,7233,,INV,JUL,2023,EAC,55DYAC40,DORA,"55 Inch, UHD 4K, Android 11, Dolby Audio, 2.1 HDMI",CE,LCD/LED TV,LED TV,0-Month,1,1260.0,-130.43,10.35,1129.57,169.43,1299.0
2023-07-24,2311043771,RECA,4207,,INV,JUL,2023,EAC,PIPE V-12/18,WHITE WESTINGHOUSE,4 Meter copper pipe for 12K/18K Split AC,HVPAC,ACCESSORIES,PIPE,0-Month,1,0.01,0.0,0.0,0.01,0.01,0.02
2023-07-24,2311043797,REUI,7596,,INV,JUL,2023,EAC,WWA25G22R,WHITE WESTINGHOUSE,Window A/C 21800 BTU Cool,HVPAC,WAC,WAC ROTARY,0-Month,1,1738.26,0.0,0.0,1738.26,260.74,1999.0
2023-07-25,2321017210,RECA,7233,,INV,JUL,2023,TPC,GR-RT468WE-PMU(37),TOSHIBA,"Fridge 12.0 Cft (338L), Inverter - Satin Grey",HA,REFRIGERATORS,TOP MOUNT,0-Month,1,1999.13,0.0,0.0,1999.13,299.87,2299.0
2023-07-26,2328001302,RECA,7233,,CM,JUL,2023,TPC,LT13CBBWIV,LG,Ref 2D 11.8 Cu. Ft / Inverter Compressor,HA,REFRIGERATORS,TOP MOUNT,0-Month,-1,2260.0,0.0,0.0,-2260.0,-339.0,-2599.0
2023-07-31,2311044237,REUI,7561,,INV,JUL,2023,EAC,WWA20K22R,WHITE WESTINGHOUSE,Window A/C 18000 BTU Cool,HVPAC,WAC,WAC ROTARY,0-Month,2,1303.48,-0.02,0.0,2606.94,391.04,2997.98
2023-07-30,2311044184,RECA,7233,,INV,JUL,2023,EAC,WWS24G23WI,WHITE WESTINGHOUSE,Indoor Split A/C 22100 BTU Cool,HVPAC,WALL SPLITS,SAC WALL ROTARY,0-Month,1,1303.91,0.0,0.0,1303.91,195.59,1499.5
2023-08-01,2311045460,RECA,7233,,INV,AUG,2023,EAC,WWS30G22I,WHITE WESTINGHOUSE,Indoor Split A/C 27400 BTU Cool,HVPAC,WALL SPLITS,SAC WALL ROTARY,0-Month,1,1803.91,0.0,0.0,1803.91,270.59,2074.5
2023-08-02,2311048307,RECA,4207,,INV,AUG,2023,EAC,AH-A24ATS,SHARP,Indoor Split A/C 21000 BTU Cool HI-EER Class D R410A,HVPAC,WALL SPLITS,SAC WALL ROTARY,0-Month,1,1282.17,-84.78,6.61,1197.39,179.61,1377.0
2023-08-02,2311048307,RECA,4207,,INV,AUG,2023,EAC,AU-A18ATS,SHARP,Outdoor Split A/C 18000 BTU Cool HI-EER Class D R410A.,HVPAC,WALL SPLITS,SAC WALL ROTARY,0-Month,3,1064.78,-221.64,6.94,2972.7,445.91,3418.61
2023-08-02,2311048307,RECA,4207,,INV,AUG,2023,EAC,AH-A18ATS,SHARP,Indoor Split A/C 18000 BTU Cool HI-EER Class D R410A,HVPAC,WALL SPLITS,SAC WALL ROTARY,0-Month,3,1064.78,-221.73,6.94,2972.61,445.9,3418.51
2023-08-02,2311045631,RECA,7233,,INV,AUG,2023,EAC,75DYAC40,DORA,"75 Inch, UHD 4K, Android 11, Dolby Vision, Dolby Atmos, 2.1 HDMI, Metal Frame",CE,LCD/LED TV,LED TV,0-Month,1,2607.83,-260.87,10.0,2346.96,352.04,2699.0
2023-08-03,2311048503,RECA,7233,,INV,AUG,2023,EAC,WWS30T22PC,WHITE WESTINGHOUSE,Outdoor Split A/C 27800 BTU Cool,HVPAC,WALL SPLITS,SAC WALL ROTARY,0-Month,1,2260.43,-739.13,32.7,1521.3,228.2,1749.5
2023-08-04,2311048543,RECA,7233,,INV,AUG,2023,EAC,EO-60NK-3,SHARP,"E. Oven 60L 2000W Rotisserie, Interior Light",SDA,LHA,DEEP FRYER,0-Month,1,520.87,0.0,0.0,520.87,78.14,599.01
2023-08-05,2311048566,REUI,7596,,INV,AUG,2023,EAC,DWD40TBS,DORA,"Bottom Loading Water Dispenser, Black SS, SS Tank",SDA,WATER DISPENSER,FREE STANDING,0-Month,1,868.7,-173.92,20.02,694.78,104.22,799.0
2023-08-06,2321018261,REEM,3064,,INV,AUG,2023,TPC,LTT7CBBSI,LG,Ref 1D 6.9 Cu. Ft / Pocket Handle / Inverter Compressor,HA,REFRIGERATORS,MINI BAR,0-Month,1,1521.0,-43.61,2.87,1477.39,221.6,1698.99
2023-08-05,2311048579,RECA,7233,,INV,AUG,2023,EAC,DS24T23WC,DORA,Outdoor Split A/C 22000 BTU Cool WiFi HI-EER Class D R410A,HVPAC,WALL SPLITS,SAC WALL ROTARY,0-Month,1,1216.96,-86.96,7.15,1130.0,169.5,1299.5
2023-08-07,2321018303,RECA,4207,,INV,AUG,2023,TPC,TBA-24BMG4G089KS-SA,TOSHIBA,"Gas Cooker 60x60, 4 burner, Auto Ignition & Oven Light - SS",HA,COOKING RANGE,GAS COOKER,0-Month,1,1129.57,-112.96,10.0,1016.61,152.49,1169.1
2023-08-08,2311048927,REUI,7596,,INV,AUG,2023,EAC,WNGB90JGUS,WHITE WESTINGHOUSE,5 BURNER STEEL WITH GRILL PUSH IGNITION,HA,COOKING RANGE,GAS COOKER,0-Month,1,1477.39,0.0,0.0,1477.39,221.61,1699.0
2023-08-09,2311049412,REEM,3540,,INV,AUG,2023,EAC,DA20K23R,DORA,Window A/C 18000 BTU Cool Hi-EER Class F R410A,HVPAC,WAC,WAC ROTARY,0-Month,1,1260.0,0.0,0.0,1260.0,189.0,1449.0
2023-08-10,2311049468,REUI,7287,,INV,AUG,2023,EAC,WWS18G22I,WHITE WESTINGHOUSE,Indoor Split A/C 17800 BTU Cool,HVPAC,WALL SPLITS,SAC WALL ROTARY,0-Month,1,1130.0,0.0,0.0,1130.0,169.5,1299.5
2023-08-10,2321018733,RECA,7233,,INV,AUG,2023,TPC,RWF-W1615BU(K),TOSHIBA,"Water Cooler,BL,3 taps,50/60HZ,SS Tank,ICED-COLD Technology",SDA,WATER DISPENSER,FREE STANDING,0-Month,1,781.74,0.0,0.0,781.74,117.27,899.01
2023-08-14,2311050292,REUI,7561,,INV,AUG,2023,EAC,WWA25K22R,WHITE WESTINGHOUSE,Window A/C 21800 BTU Cool Hi-EER Class F R410A,HVPAC,WAC,WAC ROTARY,0-Month,1,1651.3,0.0,0.0,1651.3,247.7,1899.0
2023-08-15,2311050390,RECA,7233,,INV,AUG,2023,EAC,WWS18G22C,WHITE WESTINGHOUSE,Outdoor Split A/C 17800 BTU Cool,HVPAC,WALL SPLITS,SAC WALL ROTARY,0-Month,2,1130.0,0.0,0.0,2260.0,339.0,2599.0
2023-08-23,2321019905,RECA,7233,,INV,AUG,2023,TPC,GR-H675ABEZZ(W),TOSHIBA,"FRIDGE 18.00 CFT (510L), INVERTER, 230V 60HZ - WHITE",HA,REFRIGERATORS,TOP MOUNT,0-Month,1,2868.7,-260.87,9.09,2607.83,391.17,2999.0
2023-08-23,2311051556,RECA,7233,,INV,AUG,2023,EAC,WWA20K22R,WHITE WESTINGHOUSE,Window A/C 18000 BTU Cool,HVPAC,WAC,WAC ROTARY,0-Month,2,1303.48,-0.02,0.0,2606.94,391.04,2997.98
2023-08-25,2311051833,RECA,7233,,INV,AUG,2023,EAC,WWS30G22I,WHITE WESTINGHOUSE,Indoor Split A/C 27400 BTU Cool,HVPAC,WALL SPLITS,SAC WALL ROTARY,0-Month,1,1803.91,0.0,0.0,1803.91,270.59,2074.5
2023-08-29,2311052899,REEM,4986,,INV,AUG,2023,EAC,FS-5003,LOCAL,FujiStar HDMI Cable 3M,CE,OTHERS,OTHERS,0-Month,1,25.21,-25.21,100.0,0.0,0.0,0.0
2023-08-30,2311053071,RECA,4207,,INV,AUG,2023,EAC,WWRAK560(S),WHITE WESTINGHOUSE,"Fridge 19.9 CuFt, 564 Ltr, Inverter, R600a, Silver",HA,REFRIGERATORS,TOP MOUNT,0-Month,1,2868.69,-834.78,29.1,2033.91,305.09,2339.0
2023-08-31,2311053731,REUI,7561,,INV,AUG,2023,EAC,WWS24G23WI,WHITE WESTINGHOUSE,Indoor Split A/C 22100 BTU Cool,HVPAC,WALL SPLITS,SAC WALL ROTARY,0-Month,1,1303.91,0.0,0.0,1303.91,195.59,1499.5
2023-09-07,2311059783,REEM,3540,,INV,SEP,2023,EAC,70SUE9350F,SKYWORTH,"SKYWORTH 70"" Google TV UHD 4K HDR SMART LED TV",CE,LCD/LED TV,LED TV,0-Month,1,2260.0,-260.87,11.54,1999.13,299.86,2298.99
2023-09-07,2311059783,REEM,3540,,INV,SEP,2023,EAC,FS-5003,LOCAL,FujiStar HDMI Cable 3M,CE,OTHERS,OTHERS,0-Month,1,25.21,-25.21,100.0,0.0,0.0,0.0
2023-09-10,2311059934,REUI,7596,,INV,SEP,2023,EAC,XB-RRS-00083,MS-XB,Xbox Series S 512GB Flamingo Bundle,TELECOM,ENTERTAINMENT,GAMING,0-Month,1,1190.43,0.0,0.0,1190.43,178.57,1369.0
2023-09-13,2318002685,RECA,7233,,CM,SEP,2023,EAC,WWS12K23I,WHITE WESTINGHOUSE,Indoor split  A/C 12000 BTU Cool - WiFi,HVPAC,WALL SPLITS,SAC WALL ROTARY,0-Month,-1,847.39,43.48,5.13,-803.91,-120.58,-924.49
2023-09-18,2311062722,RECA,7233,,INV,SEP,2023,EAC,EC-CAS2422-Z,SHARP,"VAC CLNR DRUM, 22L, 2400W,METAL TUBE - GOLD",SDA,VACCUM CLEANERS,CANNISTER,0-Month,1,520.87,-86.96,16.7,433.91,65.09,499.0
2023-09-21,2311063242,RECA,7233,,INV,SEP,2023,EAC,SJ-K155X-SL,SHARP,"122L / 4.3 Cu ft, Single Door Refrigerator, R600a, 60Hz, Silver color",HA,REFRIGERATORS,MINI BAR,0-Month,1,955.65,-86.95,9.1,868.7,130.3,999.0
2023-09-23,2321023241,RECA,7233,,INV,SEP,2023,TPC,AW-DK1775WUPBB(WK),TOSHIBA,"TL WASHER 15 KG,UFB WASH,SDD INVERTER,60HZ - WHITE/BLACK",HA,LAUNDRY A,FA TOP LOADING,0-Month,1,2433.91,-478.26,19.65,1955.65,293.35,2249.0
2023-09-25,2311063636,REEM,4250,,INV,SEP,2023,EAC,58SUE9350F,SKYWORTH,"Skyworth 58"" 4K UHD LED TV (Google TV)",CE,LCD/LED TV,LED TV,0-Month,1,1390.0,-173.48,12.48,1216.52,182.47,1398.99
2023-09-28,2321024322,RECA,4207,,INV,SEP,2023,TPC,AW-DUK2217WUPBB(SS),TOSHIBA,"TL WASHER 15kg,GLASS LID,UFB WASH,SDD INVERTER,STAINLESS STL",HA,LAUNDRY A,FA TOP LOADING,0-Month,1,3042.61,-460.88,15.15,2581.73,387.26,2968.99
2023-10-08,2311070269,REUI,7596,,INV,OCT,2023,EAC,DRAMS450,DORA,"16.4 CuFt, 465L Fridge 230V 60HZ - R600a, Black",HA,REFRIGERATORS,TOP MOUNT,0-Month,1,2086.08,-43.47,2.08,2042.61,306.39,2349.0
2023-10-08,2311070258,RECA,4207,,INV,OCT,2023,EAC,EK-EWF9025MQSA,ELECTROLUX,9KG UltimateCare FL Washer with Vapour Care Technology,HA,LAUNDRY A,FA FRONT LOADING,0-Month,1,2390.43,-982.61,41.11,1407.82,211.17,1618.99
2023-10-11,2311070777,RECA,7233,,INV,OCT,2023,EAC,WWS24K23C,WHITE WESTINGHOUSE,Outdoor split  A/C 23000 BTU Cool - WiFi,HVPAC,WALL SPLITS,SAC WALL ROTARY,0-Month,1,1260.43,-43.47,3.45,1216.96,182.54,1399.5
2023-10-17,2321026484,REUI,7596,,INV,OCT,2023,TPC,AW-DK1775WUPBB(WK),TOSHIBA,"TL WASHER 15 KG,UFB WASH,SDD INVERTER,60HZ - WHITE/BLACK",HA,LAUNDRY A,FA TOP LOADING,0-Month,1,2433.91,-260.87,10.72,2173.04,325.95,2498.99
2023-10-26,2311072733,REEM,3064,,INV,OCT,2023,EAC,MU6T3AH/A,APPLE MACINTOSH,iPhone 15 Pro Max 256GB Blue,TELECOM,MOBILES,SMART PHONES,0-Month,2,5217.0,0.0,0.0,10434.0,1565.1,11999.1
2023-07-05,2311041484,REUI,7561,,INV,JUL,2023,EAC,EK-EEWA7300AR,ELECTROLUX,KETTLE 2400W 1.7L  STAINLESS STEEL,SDA,LHA,ELECTRIC KETTLE,0-Month,1,260.0,-259.97,99.99,0.03,0.0,0.03
2023-07-05,2311041549,RECA,7233,,INV,JUL,2023,EAC,DA20K23R,DORA,Window A/C 18000 BTU Cool Hi-EER Class F R410A,HVPAC,WAC,WAC ROTARY,0-Month,1,1260.0,-43.48,3.45,1216.52,182.47,1398.99
2023-07-09,2311041920,RECA,7233,,INV,JUL,2023,EAC,EK-EEWA7300AR,ELECTROLUX,KETTLE 2400W 1.7L  STAINLESS STEEL,SDA,LHA,ELECTRIC KETTLE,0-Month,1,260.0,-259.97,99.99,0.03,0.0,0.03
2023-07-11,2311042174,RECA,7233,,INV,JUL,2023,EAC,PIPE-18/24,WHITE WESTINGHOUSE,4 Meter copper pipe for 18K/24K Split AC,HVPAC,ACCESSORIES,PIPE,0-Month,1,0.01,0.0,0.0,0.01,0.01,0.02
2023-07-14,2311042473,RECA,7233,,INV,JUL,2023,EAC,WWR9VS650,WHITE WESTINGHOUSE,Fridge 22.96 Cu Ft/650 Ltr SS Inverter Compressor,HA,REFRIGERATORS,TOP MOUNT,0-Month,1,3738.26,-695.65,18.61,3042.61,456.39,3499.0
2023-07-20,2311043501,RECA,7233,,INV,JUL,2023,EAC,50DYAC40,DORA,"50 Inch, UHD 4K, Android 11, Dolby Audio, 2.1 HDMI",CE,LCD/LED TV,LED TV,0-Month,1,1173.04,-173.91,14.83,999.13,149.87,1149.0
2023-07-26,2311043935,RECA,7233,,INV,JUL,2023,EAC,AH-A12WCS,SHARP,Indoor Split A/C 11600 BTU Cool HI-EER Class D R410A,HVPAC,WALL SPLITS,SAC WALL ROTARY,0-Month,2,1216.96,-826.1,33.94,1607.82,241.17,1848.99
2023-07-31,2311044243,RECA,7233,,INV,JUL,2023,EAC,AH-A18ATS,SHARP,Indoor Split A/C 18000 BTU Cool HI-EER Class D R410A,HVPAC,WALL SPLITS,SAC WALL ROTARY,0-Month,1,1064.78,-21.74,2.04,1043.04,156.45,1199.49
2023-07-31,2311044405,RECA,7233,,INV,JUL,2023,EAC,65DYAC40,DORA,"65 Inch, UHD 4K, Android 11, Dolby Audio, 2.1 HDMI",CE,LCD/LED TV,LED TV,0-Month,1,1825.22,-173.92,9.53,1651.3,247.7,1899.0
2023-08-02,2311048405,REUI,7561,,INV,AUG,2023,EAC,WWRAKS510,WHITE WESTINGHOUSE,"Fridge 17.9 CuFt, 230V 60HZ - R600a, Silver, Recessed Handle",HA,REFRIGERATORS,TOP MOUNT,0-Month,1,2346.96,-347.83,14.82,1999.13,299.87,2299.0
2023-08-02,2311048406,REUI,7561,,INV,AUG,2023,EAC,EC-CAS2121-Z,SHARP,"VAC CLNR DRUM, 21L, 2100W,METAL TUBE - RED",SDA,VACCUM CLEANERS,CANNISTER,0-Month,1,460.0,-69.57,15.12,390.43,58.56,448.99
2023-08-02,2311048403,REUI,7596,,INV,AUG,2023,EAC,WWS36T22PI,WHITE WESTINGHOUSE,Indoor Split A/C 30600 BTU Cool,HVPAC,WALL SPLITS,SAC WALL ROTARY,0-Month,1,2760.43,-978.26,35.44,1782.17,267.33,2049.5
2023-08-03,2321018175,RECA,7233,,INV,AUG,2023,TPC,TBA-24BMG4G089KS-SA,TOSHIBA,"Gas Cooker 60x60, 4 burner, Auto Ignition & Oven Light - SS",HA,COOKING RANGE,GAS COOKER,0-Month,1,1129.57,0.0,0.0,1129.57,169.44,1299.01
2023-08-03,2311048503,RECA,7233,,INV,AUG,2023,EAC,WWS30T22PI,WHITE WESTINGHOUSE,Indoor Split A/C 27800 BTU Cool,HVPAC,WALL SPLITS,SAC WALL ROTARY,0-Month,1,2260.43,-739.13,32.7,1521.3,228.2,1749.5
2023-08-06,2311048649,REUI,7287,,INV,AUG,2023,EAC,MQ9E3AH/A,APPLE MACINTOSH,iPhone 14 Pro Max 256GB Deep Purple,TELECOM,MOBILES,SMART PHONES,0-Month,1,5042.61,0.0,0.0,5042.61,756.4,5799.01
2023-08-05,2311048579,RECA,7233,,INV,AUG,2023,EAC,WWUF21KS,WHITE WESTINGHOUSE,21 Cu Ft. SS Upright Freezer Inverter Compressor R600a,HA,FREEZERS,UPRIGHT FREEZER,0-Month,1,3216.52,-173.91,5.41,3042.61,456.39,3499.0
2023-08-06,2311048891,REUI,1879,,INV,AUG,2023,EAC,WWS18G22I,WHITE WESTINGHOUSE,Indoor Split A/C 17800 BTU Cool,HVPAC,WALL SPLITS,SAC WALL ROTARY,0-Month,2,1130.0,-205.44,9.09,2054.56,308.18,2362.74
2023-08-17,2311050835,REEM,3064,,INV,AUG,2023,EAC,XB-QAU-00009,MS-XB,Xbox Wireless Controller Shock Blue,TELECOM,ENTERTAINMENT,GAMING,0-Month,1,225.0,0.0,0.0,225.0,33.75,258.75
2023-08-25,2321020004,REUI,7596,,INV,AUG,2023,TPC,TBA-24BMG4G089KS-SA,TOSHIBA,"Gas Cooker 60x60, 4 burner, Auto Ignition & Oven Light - SS",HA,COOKING RANGE,GAS COOKER,0-Month,1,1129.57,0.0,0.0,1129.57,169.44,1299.01
2023-08-28,2311052650,RECA,7233,,INV,AUG,2023,EAC,4T-C60DK1X,SHARP,"60 Inch, 4K Smart TV, Android 11, HDR, Dolby Audio,  HDMI 2.1 , Made In Japan Panel",CE,LCD/LED TV,LED TV,0-Month,1,2607.83,-869.57,33.34,1738.26,260.74,1999.0
2023-09-04,2321021591,RECA,7233,,INV,SEP,2023,TPC,TWD-BJ110M4BB(SK),TOSHIBA,"FL Washer 10/7kg Combo, Inverter, Digital - Silver",HA,LAUNDRY A,WASHER DRYER COMBO,0-Month,1,2955.65,-86.95,2.94,2868.7,430.3,3299.0
2023-09-04,2321021592,RECA,7233,,INV,SEP,2023,TPC,LF131BBSIT,LG,Freezer 1D 11.4 Cu. Ft / Multi Air Flow / Express Cool,HA,FREEZERS,UPRIGHT FREEZER,0-Month,1,3303.0,0.0,0.0,3303.0,495.45,3798.45
2023-09-08,2311059799,REUI,7596,,INV,SEP,2023,EAC,WWS30T22PI,WHITE WESTINGHOUSE,Indoor Split A/C 27800 BTU Cool,HVPAC,WALL SPLITS,SAC WALL ROTARY,0-Month,1,2260.43,-739.13,32.7,1521.3,228.2,1749.5
2023-09-10,2311059912,RECA,7233,,INV,SEP,2023,EAC,PIPE V-30/36,WHITE WESTINGHOUSE,5 Meter copper pipe for 30K/36K Split AC,HVPAC,ACCESSORIES,PIPE,0-Month,2,0.01,0.0,0.0,0.02,0.01,0.03
2023-09-10,2311059940,RECA,7233,,INV,SEP,2023,EAC,PIPE V-30/36,WHITE WESTINGHOUSE,5 Meter copper pipe for 30K/36K Split AC,HVPAC,ACCESSORIES,PIPE,0-Month,2,0.01,0.0,0.0,0.02,0.01,0.03
2023-09-21,2311063312,RECA,7233,,INV,SEP,2023,EAC,E7CM1-50GB,ELECTROLUX,"Coffee Maker, Black with Aroma - Explore 7",SDA,LHA,COFFEE MAKER,0-Month,1,433.91,-433.9,100.0,0.01,0.0,0.01
2023-09-21,2311063247,RECA,4207,,INV,SEP,2023,EAC,WWS18K23I,WHITE WESTINGHOUSE,Indoor split  A/C 18400 BTU Cool - WiFi,HVPAC,WALL SPLITS,SAC WALL ROTARY,0-Month,8,999.57,-726.96,9.09,7269.6,1090.44,8360.04
2023-09-21,2311063277,RECA,4207,,INV,SEP,2023,EAC,WWS36T22PI,WHITE WESTINGHOUSE,Indoor Split A/C 30600 BTU Cool,HVPAC,WALL SPLITS,SAC WALL ROTARY,0-Month,1,2760.43,-1067.38,38.67,1693.05,253.96,1947.01
2023-09-20,2321023125,RECA,7233,,INV,SEP,2023,TPC,TBA-36LMG5G089KS-SA,TOSHIBA,"Gas Cooker 90x60, 5 burner with Rotisserie & Convection - SS",HA,COOKING RANGE,GAS COOKER,0-Month,1,1999.13,-86.96,4.35,1912.17,286.82,2198.99
2023-09-23,2311063433,RECA,7233,,INV,SEP,2023,EAC,AU-A12WCS,SHARP,Outdoor Split A/C 11600 BTU Cool HI-EER Class D R410A,HVPAC,WALL SPLITS,SAC WALL ROTARY,0-Month,1,890.87,-86.96,9.76,803.91,120.59,924.5
2023-09-22,2321023224,RECA,7233,,INV,SEP,2023,TPC,GR-AG720ATE(GG),TOSHIBA,"FRIDGE 19.60 CFT (554L),INVERTER, 230V,50/60HZ-GLASS DOOR",HA,REFRIGERATORS,TOP MOUNT,0-Month,1,3477.39,-434.78,12.5,3042.61,456.39,3499.0
2023-09-25,2311063681,REUI,7596,,INV,SEP,2023,EAC,FS-809,LOCAL,"Wall Mount Bracket 32""-70"" LCD/LED TV",CE,OTHERS,OTHERS,0-Month,1,33.92,0.0,0.0,33.92,5.09,39.01
2023-09-25,2311063661,RECA,7233,,INV,SEP,2023,EAC,EWF1141AESA,ELECTROLUX,11KG UltimateCare FL Washer with Vapour Care Technology,HA,LAUNDRY A,FA FRONT LOADING,0-Month,1,3651.3,-1500.0,41.08,2151.3,322.7,2474.0
2023-09-25,2311063662,RECA,7233,,INV,SEP,2023,EAC,EK-EER73DB,ELECTROLUX,FLOOR STICK RECHARGEABLE 14.4V,SDA,VACCUM CLEANERS,CANNISTER,0-Month,1,668.7,-668.63,99.99,0.07,0.01,0.08
2023-09-26,2321023446,RECA,7233,,INV,SEP,2023,TPC,VC-DR200ABF(B),TOSHIBA,"VAC CLNR DRUM, 21L, 2000W,S Steel Tube - Blck/Aqua",SDA,VACCUM CLEANERS,DRUM,0-Month,1,477.39,-86.96,18.22,390.43,58.56,448.99
2023-09-26,2321023861,RECA,7233,,INV,SEP,2023,TPC,GR-RT624WE-PMU(37),TOSHIBA,"Fridge 16.40 Cft (463L), Inverter - Satin Grey",HA,REFRIGERATORS,TOP MOUNT,0-Month,1,2607.83,-173.92,6.67,2433.91,365.09,2799.0
2023-09-27,2311064604,RECA,7233,,INV,SEP,2023,EAC,R-77AS(ST),SHARP,"34L GRILL MICROWAVE, STEEL, 220V/60HZ - Stainless Steel",SDA,MICROWAVE,BASIC,0-Month,1,564.35,0.0,0.0,564.35,84.66,649.01
2023-09-30,2311065923,RECA,4207,,INV,SEP,2023,EAC,PIPE V-30/36,WHITE WESTINGHOUSE,5 Meter copper pipe for 30K/36K Split AC,HVPAC,ACCESSORIES,PIPE,0-Month,1,0.01,0.0,0.0,0.01,0.01,0.02
2023-10-02,2311066201,REEM,3064,,INV,OCT,2023,EAC,WWUF21KS,WHITE WESTINGHOUSE,21 Cu Ft. SS Upright Freezer Inverter Compressor R600a,HA,FREEZERS,UPRIGHT FREEZER,0-Month,1,3216.52,-173.91,5.41,3042.61,456.39,3499.0
2023-10-02,2311066172,RECA,7233,,INV,OCT,2023,EAC,AF-A24ATS,SHARP,Window A/C 20000 BTU Cool HI-EER Class F R410A,HVPAC,WAC,WAC ROTARY,0-Month,1,2173.04,0.0,0.0,2173.04,325.96,2499.0
2023-10-06,2311070064,REUI,7561,,INV,OCT,2023,EAC,WWS18K23I,WHITE WESTINGHOUSE,Indoor split  A/C 18400 BTU Cool - WiFi,HVPAC,WALL SPLITS,SAC WALL ROTARY,0-Month,1,999.57,-43.48,4.35,956.09,143.41,1099.5
2023-10-08,2321025581,RECA,7233,,INV,OCT,2023,TPC,DFB415FP,LG,14 Place Setting / NFC / 9 Wash Cycles / 7 Options,HA,DISH WASHER,FREE STANDING,0-Month,1,4521.0,-2174.0,48.09,2347.0,352.05,2699.05
2023-10-15,2321026289,RECA,4207,,INV,OCT,2023,TPC,DW-15F3ME(BS),TOSHIBA,Dish Washer FS 15 Place Settings 8 Prog,HA,DISH WASHER,FREE STANDING,0-Month,1,2260.0,-226.09,10.0,2033.91,305.08,2338.99
2023-10-24,2311072477,RECA,7233,,INV,OCT,2023,EAC,E7EK1-60BP,ELECTROLUX,"Stainless Steel Kettle, Matt Black, 1.7L",SDA,LHA,ELECTRIC KETTLE,0-Month,1,433.91,-223.95,51.61,209.96,31.49,241.45
2023-07-06,2311041701,RECA,7233,,INV,JUL,2023,EAC,65DYW50,DORA,"65"" 4K HDR, LG WEBOS SMART TV, 2.1 HDMI, MAGIC REMOTE",CE,LCD/LED TV,LED,0-Month,1,2086.09,-521.74,25.01,1564.35,234.65,1799.0
2023-07-08,2311041880,RECA,7233,,INV,JUL,2023,EAC,WWR9VS650,WHITE WESTINGHOUSE,Fridge 22.96 Cu Ft/650 Ltr SS Inverter Compressor,HA,REFRIGERATORS,TOP MOUNT,0-Month,1,3738.26,-695.65,18.61,3042.61,456.39,3499.0
2023-07-10,2311041967,RECA,7233,,INV,JUL,2023,EAC,DWD77TDP,DORA,"Top and Bottom Loading Water Dispenser, black with SS",SDA,WATER DISPENSER,FREE STANDING,0-Month,1,1042.61,-365.22,35.03,677.39,101.61,779.0
2023-07-10,2311041995,RECA,7233,,INV,JUL,2023,EAC,WWA25G22R,WHITE WESTINGHOUSE,Window A/C 21800 BTU Cool,HVPAC,WAC,WAC ROTARY,0-Month,1,1738.26,0.0,0.0,1738.26,260.74,1999.0
2023-07-16,2311042867,RECA,7233,,INV,JUL,2023,EAC,WWS30G22I,WHITE WESTINGHOUSE,Indoor Split A/C 27400 BTU Cool,HVPAC,WALL SPLITS,SAC WALL ROTARY,0-Month,1,1803.91,0.0,0.0,1803.91,270.59,2074.5
2023-07-17,2321016786,RECA,4207,,INV,JUL,2023,TPC,AW-UK1100HUPBB(SG),TOSHIBA,"TL Washer 10kg, UFB Wash, 220-230V, 60HZ - Silver",HA,LAUNDRY A,FA TOP LOADING,0-Month,1,1912.17,-504.26,26.37,1407.91,211.19,1619.1
2023-07-18,2311043123,RECA,7233,,INV,JUL,2023,EAC,DWD77TDP,DORA,"Top and Bottom Loading Water Dispenser, black with SS",SDA,WATER DISPENSER,FREE STANDING,0-Month,1,1042.61,-365.22,35.03,677.39,101.61,779.0
2023-07-20,2321017105,REUI,7287,,INV,JUL,2023,TPC,GR-RS780WI-PGU(22),TOSHIBA,"SBS 19.4 Cf-549L,Inverter,PBIO,Max Humid,Alloy Cool-Bk Glass",HA,REFRIGERATORS,SIDE BY SIDE,0-Month,1,3912.17,0.0,0.0,3912.17,586.83,4499.0
2023-07-20,2311043488,REEM,3027,,INV,JUL,2023,EAC,SJ-HM540-HS,SHARP,"Fridge Top Mount, 14.84 CFT (420L), Inverter, 60Hz - Inox",HA,REFRIGERATORS,TOP MOUNT,0-Month,1,2260.0,0.0,0.0,2260.0,339.0,2599.0
2023-07-20,2311043502,RECA,7233,,INV,JUL,2023,EAC,DS18T23WC,DORA,Outdoor Split A/C 18000 BTU Cool WiFi HI-EER Class D R410A.,HVPAC,WALL SPLITS,SAC WALL ROTARY,0-Month,1,977.83,-65.22,6.67,912.61,136.89,1049.5
2023-07-24,2311043766,REEM,3029,,INV,JUL,2023,EAC,AH-A18ATS,SHARP,Indoor Split A/C 18000 BTU Cool HI-EER Class D R410A,HVPAC,WALL SPLITS,SAC WALL ROTARY,0-Month,3,1064.78,-65.19,2.04,3129.15,469.38,3598.53
2023-07-24,2311043776,RECA,7233,,INV,JUL,2023,EAC,AH-A18ATS,SHARP,Indoor Split A/C 18000 BTU Cool HI-EER Class D R410A,HVPAC,WALL SPLITS,SAC WALL ROTARY,0-Month,1,1064.78,-21.74,2.04,1043.04,156.45,1199.49
2023-07-27,2311043981,RECA,7233,,INV,JUL,2023,EAC,WWS36G22C,WHITE WESTINGHOUSE,Outdoor Split A/C 32200 BTU Cool,HVPAC,WALL SPLITS,SAC WALL ROTARY,0-Month,1,2173.48,0.0,0.0,2173.48,326.03,2499.51
2023-08-01,2311045458,RECA,7233,,INV,AUG,2023,EAC,65SUE9500,SKYWORTH,"SKYWORTH  65"" QLED Google TV UHD 4K HDR SMART TV",CE,LCD/LED TV,LED TV,0-Month,1,2086.0,0.0,0.0,2086.0,312.9,2398.9
2023-08-01,2311045461,RECA,7233,,INV,AUG,2023,EAC,WWUF21KS,WHITE WESTINGHOUSE,21 Cu Ft. SS Upright Freezer Inverter Compressor R600a,HA,FREEZERS,UPRIGHT FREEZER,0-Month,1,3216.52,-173.91,5.41,3042.61,456.39,3499.0
2023-08-03,2311048408,RECA,7233,,INV,AUG,2023,EAC,WWS36G22C,WHITE WESTINGHOUSE,Outdoor Split A/C 32200 BTU Cool,HVPAC,WALL SPLITS,SAC WALL ROTARY,0-Month,1,2173.48,-1086.74,50.0,1086.74,163.01,1249.75
2023-08-03,2311048451,RECA,7233,,INV,AUG,2023,EAC,HS24CPO23,HISENSE,Outdoor Split A/C 23000 BTU Cool - WiFi,HVPAC,WALL SPLITS,SAC WALL ROTARY,0-Month,4,1325.65,-1158.24,21.84,4144.36,621.65,4766.01
2023-08-06,2311048642,REUI,7286,,INV,AUG,2023,EAC,MQ9E3AH/A,APPLE MACINTOSH,iPhone 14 Pro Max 256GB Deep Purple,TELECOM,MOBILES,SMART PHONES,0-Month,6,5042.61,0.0,0.0,30255.66,4538.35,34794.01
2023-08-08,2318002460,REUI,7286,,CM,AUG,2023,EAC,IPHONE11-128GB-W,APPLE MACINTOSH,iPhone 11 128GB White,TELECOM,MOBILES,SMART PHONES,0-Month,-1,1781.74,0.0,0.0,-1781.74,-267.27,-2049.01
2023-08-10,2321018706,REUI,7287,,INV,AUG,2023,TPC,TBA-36LMG5G089KS-SA,TOSHIBA,"Gas Cooker 90x60, 5 burner with Rotisserie & Convection - SS",HA,COOKING RANGE,GAS COOKER,0-Month,1,1999.13,0.0,0.0,1999.13,299.87,2299.0
2023-08-27,2311052589,REUI,7596,,INV,AUG,2023,EAC,WWS30T22PC,WHITE WESTINGHOUSE,Outdoor Split A/C 27800 BTU Cool,HVPAC,WALL SPLITS,SAC WALL ROTARY,0-Month,1,2260.43,-739.13,32.7,1521.3,228.2,1749.5
2023-08-27,2321020595,RECA,7233,,INV,AUG,2023,TPC,GR-A820ATE(W),TOSHIBA,"FRIDGE 21.50 CFT (608L), INVERTER, 230V, 50/60HZ - WHITE",HA,REFRIGERATORS,TOP MOUNT,0-Month,1,4086.09,-869.57,21.28,3216.52,482.48,3699.0
2023-08-28,2311052649,RECA,4207,,INV,AUG,2023,EAC,PIPE V-12/18,WHITE WESTINGHOUSE,4 Meter copper pipe for 12K/18K Split AC,HVPAC,ACCESSORIES,PIPE,0-Month,2,0.01,0.0,0.0,0.02,0.01,0.03
2023-08-28,2321020673,RECA,7233,,INV,AUG,2023,TPC,TW-BK80S2BB(WK),TOSHIBA,"FL Washer 7 kg, 1200 RPM, Real Inverter, 50/60HZ, Thailand",HA,LAUNDRY A,FA FRONT LOADING,0-Month,1,1651.3,-86.95,5.27,1564.35,234.65,1799.0
2023-08-28,2311052798,RECA,7233,,INV,AUG,2023,EAC,DA20K23R,DORA,Window A/C 18000 BTU Cool Hi-EER Class F R410A,HVPAC,WAC,WAC ROTARY,0-Month,1,1260.0,-43.48,3.45,1216.52,182.47,1398.99
2023-09-02,2321021488,RECA,7233,,INV,SEP,2023,TPC,VH-K110WBB(WW),TOSHIBA,"TWIN TUB WASHER 10.0 KG, 220-230V 60HZ",HA,LAUNDRY TT,TWIN-TUB,0-Month,1,1042.61,0.0,0.0,1042.61,156.4,1199.01
2023-09-05,2311054626,REUI,7596,,INV,SEP,2023,EAC,FS-809,LOCAL,"Wall Mount Bracket 32""-70"" LCD/LED TV",CE,OTHERS,OTHERS,0-Month,1,33.92,-33.92,100.0,0.0,0.0,0.0
2023-09-06,2311059565,REUI,7561,,INV,SEP,2023,EAC,WWS18K23I,WHITE WESTINGHOUSE,Indoor split  A/C 18400 BTU Cool - WiFi,HVPAC,WALL SPLITS,SAC WALL ROTARY,0-Month,3,999.57,-130.44,4.35,2868.27,430.24,3298.51
2023-09-07,2321021780,REEM,3064,,INV,SEP,2023,TPC,AW-UK1100HUPBB(SG),TOSHIBA,"TL Washer 10kg, UFB Wash, 220-230V, 60HZ - Silver",HA,LAUNDRY A,FA TOP LOADING,0-Month,1,1738.26,-173.91,10.0,1564.35,234.65,1799.0
2023-09-19,2311062966,REUI,7561,,INV,SEP,2023,EAC,FS-809,LOCAL,"Wall Mount Bracket 32""-70"" LCD/LED TV",CE,OTHERS,OTHERS,0-Month,1,33.92,-33.91,99.97,0.01,0.0,0.01
2023-09-18,2321022962,RECA,4207,,INV,SEP,2023,TPC,GR-RS780WI-PGU(22),TOSHIBA,"SBS 19.4 Cf-549L,Inverter,PBIO,Max Humid,Alloy Cool-Bk Glass",HA,REFRIGERATORS,SIDE BY SIDE,0-Month,1,3738.26,-373.86,10.0,3364.4,504.66,3869.06
2023-09-20,2311063161,RECA,7233,,INV,SEP,2023,EAC,32STD4000,SKYWORTH,"Skyworth 32"" Smart LED TV",CE,LCD/LED TV,LED TV,0-Month,4,433.91,0.0,0.0,1735.64,260.35,1995.99
2023-09-20,2311063167,RECA,7233,,INV,SEP,2023,EAC,AH-A12WCS,SHARP,Indoor Split A/C 11600 BTU Cool HI-EER Class D R410A,HVPAC,WALL SPLITS,SAC WALL ROTARY,0-Month,1,890.87,-86.96,9.76,803.91,120.59,924.5
2023-09-24,2321023264,RECA,7233,,INV,SEP,2023,TPC,LT22HBHSIN,LG,Ref 2D 20.9 Cu. Ft / Bar Handle / Smart Inverter Compressor,HA,REFRIGERATORS,TOP MOUNT,0-Month,1,4086.0,0.0,0.0,4086.0,612.9,4698.9
2023-09-24,2311063461,RECA,7233,,INV,SEP,2023,EAC,E7CM1-50GB,ELECTROLUX,"Coffee Maker, Black with Aroma - Explore 7",SDA,LHA,COFFEE MAKER,0-Month,1,433.91,-433.9,100.0,0.01,0.0,0.01
2023-09-25,2311063674,RECA,4207,,INV,SEP,2023,EAC,WWA20K22R,WHITE WESTINGHOUSE,Window A/C 18000 BTU Cool,HVPAC,WAC,WAC ROTARY,0-Month,4,1346.96,-434.64,8.07,4953.2,742.98,5696.18
2023-09-27,2311064526,RECA,7233,,INV,SEP,2023,EAC,E7CM1-50GB,ELECTROLUX,"Coffee Maker, Black with Aroma - Explore 7",SDA,LHA,COFFEE MAKER,0-Month,1,433.91,-433.87,99.99,0.04,0.0,0.04
2023-09-27,2311064773,RECA,7233,,INV,SEP,2023,EAC,75SUE9500,SKYWORTH,"Skyworth 75"" QLED TV 4K UHD Smart (Google TV)",CE,LCD/LED TV,LED TV,0-Month,1,2868.7,0.0,0.0,2868.7,430.31,3299.01
2023-09-27,2311064747,RECA,7233,,INV,SEP,2023,EAC,DS24T23WI,DORA,Indoor Split A/C 22000 BTU Cool WiFi HI-EER Class D R410A,HVPAC,WALL SPLITS,SAC WALL ROTARY,0-Month,1,1216.96,-86.96,7.15,1130.0,169.5,1299.5
2023-09-27,2321024067,REUI,7561,,INV,SEP,2023,TPC,TWD-BK90S2(SK),TOSHIBA,"FL Washer 8/5kg Combo, Inverter, Digital - Silver",HA,LAUNDRY A,WASHER DRYER COMBO,0-Month,1,2260.0,-173.91,7.7,2086.09,312.91,2399.0
2023-09-28,2311065264,RECA,4207,,INV,SEP,2023,EAC,HS24CPVI23,HISENSE,Indoor Split A/C 24000 BTU Cool - Inverter - WiFi,HVPAC,WALL SPLITS,SAC WALL ROTARY,0-Month,1,1543.04,-345.65,22.4,1197.39,179.61,1377.0
2023-09-30,2321024658,RECA,7233,,INV,SEP,2023,TPC,VH-K130WBB,TOSHIBA,"TWIN TUB WASHER 12.0 KG, 220-230V 60HZ",HA,LAUNDRY TT,TWIN-TUB,0-Month,1,1390.43,-173.91,12.51,1216.52,182.48,1399.0
2023-09-30,2311065955,RECA,7233,,INV,SEP,2023,EAC,EK-EER73DB,ELECTROLUX,FLOOR STICK RECHARGEABLE 14.4V,SDA,VACCUM CLEANERS,CANNISTER,0-Month,1,668.7,-668.69,100.0,0.01,0.0,0.01
2023-10-02,2311066265,RECA,7233,,INV,OCT,2023,EAC,WWS30K23C,WHITE WESTINGHOUSE,Outdoor split  A/C 27000 BTU Cool - WiFi,HVPAC,WALL SPLITS,SAC WALL ROTARY,0-Month,1,1738.7,-43.48,2.5,1695.22,254.28,1949.5
2023-10-04,2321025234,REUI,7561,,INV,OCT,2023,TPC,MW-MM20PB(BK)-P,TOSHIBA,"20L MICROWAVE, 220V, 60HZ - Black",SDA,MICROWAVE,BASIC,0-Month,1,286.09,0.0,0.0,286.09,42.92,329.01
2023-10-06,2311070063,RECA,7233,,INV,OCT,2023,EAC,WWS18K23I,WHITE WESTINGHOUSE,Indoor split  A/C 18400 BTU Cool - WiFi,HVPAC,WALL SPLITS,SAC WALL ROTARY,0-Month,1,999.57,-43.48,4.35,956.09,143.41,1099.5
2023-10-07,2311070080,RECA,7233,,INV,OCT,2023,EAC,E6AF1-720S,ELECTROLUX,"Air Fryer, Stainless Steel with Touch - Explore 6",SDA,LHA,DEEP FRYER,0-Month,1,477.39,-220.68,46.23,256.71,38.5,295.21
2023-10-08,2311070258,RECA,4207,,INV,OCT,2023,EAC,DWD77TDP,DORA,"Top and Bottom Loading Water Dispenser, black with SS",SDA,WATER DISPENSER,FREE STANDING,0-Month,1,1042.61,-432.18,41.45,610.43,91.57,702.0
2023-10-08,2311070253,RECA,7233,,INV,OCT,2023,EAC,SJ-K135X-SL,SHARP,"90L / 3.2 Cu ft, Single Door Refrigerator, R600a, 60Hz, Silver color",HA,REFRIGERATORS,MINI BAR,0-Month,1,781.74,-86.96,11.12,694.78,104.22,799.0
2023-10-15,2311071236,RECA,7233,,INV,OCT,2023,EAC,WWS36T22PC,WHITE WESTINGHOUSE,Outdoor Split A/C 30600 BTU Cool,HVPAC,WALL SPLITS,SAC WALL ROTARY,0-Month,1,2760.43,-978.26,35.44,1782.17,267.33,2049.5
2023-10-17,2311071548,RECA,7233,,INV,OCT,2023,EAC,PIPE-30,WHITE WESTINGHOUSE,5 Meter copper pipe for 30K Split AC,HVPAC,ACCESSORIES,PIPE,0-Month,1,0.01,0.0,0.0,0.01,0.01,0.02
2023-10-29,2311073095,RECA,7233,,INV,OCT,2023,EAC,WWS24K23C,WHITE WESTINGHOUSE,Outdoor split  A/C 23000 BTU Cool - WiFi,HVPAC,WALL SPLITS,SAC WALL ROTARY,0-Month,1,1260.43,-43.47,3.45,1216.96,182.54,1399.5
2023-10-30,2311073229,RECA,7233,,INV,OCT,2023,EAC,E6AF1-720S,ELECTROLUX,"Air Fryer, Stainless Steel with Touch - Explore 6",SDA,LHA,DEEP FRYER,0-Month,1,477.39,-220.68,46.23,256.71,38.5,295.21
2023-10-31,2311073677,RECA,7233,,INV,OCT,2023,EAC,WWS30G22C,WHITE WESTINGHOUSE,Outdoor Split A/C 27400 BTU Cool,HVPAC,WALL SPLITS,SAC WALL ROTARY,0-Month,1,1803.91,0.0,0.0,1803.91,270.59,2074.5
2023-07-03,2311038622,REEM,3029,,INV,JUL,2023,EAC,FREE-LAPTOP-BUNDLE,Unspecified,"Port Design 15.6"" LB BLACK/Logitech WL Mouse M170 Grey",OTHERS,OTHERS,OTHERS,0-Month,1,138.26,-137.27,99.28,0.99,0.14,1.13
2023-07-05,2321016052,RECA,7233,,INV,JUL,2023,TPC,TD-K90MEBB(WK),TOSHIBA,"Dryer, 8kg, Inverter, Condensing, 60hz - White",HA,LAUNDRY,DRYER,0-Month,1,2173.04,-521.74,24.01,1651.3,247.69,1898.99
2023-07-11,2311042191,REUI,7561,,INV,JUL,2023,EAC,WWS36T22PC,WHITE WESTINGHOUSE,Outdoor Split A/C 30600 BTU Cool,HVPAC,WALL SPLITS,SAC WALL ROTARY,0-Month,1,2760.43,-978.26,35.44,1782.17,267.33,2049.5
2023-07-13,2311042362,RECA,7233,,INV,JUL,2023,EAC,WWS24G23WC,WHITE WESTINGHOUSE,Outdoor Split A/C 22100 BTU Cool WiFi,HVPAC,WALL SPLITS,SAC WALL ROTARY,0-Month,1,1303.91,0.0,0.0,1303.91,195.59,1499.5
2023-07-15,2321016449,RECA,7233,,INV,JUL,2023,TPC,VH-K130WBB,TOSHIBA,"TWIN TUB WASHER 12.0 KG, 220-230V 60HZ",HA,LAUNDRY TT,TWIN-TUB,0-Month,1,1651.3,-434.78,26.33,1216.52,182.48,1399.0
2023-07-17,2311043019,RECA,4207,,INV,JUL,2023,EAC,DWD76TDS,DORA,"Top and Bottom Loading Water Dispenser, black with SS DWD76TDS",SDA,WATER DISPENSER,FREE STANDING,0-Month,1,1042.61,-433.04,41.53,609.57,91.44,701.01
2023-07-22,2321017126,RECA,7233,,INV,JUL,2023,TPC,LF131BBSIT,LG,Freezer 1D 11.4 Cu. Ft / Multi Air Flow / Express Cool,HA,FREEZERS,UPRIGHT FREEZER,0-Month,1,3390.0,0.0,0.0,3390.0,508.5,3898.5
2023-07-31,2311044607,REEM,3064,,INV,JUL,2023,EAC,WWS36T22PC,WHITE WESTINGHOUSE,Outdoor Split A/C 30600 BTU Cool,HVPAC,WALL SPLITS,SAC WALL ROTARY,0-Month,1,2760.43,-978.26,35.44,1782.17,267.33,2049.5
2023-08-02,2311048300,RECA,4207,,INV,AUG,2023,EAC,DS24T23WC,DORA,Outdoor Split A/C 22000 BTU Cool WiFi HI-EER Class D R410A,HVPAC,WALL SPLITS,SAC WALL ROTARY,0-Month,3,1216.96,-429.15,11.75,3221.73,483.26,3704.99
2023-08-02,2311045630,RECA,4207,,INV,AUG,2023,EAC,DS24T23WI,DORA,Indoor Split A/C 22000 BTU Cool WiFi HI-EER Class D R410A,HVPAC,WALL SPLITS,SAC WALL ROTARY,0-Month,3,1216.96,-429.15,11.75,3221.73,483.26,3704.99
2023-08-07,2311048770,REEM,4250,,INV,AUG,2023,EAC,PIPE V-12/18,WHITE WESTINGHOUSE,4 Meter copper pipe for 12K/18K Split AC,HVPAC,ACCESSORIES,PIPE,0-Month,1,0.01,0.0,0.0,0.01,0.01,0.02
2023-08-16,2321019503,REUI,7561,,INV,AUG,2023,TPC,TWD-BK90S2(SK),TOSHIBA,"FL Washer 8/5kg Combo, Inverter, Digital - Silver",HA,LAUNDRY A,WASHER DRYER COMBO,0-Month,1,2260.0,-173.91,7.7,2086.09,312.91,2399.0
2023-08-17,2311050848,RECA,4207,,INV,AUG,2023,EAC,WWS30T22PI,WHITE WESTINGHOUSE,Indoor Split A/C 27800 BTU Cool,HVPAC,WALL SPLITS,SAC WALL ROTARY,0-Month,1,2260.43,-814.78,36.05,1445.65,216.85,1662.5
2023-08-23,2321019928,REUI,7287,,INV,AUG,2023,TPC,TW-BK110G4BB(SK),TOSHIBA,"FL Washer 10kg,1400 RPM,Orgn Inverter,Digital Display-Silver",HA,LAUNDRY A,FA FRONT LOADING,0-Month,1,2173.04,0.0,0.0,2173.04,325.96,2499.0
2023-08-23,2311051577,RECA,7233,,INV,AUG,2023,EAC,WWS30G22C,WHITE WESTINGHOUSE,Outdoor Split A/C 27400 BTU Cool,HVPAC,WALL SPLITS,SAC WALL ROTARY,0-Month,1,1803.91,0.0,0.0,1803.91,270.59,2074.5
2023-08-28,2311052843,RECA,7233,,INV,AUG,2023,EAC,ES-FS812DLZSA-S,SHARP,"FL Washer 8kg,1200RPM,8+Prg,Rapid Wash,Chrome Door-S Steel",HA,LAUNDRY A,FA FRONT LOADING,0-Month,1,1477.39,-173.91,11.77,1303.48,195.52,1499.0
2023-09-10,2311059912,RECA,7233,,INV,SEP,2023,EAC,HS24CPVI23,HISENSE,Indoor Split A/C 24000 BTU Cool - Inverter - WiFi,HVPAC,WALL SPLITS,SAC WALL ROTARY,0-Month,2,1543.04,-60.86,1.97,3025.22,453.79,3479.01
2023-09-21,2311063378,REUI,7596,,INV,SEP,2023,EAC,WWS18K23C,WHITE WESTINGHOUSE,Outdoor split  A/C 18400 BTU Cool - WiFi,HVPAC,WALL SPLITS,SAC WALL ROTARY,0-Month,2,999.57,-86.96,4.35,1912.18,286.83,2199.01
2023-09-24,2311063457,RECA,7233,,INV,SEP,2023,EAC,QW-MB612K-WH3,SHARP,"Dish Washer, 12 Place Setting, 6 Programs - White",HA,DISH WASHER,FREE STANDING,0-Month,1,1129.57,-217.4,19.25,912.17,136.83,1049.0
2023-09-25,2311063676,REUI,7596,,INV,SEP,2023,EAC,FS-809,LOCAL,"Wall Mount Bracket 32""-70"" LCD/LED TV",CE,OTHERS,OTHERS,0-Month,1,33.92,-33.91,99.97,0.01,0.0,0.01
2023-09-25,2311063728,RECA,7233,,INV,SEP,2023,EAC,4T-C60DK1X,SHARP,"60 Inch, 4K Smart TV, Android 11, HDR, Dolby Audio,  HDMI 2.1 , Made In Japan Panel",CE,LCD/LED TV,LED TV,0-Month,1,2607.83,-869.57,33.34,1738.26,260.74,1999.0
2023-09-28,2311065034,REUI,7596,,INV,SEP,2023,EAC,ES-FE912DLZSA-S,SHARP,"FL Washer 9kg,1200RPM, 8+Prg, Rapid Wash - S Steel",HA,LAUNDRY A,FA FRONT LOADING,0-Month,1,1738.26,0.0,0.0,1738.26,260.74,1999.0
2023-09-30,2311066008,RECA,4207,,INV,SEP,2023,EAC,4T-C75EK2NX,SHARP,"75 Inch, 4K, Android 11, HDR, Dolby Vision, Dolby Atmos, HDMI 2.1, Made In Japan Panel",CE,LCD/LED TV,LED TV,0-Month,1,5216.52,-2491.26,47.76,2725.26,408.79,3134.05
2023-10-03,2311066522,REUI,7596,,INV,OCT,2023,EAC,PIPE V-30/36,WHITE WESTINGHOUSE,5 Meter copper pipe for 30K/36K Split AC,HVPAC,ACCESSORIES,PIPE,0-Month,1,0.01,0.0,0.0,0.01,0.01,0.02
2023-10-07,2311070099,REUI,7596,,INV,OCT,2023,EAC,EM-FP41-W3,SHARP,"Food Processor/ H Blender 400W, 1250ml - Stainless Steel",SDA,LHA,FOOD PROCESSOR,0-Month,1,225.22,0.0,0.0,225.22,33.79,259.01
2023-10-08,2321025580,RECA,7233,,INV,OCT,2023,TPC,WS1308XMT,LG,"WM FL Combo (13/7kg) with AI DD™ ,White color,ThinQ™ (Wi-Fi)",HA,LAUNDRY A,WASHER DRYER COMBO,0-Month,1,7303.0,-3217.0,44.05,4086.0,612.9,4698.9
2023-10-15,2321026289,RECA,4207,,INV,OCT,2023,TPC,TWD-BJ110M4BB(SK),TOSHIBA,"FL Washer 10/7kg Combo, Inverter, Digital - Silver",HA,LAUNDRY A,WASHER DRYER COMBO,0-Month,1,2955.65,-381.74,12.92,2573.91,386.08,2959.99
2023-10-07,2318003441,RECA,7233,,CM,OCT,2023,EAC,WWS24G23WC,WHITE WESTINGHOUSE,Outdoor Split A/C 22100 BTU Cool WiFi,HVPAC,WALL SPLITS,SAC WALL ROTARY,0-Month,-1,1303.91,0.0,0.0,-1303.91,-195.59,-1499.5
2023-10-31,2311073484,REUI,7596,,INV,OCT,2023,EAC,WWS18K23C,WHITE WESTINGHOUSE,Outdoor split  A/C 18400 BTU Cool - WiFi,HVPAC,WALL SPLITS,SAC WALL ROTARY,0-Month,2,999.57,-86.96,4.35,1912.18,286.83,2199.01
2023-07-05,2321016023,RECA,7233,,INV,JUL,2023,TPC,RH90V3AV0W,LG,Dryer 9KG DUAL Inverter Dryer / sensor dry / ThinQ (Wi-Fi),HA,LAUNDRY A,DRYER,0-Month,1,2695.0,0.0,0.0,2695.0,404.25,3099.25
2023-07-26,2311043938,REEM,3063,,INV,JUL,2023,EAC,MK2K3AB/A,APPLE MACINTOSH,"iPad 9th Generation 10.2"" Wi-Fi 64GB Space Grey",TELECOM,MOBILES,TABLETS,0-Month,1,1390.0,-115.22,8.29,1274.78,191.21,1465.99
2023-08-03,2311048408,RECA,7233,,INV,AUG,2023,EAC,WWS36G22I,WHITE WESTINGHOUSE,Indoor Split A/C 32200 BTU Cool,HVPAC,WALL SPLITS,SAC WALL ROTARY,0-Month,1,2173.48,-1086.74,50.0,1086.74,163.01,1249.75
2023-08-04,2311048541,REUI,7561,,INV,AUG,2023,EAC,DWD77TDP,DORA,"Top and Bottom Loading Water Dispenser, black with SS",SDA,WATER DISPENSER,FREE STANDING,0-Month,1,1042.61,-365.22,35.03,677.39,101.61,779.0
2023-08-07,2311048789,REUI,7286,,INV,AUG,2023,EAC,MQ9E3AH/A,APPLE MACINTOSH,iPhone 14 Pro Max 256GB Deep Purple,TELECOM,MOBILES,SMART PHONES,0-Month,3,5042.61,0.0,0.0,15127.83,2269.18,17397.01
2023-08-19,2311050947,REUI,7561,,INV,AUG,2023,EAC,FS-809,LOCAL,"Wall Mount Bracket 32""-70"" LCD/LED TV",CE,OTHERS,OTHERS,0-Month,1,33.92,-33.92,100.0,0.0,0.0,0.0
2023-08-17,2311050848,RECA,4207,,INV,AUG,2023,EAC,WWS30T22PC,WHITE WESTINGHOUSE,Outdoor Split A/C 27800 BTU Cool,HVPAC,WALL SPLITS,SAC WALL ROTARY,0-Month,1,2260.43,-814.78,36.05,1445.65,216.85,1662.5
2023-08-23,2311051588,RECA,7233,,INV,AUG,2023,EAC,SJ-K155X-SL,SHARP,"122L / 4.3 Cu ft, Single Door Refrigerator, R600a, 60Hz, Silver color",HA,REFRIGERATORS,MINI BAR,0-Month,1,955.65,-86.95,9.1,868.7,130.3,999.0
2023-09-06,2321021715,REUI,7561,,INV,SEP,2023,TPC,TWD-BJ110M4BB(SK),TOSHIBA,"FL Washer 10/7kg Combo, Inverter, Digital - Silver",HA,LAUNDRY A,WASHER DRYER COMBO,0-Month,1,2955.65,-86.95,2.94,2868.7,430.3,3299.0
2023-09-21,2321023152,REUI,7287,,INV,SEP,2023,TPC,AW-UK1100HUPBB(SG),TOSHIBA,"TL Washer 10kg, UFB Wash, 220-230V, 60HZ - Silver",HA,LAUNDRY A,FA TOP LOADING,0-Month,1,1738.26,-304.3,17.51,1433.96,215.09,1649.05
2023-09-26,2321023447,RECA,7233,,INV,SEP,2023,TPC,AW-UK1100HUPBB(SG),TOSHIBA,"TL Washer 10kg, UFB Wash, 220-230V, 60HZ - Silver",HA,LAUNDRY A,FA TOP LOADING,0-Month,1,1738.26,-330.43,19.01,1407.83,211.17,1619.0
2023-10-16,2311071402,REUI,7596,,INV,OCT,2023,EAC,WWUF17TVS,WHITE WESTINGHOUSE,17 CuFt/481 Ltr SS Commercial Upright Freezer,HA,FREEZERS,UPRIGHT FREEZER,0-Month,1,3042.61,-173.91,5.72,2868.7,430.31,3299.01
2023-10-28,2311072866,REUI,7596,,INV,OCT,2023,EAC,WWA20K22R,WHITE WESTINGHOUSE,Window A/C 18000 BTU Cool,HVPAC,WAC,WAC ROTARY,0-Month,1,1346.96,-43.49,3.23,1303.47,195.52,1498.99
2023-08-14,2311050171,RECA,4207,,INV,AUG,2023,EAC,AU-A12WCS,SHARP,Outdoor Split A/C 11600 BTU Cool HI-EER Class D R410A,HVPAC,WALL SPLITS,SAC WALL ROTARY,0-Month,3,1216.96,-1359.75,37.24,2291.13,343.67,2634.8
2023-08-26,2311051879,RECA,7233,,INV,AUG,2023,EAC,FS-809,LOCAL,"Wall Mount Bracket 32""-70"" LCD/LED TV",CE,OTHERS,OTHERS,0-Month,2,33.92,0.0,0.0,67.84,10.18,78.02
2023-09-20,2321023092,RECA,7233,,INV,SEP,2023,TPC,DFB415FP,LG,14 Place Setting / NFC / 9 Wash Cycles / 7 Options,HA,DISH WASHER,FREE STANDING,0-Month,1,2347.0,0.0,0.0,2347.0,352.05,2699.05
2023-09-21,2311063286,REUI,7287,,INV,SEP,2023,EAC,WWS24K23C,WHITE WESTINGHOUSE,Outdoor split  A/C 23000 BTU Cool - WiFi,HVPAC,WALL SPLITS,SAC WALL ROTARY,0-Month,3,1260.43,-130.44,3.45,3650.85,547.63,4198.48
2023-09-25,2311063725,RECA,7233,,INV,SEP,2023,EAC,WWFR21KS,WHITE WESTINGHOUSE,21 Cu Ft. SS Full Refrigerator Inverter Compressor R600a,HA,REFRIGERATORS,ALL REFRIGERATOR,0-Month,1,3216.52,-173.91,5.41,3042.61,456.39,3499.0
2023-09-28,2321024472,REUI,7561,,INV,SEP,2023,TPC,AW-UK1100HUPBB(SG),TOSHIBA,"TL Washer 10kg, UFB Wash, 220-230V, 60HZ - Silver",HA,LAUNDRY A,FA TOP LOADING,0-Month,1,1738.26,-330.43,19.01,1407.83,211.17,1619.0
2023-10-12,2321026115,REUI,7561,,INV,OCT,2023,TPC,MM-EG34PB(BK),TOSHIBA,"34L GRILL MICROWAVE, DIGITAL, STEEL, 220V, 60HZ - Black",SDA,MICROWAVE,GRILL,0-Month,1,520.87,0.0,0.0,520.87,78.14,599.01
2023-07-03,2311038635,REEM,3032,,INV,JUL,2023,EAC,FREE-LAPTOP-BUNDLE,Unspecified,"Port Design 15.6"" LB BLACK/Logitech WL Mouse M170 Grey",OTHERS,OTHERS,OTHERS,0-Month,1,138.26,-137.27,99.28,0.99,0.14,1.13
2023-07-04,2311041365,RECA,7233,,INV,JUL,2023,EAC,DWD77TDP,DORA,"Top and Bottom Loading Water Dispenser, black with SS",SDA,WATER DISPENSER,FREE STANDING,0-Month,1,1042.61,-365.22,35.03,677.39,101.61,779.0
2023-07-04,2321015967,RECA,7233,,INV,JUL,2023,TPC,RWF-W1615BU(K),TOSHIBA,"Water Cooler,BL,3 taps,50/60HZ,SS Tank,ICED-COLD Technology",SDA,WATER DISPENSER,FREE STANDING,0-Month,1,868.7,-86.96,10.01,781.74,117.26,899.0
2023-07-10,2311041988,REEM,3029,,INV,JUL,2023,EAC,X1603QA-MB283W,ASUS,"ASUS 16""WUXGA/AMDR7-5800/8GB/1TB/SH/W11/TRSLV",IT,NOTEBOOKS,NOTEBOOKS,0-Month,1,2607.83,-608.7,23.34,1999.13,299.87,2299.0
2023-07-10,2311041979,REEM,4252,,INV,JUL,2023,EAC,FREE-LAPTOP-BUNDLE,Unspecified,"Port Design 15.6"" LB BLACK/Logitech WL Mouse M170 Grey",OTHERS,OTHERS,OTHERS,0-Month,2,138.26,-276.5,99.99,0.02,0.0,0.02
2023-07-12,2321016345,REUI,7561,,INV,JUL,2023,TPC,TBA-36LMG5G089KS-SA,TOSHIBA,"Gas Cooker 90x60, 5 burner with Rotisserie & Convection - SS",HA,COOKING RANGE,GAS COOKER,0-Month,1,1999.13,0.0,0.0,1999.13,299.87,2299.0
2023-07-11,2311042115,RECA,7233,,INV,JUL,2023,EAC,DS18T23WI,DORA,Indoor Split A/C 18000 BTU Cool WiFi HI-EER Class D R410A,HVPAC,WALL SPLITS,SAC WALL ROTARY,0-Month,6,977.83,-391.32,6.67,5475.66,821.35,6297.01
2023-07-15,2321016454,REUI,7596,,INV,JUL,2023,TPC,AW-DK1775WUPBB(WK),TOSHIBA,"TL WASHER 15 KG,UFB WASH,SDD INVERTER,60HZ - WHITE/BLACK",HA,LAUNDRY A,FA TOP LOADING,0-Month,1,2433.91,-260.87,10.72,2173.04,325.95,2498.99
2023-07-18,2311043054,RECA,7233,,INV,JUL,2023,EAC,WWRAKS510,WHITE WESTINGHOUSE,"Fridge 17.9 CuFt, 230V 60HZ - R600a, Silver, Recessed Handle",HA,REFRIGERATORS,TOP MOUNT,0-Month,1,2346.96,-347.83,14.82,1999.13,299.87,2299.0
2023-07-18,2311043102,RECA,7233,,INV,JUL,2023,EAC,WWS30T22PI,WHITE WESTINGHOUSE,Indoor Split A/C 27800 BTU Cool,HVPAC,WALL SPLITS,SAC WALL ROTARY,0-Month,1,2260.43,-739.13,32.7,1521.3,228.2,1749.5
2023-07-19,2311043270,RECA,7233,,INV,JUL,2023,EAC,AH-A24ATS,SHARP,Indoor Split A/C 21000 BTU Cool HI-EER Class D R410A,HVPAC,WALL SPLITS,SAC WALL ROTARY,0-Month,3,1282.17,-65.22,1.7,3781.29,567.19,4348.48
2023-07-19,2321016873,RECA,7233,,INV,JUL,2023,TPC,TBA-36LMG5G089KS-SA,TOSHIBA,"Gas Cooker 90x60, 5 burner with Rotisserie & Convection - SS",HA,COOKING RANGE,GAS COOKER,0-Month,1,1999.13,0.0,0.0,1999.13,299.87,2299.0
2023-07-25,2321017197,RECA,4207,,INV,JUL,2023,TPC,MM-EG34PB(BK),TOSHIBA,"34L GRILL MICROWAVE, DIGITAL, STEEL, 220V, 60HZ - Black",SDA,MICROWAVE,GRILL,0-Month,1,607.83,-178.26,29.33,429.57,64.44,494.01
2023-07-25,2321017193,RECO,7183,,INV,JUL,2023,TPC,VH-K110WBB,TOSHIBA,"TWIN TUB WASHER 10.0 KG, 220-230V 60HZ",HA,LAUNDRY TT,TWIN-TUB,0-Month,1,1477.39,-96.65,6.54,1380.74,207.11,1587.85
2023-07-27,2311044034,RECA,7233,,INV,JUL,2023,EAC,PIPE V-24,WHITE WESTINGHOUSE,4 Meter copper pipe for 24K Split AC,HVPAC,ACCESSORIES,PIPE,0-Month,1,0.01,0.0,0.0,0.01,0.01,0.02
2023-07-27,2311044038,REUI,7287,,INV,JUL,2023,EAC,MQ9E3AH/A,APPLE MACINTOSH,iPhone 14 Pro Max 256GB Deep Purple,TELECOM,MOBILES,SMART PHONES,0-Month,5,5042.61,0.0,0.0,25213.05,3781.96,28995.01
2023-08-02,2321018102,RECA,7233,,INV,AUG,2023,TPC,MM-EG25PB(BK),TOSHIBA,"25L GRILL MICROWAVE, DIGITAL, STEEL, 220V, 60HZ - Black",SDA,MICROWAVE,GRILL,0-Month,1,433.91,0.0,0.0,433.91,65.09,499.0
2023-08-03,2321018204,RECA,7233,,INV,AUG,2023,TPC,TBA-24BMG4G089KS-SA,TOSHIBA,"Gas Cooker 60x60, 4 burner, Auto Ignition & Oven Light - SS",HA,COOKING RANGE,GAS COOKER,0-Month,1,1129.57,0.0,0.0,1129.57,169.44,1299.01
2023-08-03,2311048523,RECA,7233,,INV,AUG,2023,EAC,65SUE9500,SKYWORTH,"SKYWORTH  65"" QLED Google TV UHD 4K HDR SMART TV",CE,LCD/LED TV,LED TV,0-Month,1,2086.0,0.0,0.0,2086.0,312.9,2398.9
2023-08-06,2321018267,RECA,4207,,INV,AUG,2023,TPC,GR-RS780WI-PGU(22),TOSHIBA,"SBS 19.4 Cf-549L,Inverter,PBIO,Max Humid,Alloy Cool-Bk Glass",HA,REFRIGERATORS,SIDE BY SIDE,0-Month,1,3738.26,-608.61,16.28,3129.65,469.44,3599.09
2023-08-06,2321018268,RECA,7233,,INV,AUG,2023,TPC,DW-14F2ME(SS),TOSHIBA,Dish Washer FS 14 Place Settings 8 Prog Stainless Steel,HA,DISH WASHER,FREE STANDING,0-Month,1,2086.09,-347.83,16.67,1738.26,260.74,1999.0
2023-08-06,2328001400,REEM,3029,,CM,AUG,2023,TPC,LTT7CBBSI,LG,Ref 1D 6.9 Cu. Ft / Pocket Handle / Inverter Compressor,HA,REFRIGERATORS,MINI BAR,0-Month,-1,1477.0,0.0,0.0,-1477.0,-221.55,-1698.55
2023-08-05,2311048559,REUI,7561,,INV,AUG,2023,EAC,PIPE V-30/36,WHITE WESTINGHOUSE,5 Meter copper pipe for 30K/36K Split AC,HVPAC,ACCESSORIES,PIPE,0-Month,1,0.01,0.0,0.0,0.01,0.01,0.02
2023-08-07,2318002459,REUI,1879,,CM,AUG,2023,EAC,WWS18G22C,WHITE WESTINGHOUSE,Outdoor Split A/C 17800 BTU Cool,HVPAC,WALL SPLITS,SAC WALL ROTARY,0-Month,-5,1130.0,513.6,9.09,-5136.4,-770.46,-5906.86
2023-08-08,2318002460,REUI,7286,,CM,AUG,2023,EAC,MQ9E3AH/A,APPLE MACINTOSH,iPhone 14 Pro Max 256GB Deep Purple,TELECOM,MOBILES,SMART PHONES,0-Month,-5,5042.61,0.0,0.0,-25213.05,-3781.96,-28995.01
2023-08-06,2318002465,RECA,7233,,CM,AUG,2023,EAC,WWS18G22C,WHITE WESTINGHOUSE,Outdoor Split A/C 17800 BTU Cool,HVPAC,WALL SPLITS,SAC WALL ROTARY,0-Month,-1,1130.0,0.0,0.0,-1130.0,-169.5,-1299.5
2023-08-12,2311049662,REUI,7596,,INV,AUG,2023,EAC,MPUQ3AH/A,APPLE MACINTOSH,iPhone 14 128GB Starlight,TELECOM,MOBILES,SMART PHONES,0-Month,1,3303.48,-391.31,11.85,2912.17,436.83,3349.0
2023-08-13,2311050081,REUI,7561,,INV,AUG,2023,EAC,55DYAC40,DORA,"55 Inch, UHD 4K, Android 11, Dolby Audio, 2.1 HDMI",CE,LCD/LED TV,LED TV,0-Month,1,1260.0,-130.43,10.35,1129.57,169.43,1299.0
2023-08-14,2311050171,RECA,4207,,INV,AUG,2023,EAC,WWA20K22R,WHITE WESTINGHOUSE,Window A/C 18000 BTU Cool,HVPAC,WAC,WAC ROTARY,0-Month,2,1303.48,-130.36,5.0,2476.6,371.49,2848.09
2023-08-15,2311050389,RECA,7233,,INV,AUG,2023,EAC,HUF48HAI23,HISENSE,"Free Stand AC Indoor Unit 48000 BTU , Heat Cool, Inverter",HVPAC,FS SPLITS,FS SPLITS,0-Month,1,3956.09,-30.44,0.77,3925.65,588.85,4514.5
2023-08-17,2311050835,REEM,3064,,INV,AUG,2023,EAC,XB-RRS-00083,MS-XB,Xbox Series S 512GB Flamingo Bundle,TELECOM,ENTERTAINMENT,GAMING,0-Month,1,1190.43,-16.29,1.37,1174.14,176.12,1350.26
2023-08-19,2311050945,RECA,7233,,INV,AUG,2023,EAC,WWFLD10VW08,WHITE WESTINGHOUSE,"FRONT LOAD CONDENSOR DRYER 8KG, WITH PUMP",HA,LAUNDRY A,DRYER,0-Month,1,1390.43,0.0,0.0,1390.43,208.57,1599.0
2023-08-19,2311050969,RECA,7233,,INV,AUG,2023,EAC,DWD77TDP,DORA,"Top and Bottom Loading Water Dispenser, black with SS",SDA,WATER DISPENSER,FREE STANDING,0-Month,1,1042.61,-365.22,35.03,677.39,101.61,779.0
2023-08-19,2311050977,RECA,7233,,INV,AUG,2023,EAC,WWS24G23WC,WHITE WESTINGHOUSE,Outdoor Split A/C 22100 BTU Cool WiFi,HVPAC,WALL SPLITS,SAC WALL ROTARY,0-Month,1,1303.91,0.0,0.0,1303.91,195.59,1499.5
2023-08-24,2311051690,RECA,7233,,INV,AUG,2023,EAC,WWS24G23WI,WHITE WESTINGHOUSE,Indoor Split A/C 22100 BTU Cool,HVPAC,WALL SPLITS,SAC WALL ROTARY,0-Month,1,1303.91,0.0,0.0,1303.91,195.59,1499.5
2023-08-26,2311051856,RECA,7233,,INV,AUG,2023,EAC,PIPE V-30/36,WHITE WESTINGHOUSE,5 Meter copper pipe for 30K/36K Split AC,HVPAC,ACCESSORIES,PIPE,0-Month,1,0.01,0.0,0.0,0.01,0.01,0.02
2023-08-26,2311051876,RECA,7233,,INV,AUG,2023,EAC,4T-C70CK3X,SHARP,"70"" 4K HDR WITH ANDROID 9.0 LED TV",CE,LCD/LED TV,LED,0-Month,1,4173.04,-2695.64,64.6,1477.4,221.61,1699.01
2023-08-26,2311051880,RECA,7233,,INV,AUG,2023,EAC,WWA20K22R,WHITE WESTINGHOUSE,Window A/C 18000 BTU Cool,HVPAC,WAC,WAC ROTARY,0-Month,2,1303.48,-0.02,0.0,2606.94,391.04,2997.98
2023-08-26,2311051865,RECA,7233,,INV,AUG,2023,EAC,DPA25T23R,DORA,Window A/C 20000 BTU Cool HI-EER Class F R410A,HVPAC,WAC,WAC ROTARY,0-Month,1,1564.34,0.0,0.0,1564.34,234.66,1799.0
2023-08-25,2311051833,RECA,7233,,INV,AUG,2023,EAC,PIPE-30,WHITE WESTINGHOUSE,5 Meter copper pipe for 30K Split AC,HVPAC,ACCESSORIES,PIPE,0-Month,1,0.01,0.0,0.0,0.01,0.01,0.02
2023-08-27,2311051972,RECA,7233,,INV,AUG,2023,EAC,PIPE V-30/36,WHITE WESTINGHOUSE,5 Meter copper pipe for 30K/36K Split AC,HVPAC,ACCESSORIES,PIPE,0-Month,3,0.01,0.0,0.0,0.03,0.01,0.04
2023-08-28,2318002572,RECA,7233,,CM,AUG,2023,EAC,WWS36G22C,WHITE WESTINGHOUSE,Outdoor Split A/C 32200 BTU Cool,HVPAC,WALL SPLITS,SAC WALL ROTARY,0-Month,-1,2173.48,0.0,0.0,-2173.48,-326.03,-2499.51
2023-08-31,2311053276,RECA,7233,,INV,AUG,2023,EAC,PIPE-30,WHITE WESTINGHOUSE,5 Meter copper pipe for 30K Split AC,HVPAC,ACCESSORIES,PIPE,0-Month,1,0.01,0.0,0.0,0.01,0.01,0.02
2023-08-31,2311053729,RECA,4207,,INV,AUG,2023,EAC,EK-EER75STM,ELECTROLUX,FLOOR STICK RECHARGEABLE 18V,SDA,VACCUM CLEANERS,CANNISTER,0-Month,2,720.87,-216.28,15.0,1225.46,183.82,1409.28
2023-09-02,2321021486,RECA,7233,,INV,SEP,2023,TPC,TBA-24BMG4G089KS-SA,TOSHIBA,"Gas Cooker 60x60, 4 burner, Auto Ignition & Oven Light - SS",HA,COOKING RANGE,GAS COOKER,0-Month,1,1129.57,0.0,0.0,1129.57,169.44,1299.01
2023-09-04,2321021538,RECA,7233,,INV,SEP,2023,TPC,VC-DR200ABF(B),TOSHIBA,"VAC CLNR DRUM, 21L, 2000W,S Steel Tube - Blck/Aqua",SDA,VACCUM CLEANERS,DRUM,0-Month,1,477.39,-60.87,12.75,416.52,62.47,478.99
2023-09-02,2311054358,RECA,7233,,INV,SEP,2023,EAC,EO-42NK-3,SHARP,E. Oven 42L 1800W Rotisserie,SDA,LHA,DEEP FRYER,0-Month,1,433.91,-17.39,4.01,416.52,62.48,479.0
2023-09-06,2311054830,REEM,3540,,INV,SEP,2023,EAC,WWS12K23I,WHITE WESTINGHOUSE,Indoor split  A/C 12000 BTU Cool - WiFi,HVPAC,WALL SPLITS,SAC WALL ROTARY,0-Month,1,847.39,-43.48,5.13,803.91,120.58,924.49
2023-09-11,2311060047,RECA,4207,,INV,SEP,2023,EAC,DWD77TDP,DORA,"Top and Bottom Loading Water Dispenser, black with SS",SDA,WATER DISPENSER,FREE STANDING,0-Month,1,1042.61,-426.08,40.87,616.53,92.48,709.01
2023-09-11,2321021901,RECA,7233,,INV,SEP,2023,TPC,MM-EG34PB(BK),TOSHIBA,"34L GRILL MICROWAVE, DIGITAL, STEEL, 220V, 60HZ - Black",SDA,MICROWAVE,GRILL,0-Month,1,520.87,-43.48,8.35,477.39,71.61,549.0
2023-09-13,2321022618,REEM,4250,,INV,SEP,2023,TPC,MM-EG25PB(BK),TOSHIBA,"25L GRILL MICROWAVE, DIGITAL, STEEL, 220V, 60HZ - Black",SDA,MICROWAVE,GRILL,0-Month,1,433.91,0.0,0.0,433.91,65.09,499.0
2023-09-18,2321022996,RECA,7233,,INV,SEP,2023,TPC,LT10CBBDIN,LG,Ref 2D 9 Cu. Ft / Pocket Handle  / Pull out tray,HA,REFRIGERATORS,TOP MOUNT,0-Month,1,1651.0,0.0,0.0,1651.0,247.65,1898.65
2023-09-20,2311063065,RECA,7233,,INV,SEP,2023,EAC,WWUF21KS,WHITE WESTINGHOUSE,21 Cu Ft. SS Upright Freezer Inverter Compressor R600a,HA,FREEZERS,UPRIGHT FREEZER,0-Month,1,3216.52,-173.91,5.41,3042.61,456.39,3499.0
2023-09-20,2311063152,RECA,4207,,INV,SEP,2023,EAC,WWA20K22R,WHITE WESTINGHOUSE,Window A/C 18000 BTU Cool,HVPAC,WAC,WAC ROTARY,0-Month,1,1346.96,-107.83,8.01,1239.13,185.87,1425.0
2023-09-20,2311063167,RECA,7233,,INV,SEP,2023,EAC,AU-A12WCS,SHARP,Outdoor Split A/C 11600 BTU Cool HI-EER Class D R410A,HVPAC,WALL SPLITS,SAC WALL ROTARY,0-Month,1,890.87,-86.96,9.76,803.91,120.59,924.5
2023-09-21,2311063250,RECA,7233,,INV,SEP,2023,EAC,EK-EER73DB,ELECTROLUX,FLOOR STICK RECHARGEABLE 14.4V,SDA,VACCUM CLEANERS,CANNISTER,0-Month,2,668.7,-1337.26,99.99,0.14,0.02,0.16
2023-09-21,2311063277,RECA,4207,,INV,SEP,2023,EAC,WWS36T22PC,WHITE WESTINGHOUSE,Outdoor Split A/C 30600 BTU Cool,HVPAC,WALL SPLITS,SAC WALL ROTARY,0-Month,1,2760.43,-1067.38,38.67,1693.05,253.96,1947.01
2023-09-20,2311063226,RECA,7233,,INV,SEP,2023,EAC,WW1500MT11,WHITE WESTINGHOUSE,WASHING MACHINE 14KG 220V 50/60HZ HIGH EER,HA,LAUNDRY TT,TWIN-TUB,0-Month,1,955.65,0.0,0.0,955.65,143.35,1099.0
2023-09-21,2311063297,RECA,7233,,INV,SEP,2023,EAC,WWA20K22R,WHITE WESTINGHOUSE,Window A/C 18000 BTU Cool,HVPAC,WAC,WAC ROTARY,0-Month,3,1346.96,-130.47,3.23,3910.41,586.56,4496.97
2023-09-20,2311063227,RECA,7233,,INV,SEP,2023,EAC,E7CM1-50GB,ELECTROLUX,"Coffee Maker, Black with Aroma - Explore 7",SDA,LHA,COFFEE MAKER,0-Month,1,433.91,-433.87,99.99,0.04,0.0,0.04
2023-09-22,2311063411,RECA,7233,,INV,SEP,2023,EAC,E7CM1-50GB,ELECTROLUX,"Coffee Maker, Black with Aroma - Explore 7",SDA,LHA,COFFEE MAKER,0-Month,1,433.91,-433.9,100.0,0.01,0.0,0.01
2023-09-24,2321023257,RECA,7233,,INV,SEP,2023,TPC,AW-UK1100HUPBB(SG),TOSHIBA,"TL Washer 10kg, UFB Wash, 220-230V, 60HZ - Silver",HA,LAUNDRY A,FA TOP LOADING,0-Month,1,1738.26,-330.43,19.01,1407.83,211.17,1619.0
2023-09-25,2311063725,RECA,7233,,INV,SEP,2023,EAC,EK-EEWA7300AR,ELECTROLUX,KETTLE 2400W 1.7L  STAINLESS STEEL,SDA,LHA,ELECTRIC KETTLE,0-Month,1,260.0,-132.08,50.8,127.92,19.18,147.1
2023-09-26,2311064471,RECA,7233,,INV,SEP,2023,EAC,DWD77TDP,DORA,"Top and Bottom Loading Water Dispenser, black with SS",SDA,WATER DISPENSER,FREE STANDING,0-Month,1,1042.61,-365.22,35.03,677.39,101.61,779.0
2023-09-27,2311064615,RECA,7233,,INV,SEP,2023,EAC,HS24CPVI23,HISENSE,Indoor Split A/C 24000 BTU Cool - Inverter - WiFi,HVPAC,WALL SPLITS,SAC WALL ROTARY,0-Month,1,1543.04,-282.61,18.32,1260.43,189.06,1449.49
2023-09-28,2321024160,RECA,7233,,INV,SEP,2023,TPC,RWF-W1830BSA(K),TOSHIBA,"Water Disp,Touch Control,Digital Display,1Tap,Ice-Cold Technology",SDA,WATER DISPENSER,FREE STANDING,0-Month,1,912.17,-43.47,4.77,868.7,130.3,999.0
2023-09-28,2311065482,RECA,7233,,INV,SEP,2023,EAC,WWFLD10VW08,WHITE WESTINGHOUSE,"FRONT LOAD CONDENSOR DRYER 8KG, WITH PUMP",HA,LAUNDRY A,DRYER,0-Month,1,1390.43,0.0,0.0,1390.43,208.57,1599.0
2023-09-30,2321024559,REEM,3029,,INV,SEP,2023,TPC,WS1308XMT,LG,"WM FL Combo (13/7kg) with AI DD™ ,White color,ThinQ™ (Wi-Fi)",HA,LAUNDRY A,WASHER DRYER COMBO,0-Month,1,7303.0,-3216.91,44.05,4086.09,612.91,4699.0
2023-09-28,2318003102,RECA,7233,,CM,SEP,2023,EAC,WWS30T22PC,WHITE WESTINGHOUSE,Outdoor Split A/C 27800 BTU Cool,HVPAC,WALL SPLITS,SAC WALL ROTARY,0-Month,-1,2260.43,739.13,32.7,-1521.3,-228.2,-1749.5
2023-09-28,2328001755,RECA,7233,,CM,SEP,2023,TPC,GR-A33AS(SK),TOSHIBA,"FRIDGE 8.1 CFT (231L), 230V 60HZ - Metallic Grey",HA,REFRIGERATORS,TOP MOUNT,0-Month,-1,1825.22,173.92,9.53,-1651.3,-247.7,-1899.0
2023-09-30,2311065965,REUI,7596,,INV,SEP,2023,EAC,WWS24G23WC,WHITE WESTINGHOUSE,Outdoor Split A/C 22100 BTU Cool WiFi,HVPAC,WALL SPLITS,SAC WALL ROTARY,0-Month,1,1303.91,0.0,0.0,1303.91,195.59,1499.5
2023-09-30,2311065998,RECA,7233,,INV,SEP,2023,EAC,WWS36G22C,WHITE WESTINGHOUSE,Outdoor Split A/C 32200 BTU Cool,HVPAC,WALL SPLITS,SAC WALL ROTARY,0-Month,2,2173.48,-217.4,5.0,4129.56,619.44,4749.0
2023-10-03,2321025108,RECA,7233,,INV,OCT,2023,TPC,AW-UK1100HUPBB(SG),TOSHIBA,"TL Washer 10kg, UFB Wash, 220-230V, 60HZ - Silver",HA,LAUNDRY A,FA TOP LOADING,0-Month,1,1738.26,-173.91,10.0,1564.35,234.65,1799.0
2023-10-07,2311070090,RECA,7233,,INV,OCT,2023,EAC,E7CM1-50GB,ELECTROLUX,"Coffee Maker, Black with Aroma - Explore 7",SDA,LHA,COFFEE MAKER,0-Month,1,433.91,-202.89,46.76,231.02,34.65,265.67
2023-10-08,2318003388,RECA,7233,,CM,OCT,2023,EAC,E7CM1-50GB,ELECTROLUX,"Coffee Maker, Black with Aroma - Explore 7",SDA,LHA,COFFEE MAKER,0-Month,-1,433.91,433.9,100.0,-0.01,0.0,-0.01
2023-10-10,2311070596,RECA,7233,,INV,OCT,2023,EAC,WWFLC10VW1208(S),WHITE WESTINGHOUSE,"COMBO 12W/8D KG,WITH PUMP,BLDC Inverter Motor,1400RPM-SILVER",HA,LAUNDRY A,FA FRONT LOADING,0-Month,1,2607.83,0.0,0.0,2607.83,391.18,2999.01
2023-10-25,2311072528,REUI,7596,,INV,OCT,2023,EAC,WWS24G23WC,WHITE WESTINGHOUSE,Outdoor Split A/C 22100 BTU Cool WiFi,HVPAC,WALL SPLITS,SAC WALL ROTARY,0-Month,1,1303.91,0.0,0.0,1303.91,195.59,1499.5
2023-10-29,2311073078,RECA,7233,,INV,OCT,2023,EAC,WWTLAVS16,WHITE WESTINGHOUSE,TL Washer 16KG with Pump Silver Color,HA,LAUNDRY A,FA TOP LOADING,0-Month,1,1738.26,0.0,0.0,1738.26,260.74,1999.0
2023-07-06,2311041701,RECA,7233,,INV,JUL,2023,EAC,WWA25K22R,WHITE WESTINGHOUSE,Window A/C 21800 BTU Cool Hi-EER Class F R410A,HVPAC,WAC,WAC ROTARY,0-Month,2,1651.3,0.0,0.0,3302.6,495.39,3797.99
2023-07-11,2321016324,RECA,7233,,INV,JUL,2023,TPC,AW-K900DUPBB(SG),TOSHIBA,"TL Washer 8kg,Pump,Great Wave,Glass Lid,60hz - Silver",HA,LAUNDRY A,FA TOP LOADING,0-Month,1,1999.13,-434.78,21.75,1564.35,234.65,1799.0
2023-07-12,2311042326,RECA,7233,,INV,JUL,2023,EAC,DWD77TDP,DORA,"Top and Bottom Loading Water Dispenser, black with SS",SDA,WATER DISPENSER,FREE STANDING,0-Month,1,1042.61,-365.22,35.03,677.39,101.61,779.0
2023-07-16,2311042537,RECA,4207,,INV,JUL,2023,EAC,PIPE V-12/18,WHITE WESTINGHOUSE,4 Meter copper pipe for 12K/18K Split AC,HVPAC,ACCESSORIES,PIPE,0-Month,1,0.01,0.0,0.0,0.01,0.01,0.02
2023-07-16,2321016723,RECA,7233,,INV,JUL,2023,TPC,AW-DK1775WUPBB(WK),TOSHIBA,"TL WASHER 15 KG,UFB WASH,SDD INVERTER,60HZ - WHITE/BLACK",HA,LAUNDRY A,FA TOP LOADING,0-Month,1,2433.91,-260.87,10.72,2173.04,325.95,2498.99
2023-07-16,2311042930,RECA,7233,,INV,JUL,2023,EAC,DWD77TDP,DORA,"Top and Bottom Loading Water Dispenser, black with SS",SDA,WATER DISPENSER,FREE STANDING,0-Month,1,1042.61,-365.22,35.03,677.39,101.61,779.0
2023-07-17,2311042981,RECA,7233,,INV,JUL,2023,EAC,WWFLD10VW08,WHITE WESTINGHOUSE,"FRONT LOAD CONDENSOR DRYER 8KG, WITH PUMP",HA,LAUNDRY A,DRYER,0-Month,1,1738.26,-347.83,20.01,1390.43,208.56,1598.99
2023-07-17,2311043010,REUI,1879,,INV,JUL,2023,EAC,DCFAM100,DORA,"3.5 CuFt, 99L Chest Freezer 230V 60HZ, R600A",HA,FREEZERS,CHEST FREEZERS,0-Month,1,607.83,-39.83,6.55,568.0,85.2,653.2
2023-07-19,2311043487,RECA,7233,,INV,JUL,2023,EAC,WWS24G23WI,WHITE WESTINGHOUSE,Indoor Split A/C 22100 BTU Cool,HVPAC,WALL SPLITS,SAC WALL ROTARY,0-Month,1,1303.91,0.0,0.0,1303.91,195.59,1499.5
2023-07-20,2311043531,REUI,7287,,INV,JUL,2023,EAC,4T-C70DK1X,SHARP,"70 Inch, 4K Smart TV, Android 11, HDR, Dolby Audio,  HDMI 2.1 , Made In Japan Panel",CE,LCD/LED TV,LED TV,0-Month,1,3477.39,0.0,0.0,3477.39,521.61,3999.0
2023-07-24,2311043766,REEM,3029,,INV,JUL,2023,EAC,AU-A18ATS,SHARP,Outdoor Split A/C 18000 BTU Cool HI-EER Class D R410A.,HVPAC,WALL SPLITS,SAC WALL ROTARY,0-Month,3,1064.78,-65.19,2.04,3129.15,469.38,3598.53
2023-07-26,2311043939,REUI,7596,,INV,JUL,2023,EAC,QW-MA814K-WH3,SHARP,"Dish Washer, 14 Place Setting, 8 Programs - White",HA,DISH WASHER,FREE STANDING,0-Month,1,1477.39,-173.91,11.77,1303.48,195.52,1499.0
2023-07-27,2321017236,RECA,7233,,INV,JUL,2023,TPC,VH-L90WBB(WW),TOSHIBA,"TWIN TUB WASHER 8.0 KG, 220-230V 60HZ",HA,LAUNDRY TT,TWIN-TUB,0-Month,1,955.65,-130.43,13.65,825.22,123.78,949.0
2023-07-27,2311044032,RECA,7233,,INV,JUL,2023,EAC,82NH004VAD,LENOVO,"Lenovo-Yoga S700 I7-11370H,16GB,1TSD,14"",W11",IT,NOTEBOOKS,NOTEBOOKS,0-Month,1,4999.13,-521.74,10.44,4477.39,671.6,5148.99
2023-07-30,2311044151,RECA,7233,,INV,JUL,2023,EAC,43STD4000,SKYWORTH,"Skyworth 43"" Smart LED TV",CE,LCD/LED TV,LED TV,0-Month,1,694.78,-86.95,12.51,607.83,91.17,699.0
2023-07-31,2311044607,REEM,3064,,INV,JUL,2023,EAC,PIPE-36,WHITE WESTINGHOUSE,5 Meter copper pipe for 36K Split AC,HVPAC,ACCESSORIES,PIPE,0-Month,1,0.01,0.0,0.0,0.01,0.01,0.02
2023-08-06,2311048655,RECA,4207,,INV,AUG,2023,EAC,PIPE V-12/18,WHITE WESTINGHOUSE,4 Meter copper pipe for 12K/18K Split AC,HVPAC,ACCESSORIES,PIPE,0-Month,6,0.01,0.0,0.0,0.06,0.01,0.07
2023-08-09,2318002470,REUI,7561,,CM,AUG,2023,EAC,WWS30T22PI,WHITE WESTINGHOUSE,Indoor Split A/C 27800 BTU Cool,HVPAC,WALL SPLITS,SAC WALL ROTARY,0-Month,-1,2260.43,739.13,32.7,-1521.3,-228.2,-1749.5
2023-08-09,2311049443,REUI,7596,,INV,AUG,2023,EAC,85DYQC40,DORA,"85"" 4K QLED, Android 11, HDR, Dolby Audio, 2.1 HDMI, MEMC, Dolby Atmos, Dolby Vision, DVB T2/S2",CE,LCD/LED TV,LED TV,0-Month,1,6955.65,-3043.48,43.76,3912.17,586.82,4498.99
2023-08-14,2311050202,RECA,7233,,INV,AUG,2023,EAC,DPA20T23R,DORA,Window A/C 18000 BTU Cool HI-EER Class F R410A,HVPAC,WAC,WAC ROTARY,0-Month,1,1216.52,0.0,0.0,1216.52,182.48,1399.0
2023-08-16,2311050702,REUI,7561,,INV,AUG,2023,EAC,75DYAC40,DORA,"75 Inch, UHD 4K, Android 11, Dolby Vision, Dolby Atmos, 2.1 HDMI, Metal Frame",CE,LCD/LED TV,LED TV,0-Month,1,2607.83,-260.93,10.01,2346.9,352.04,2698.94
2023-08-17,2311050848,RECA,4207,,INV,AUG,2023,EAC,WWS36T22PC,WHITE WESTINGHOUSE,Outdoor Split A/C 30600 BTU Cool,HVPAC,WALL SPLITS,SAC WALL ROTARY,0-Month,1,2760.43,-1066.96,38.65,1693.47,254.02,1947.49
2023-08-18,2311050910,REUI,7561,,INV,AUG,2023,EAC,55DYW50,DORA,"55"" 4K HDR, LG WEBOS SMART TV, 2.1 HDMI, MAGIC REMOTE",CE,LCD/LED TV,LED,0-Month,1,1564.35,-434.78,27.79,1129.57,169.44,1299.01
2023-08-19,2311050982,RECA,4207,,INV,AUG,2023,EAC,AU-A36ZCS,SHARP,Outdoor Split A/C 32200 BTU Cool HI-EER Class D R410A,HVPAC,WALL SPLITS,SAC WALL ROTARY,0-Month,1,2956.08,-1056.52,35.74,1899.56,284.94,2184.5
2023-08-20,2311051158,RECA,7233,,INV,AUG,2023,EAC,WWA20K22R,WHITE WESTINGHOUSE,Window A/C 18000 BTU Cool,HVPAC,WAC,WAC ROTARY,0-Month,1,1303.48,-0.01,0.0,1303.47,195.52,1498.99
2023-08-20,2321019723,RECA,7233,,INV,AUG,2023,TPC,AW-DUK1300KUPBB(WW),TOSHIBA,"TL Washer 12kg,Pump,Great Wave,Glass Lid,60hz-White",HA,LAUNDRY A,FA TOP LOADING,0-Month,1,1912.17,-173.91,9.09,1738.26,260.74,1999.0
2023-08-23,2311051577,RECA,7233,,INV,AUG,2023,EAC,PIPE V-12/18,WHITE WESTINGHOUSE,4 Meter copper pipe for 12K/18K Split AC,HVPAC,ACCESSORIES,PIPE,0-Month,1,0.01,0.0,0.0,0.01,0.01,0.02
2023-08-24,2311051773,RECA,7233,,INV,AUG,2023,EAC,WWS36T22PI,WHITE WESTINGHOUSE,Indoor Split A/C 30600 BTU Cool,HVPAC,WALL SPLITS,SAC WALL ROTARY,0-Month,1,2760.43,-978.26,35.44,1782.17,267.33,2049.5
2023-08-25,2311051832,RECA,7233,,INV,AUG,2023,EAC,EC-CAS2422-Z,SHARP,"VAC CLNR DRUM, 22L, 2400W,METAL TUBE - GOLD",SDA,VACCUM CLEANERS,CANNISTER,0-Month,2,520.87,-173.92,16.7,867.82,130.18,998.0
2023-08-24,2318002525,RECA,7233,,CM,AUG,2023,EAC,WWTLAVS10,WHITE WESTINGHOUSE,TL Washer 10KG with Pump Silver Color,HA,LAUNDRY A,FA TOP LOADING,0-Month,-1,1477.39,108.68,7.36,-1368.71,-205.3,-1574.01
2023-08-28,2311052649,RECA,4207,,INV,AUG,2023,EAC,WWS24G23WC,WHITE WESTINGHOUSE,Outdoor Split A/C 22100 BTU Cool WiFi,HVPAC,WALL SPLITS,SAC WALL ROTARY,0-Month,1,1303.91,-65.21,5.0,1238.7,185.8,1424.5
2023-08-30,2311053166,RECA,7233,,INV,AUG,2023,EAC,PIPE V-12/18,WHITE WESTINGHOUSE,4 Meter copper pipe for 12K/18K Split AC,HVPAC,ACCESSORIES,PIPE,0-Month,2,0.01,0.0,0.0,0.02,0.01,0.03
2023-09-03,2311054367,RECA,4207,,INV,SEP,2023,EAC,WWR9VS650,WHITE WESTINGHOUSE,Fridge 22.96 Cu Ft/650 Ltr SS Inverter Compressor,HA,REFRIGERATORS,TOP MOUNT,0-Month,1,3738.26,-1000.0,26.75,2738.26,410.74,3149.0
2023-09-05,2311054684,RECA,4207,,INV,SEP,2023,EAC,WWFR21KS,WHITE WESTINGHOUSE,21 Cu Ft. SS Full Refrigerator Inverter Compressor R600a,HA,REFRIGERATORS,ALL REFRIGERATOR,0-Month,1,3216.52,-478.26,14.87,2738.26,410.74,3149.0
2023-09-07,2321021758,REEM,3029,,INV,SEP,2023,TPC,ML-EG42PBB(BS),TOSHIBA,"42L GRILL MICROWAVE, DIGITAL, STEEL, 220V, 60HZ - Black",SDA,MICROWAVE,BASIC,0-Month,1,694.78,-43.48,6.26,651.3,97.69,748.99
2023-09-10,2311059912,RECA,7233,,INV,SEP,2023,EAC,WWS30T22PI,WHITE WESTINGHOUSE,Indoor Split A/C 27800 BTU Cool,HVPAC,WALL SPLITS,SAC WALL ROTARY,0-Month,2,2260.43,-1478.26,32.7,3042.6,456.39,3498.99
2023-09-18,2311062947,RECA,7233,,INV,SEP,2023,EAC,HS18CPI23,HISENSE,Indoor Split A/C 18400 BTU Cool - WiFi,HVPAC,WALL SPLITS,SAC WALL ROTARY,0-Month,1,1130.0,-173.91,15.39,956.09,143.41,1099.5
2023-09-20,2321023070,RECA,7233,,INV,SEP,2023,TPC,75U7880EE,TOSHIBA,"75"" ULTRA HD 4K LED TV WITH ANDROID 8.0",CE,LCD/LED TV,ULTRA HD,0-Month,1,7173.04,-5521.73,76.98,1651.31,247.7,1899.01
2023-09-20,2311063110,RECA,7233,,INV,SEP,2023,EAC,DUF21KS,DORA,21 Cu Ft. SS Upright Freezer Inverter Compressor R600a,HA,FREEZERS,UPRIGHT FREEZER,0-Month,1,3042.61,-434.78,14.29,2607.83,391.18,2999.01
2023-09-21,2311063289,RECA,7233,,INV,SEP,2023,EAC,43STD4000,SKYWORTH,"Skyworth 43"" Smart LED TV",CE,LCD/LED TV,LED TV,0-Month,1,694.78,0.0,0.0,694.78,104.22,799.0
2023-09-21,2311063279,RECA,4207,,INV,SEP,2023,EAC,WWS24G23WC,WHITE WESTINGHOUSE,Outdoor Split A/C 22100 BTU Cool WiFi,HVPAC,WALL SPLITS,SAC WALL ROTARY,0-Month,2,1303.91,-130.42,5.0,2477.4,371.61,2849.01
2023-09-23,2311063433,RECA,7233,,INV,SEP,2023,EAC,AH-A12WCS,SHARP,Indoor Split A/C 11600 BTU Cool HI-EER Class D R410A,HVPAC,WALL SPLITS,SAC WALL ROTARY,0-Month,1,890.87,-86.96,9.76,803.91,120.59,924.5
2023-09-25,2311063663,REEM,3540,,INV,SEP,2023,EAC,43STD4000,SKYWORTH,"Skyworth 43"" Smart LED TV",CE,LCD/LED TV,LED TV,0-Month,1,694.78,0.0,0.0,694.78,104.22,799.0
2023-09-26,2321023461,RECA,7233,,INV,SEP,2023,TPC,AW-DK1775WUPBB(WK),TOSHIBA,"TL WASHER 15 KG,UFB WASH,SDD INVERTER,60HZ - WHITE/BLACK",HA,LAUNDRY A,FA TOP LOADING,0-Month,1,2433.91,-478.26,19.65,1955.65,293.35,2249.0
2023-09-28,2318003050,RECA,7233,,CM,SEP,2023,EAC,EK-EER73DB,ELECTROLUX,FLOOR STICK RECHARGEABLE 14.4V,SDA,VACCUM CLEANERS,CANNISTER,0-Month,-1,668.7,668.63,99.99,-0.07,-0.01,-0.08
2023-09-28,2318003100,RECA,7233,,CM,SEP,2023,EAC,DS24T23WC,DORA,Outdoor Split A/C 22000 BTU Cool WiFi HI-EER Class D R410A,HVPAC,WALL SPLITS,SAC WALL ROTARY,0-Month,-1,1216.96,86.96,7.15,-1130.0,-169.5,-1299.5
2023-09-30,2311065997,RECA,4207,,INV,SEP,2023,EAC,55DYAC40,DORA,"55 Inch, UHD 4K, Android 11, Dolby Audio, 2.1 HDMI",CE,LCD/LED TV,LED TV,0-Month,1,1260.0,-269.53,21.39,990.47,148.57,1139.04
2023-09-30,2311065998,RECA,7233,,INV,SEP,2023,EAC,PIPE V-30/36,WHITE WESTINGHOUSE,5 Meter copper pipe for 30K/36K Split AC,HVPAC,ACCESSORIES,PIPE,0-Month,2,0.01,0.0,0.0,0.02,0.01,0.03
2023-10-01,2311066058,RECA,7233,,INV,OCT,2023,EAC,WWCFAK550,WHITE WESTINGHOUSE,"CHEST FREEZER 18.4 CU FT, 230V 60HZ, R600A",HA,FREEZERS,CHEST FREEZERS,0-Month,1,2346.96,0.0,0.0,2346.96,352.05,2699.01
2023-10-11,2311070803,RECA,7233,,INV,OCT,2023,EAC,WWS24K23I,WHITE WESTINGHOUSE,Indoor split  A/C 23000 BTU Cool - WiFi,HVPAC,WALL SPLITS,SAC WALL ROTARY,0-Month,2,1260.43,-86.94,3.45,2433.92,365.08,2799.0
2023-10-22,2311072047,REEM,3029,,INV,OCT,2023,EAC,55SUE9350F,SKYWORTH,"Skyworth 55"" 4K UHD LED TV (Google TV)",CE,LCD/LED TV,LED TV,0-Month,1,2782.0,-1565.48,56.27,1216.52,182.47,1398.99
2023-10-25,2311072528,REUI,7596,,INV,OCT,2023,EAC,PIPE-18/24,WHITE WESTINGHOUSE,4 Meter copper pipe for 18K/24K Split AC,HVPAC,ACCESSORIES,PIPE,0-Month,1,0.01,0.0,0.0,0.01,0.01,0.02
2023-10-25,2311072528,REUI,7596,,INV,OCT,2023,EAC,WWS24G23WI,WHITE WESTINGHOUSE,Indoor Split A/C 22100 BTU Cool,HVPAC,WALL SPLITS,SAC WALL ROTARY,0-Month,1,1303.91,0.0,0.0,1303.91,195.59,1499.5
2023-10-16,2318003543,RECA,7233,,CM,OCT,2023,EAC,EK-EER73DB,ELECTROLUX,FLOOR STICK RECHARGEABLE 14.4V,SDA,VACCUM CLEANERS,CANNISTER,0-Month,-1,668.7,668.69,100.0,-0.01,0.0,-0.01
2023-07-02,2311038618,REUI,1879,,INV,JUL,2023,EAC,PIPE V-12/18,WHITE WESTINGHOUSE,4 Meter copper pipe for 12K/18K Split AC,HVPAC,ACCESSORIES,PIPE,0-Month,9,0.01,0.0,0.0,0.09,0.02,0.11
2023-07-04,2321015913,RECA,7233,,INV,JUL,2023,TPC,AW-DK1775WUPBB(WK),TOSHIBA,"TL WASHER 15 KG,UFB WASH,SDD INVERTER,60HZ - WHITE/BLACK",HA,LAUNDRY A,FA TOP LOADING,0-Month,1,2433.91,-434.78,17.86,1999.13,299.87,2299.0
2023-07-06,2311041621,RECA,7233,,INV,JUL,2023,EAC,WWS36G22I,WHITE WESTINGHOUSE,Indoor Split A/C 32200 BTU Cool,HVPAC,WALL SPLITS,SAC WALL ROTARY,0-Month,2,2173.48,0.0,0.0,4346.96,652.05,4999.01
2023-07-06,2311041621,RECA,7233,,INV,JUL,2023,EAC,PIPE V-24,WHITE WESTINGHOUSE,4 Meter copper pipe for 24K Split AC,HVPAC,ACCESSORIES,PIPE,0-Month,1,0.01,0.0,0.0,0.01,0.01,0.02
2023-07-09,2311041964,RECA,7233,,INV,JUL,2023,EAC,EK-EEWA7300AR,ELECTROLUX,KETTLE 2400W 1.7L  STAINLESS STEEL,SDA,LHA,ELECTRIC KETTLE,0-Month,1,260.0,-259.97,99.99,0.03,0.0,0.03
2023-07-13,2311042362,RECA,7233,,INV,JUL,2023,EAC,PIPE-18/24,WHITE WESTINGHOUSE,4 Meter copper pipe for 18K/24K Split AC,HVPAC,ACCESSORIES,PIPE,0-Month,4,0.01,0.0,0.0,0.04,0.01,0.05
2023-07-13,2311042362,RECA,7233,,INV,JUL,2023,EAC,WWS36G22I,WHITE WESTINGHOUSE,Indoor Split A/C 32200 BTU Cool,HVPAC,WALL SPLITS,SAC WALL ROTARY,0-Month,1,2173.48,0.0,0.0,2173.48,326.03,2499.51
2023-07-16,2311042867,RECA,7233,,INV,JUL,2023,EAC,R-28CNS(K),SHARP,"Microwave 28Ltr, Grill & Convection, 220V/60Htz - Black",SDA,MICROWAVE,BASIC,0-Month,2,694.78,-1389.54,100.0,0.02,0.0,0.02
2023-07-16,2311042888,RECA,4207,,INV,JUL,2023,EAC,WWS24G23WI,WHITE WESTINGHOUSE,Indoor Split A/C 22100 BTU Cool,HVPAC,WALL SPLITS,SAC WALL ROTARY,0-Month,1,1303.91,-65.19,5.0,1238.72,185.81,1424.53
2023-07-20,2321017089,RECA,7233,,INV,JUL,2023,TPC,ML-EG42PBB(BS),TOSHIBA,"42L GRILL MICROWAVE, DIGITAL, STEEL, 220V, 60HZ - Black",SDA,MICROWAVE,BASIC,0-Month,1,781.74,-130.44,16.69,651.3,97.7,749.0
2023-07-24,2311043771,RECA,4207,,INV,JUL,2023,EAC,WWS24G23WC,WHITE WESTINGHOUSE,Outdoor Split A/C 22100 BTU Cool WiFi,HVPAC,WALL SPLITS,SAC WALL ROTARY,0-Month,1,1303.91,-64.78,4.97,1239.13,185.87,1425.0
2023-07-26,2311043901,RECA,7233,,INV,JUL,2023,EAC,PIPE V-12/18,WHITE WESTINGHOUSE,4 Meter copper pipe for 12K/18K Split AC,HVPAC,ACCESSORIES,PIPE,0-Month,1,0.01,0.0,0.0,0.01,0.01,0.02
2023-07-27,2321017249,RECA,7233,,INV,JUL,2023,TPC,VC-DR220ABF(G),TOSHIBA,"VAC CLNR DRUM, 22L, 2200W,S Steel Tube - Blck/Grey",SDA,VACCUM CLEANERS,DRUM,0-Month,1,564.35,-95.65,16.95,468.7,70.31,539.01
2023-07-26,2311043935,RECA,7233,,INV,JUL,2023,EAC,DS24T23WI,DORA,Indoor Split A/C 22000 BTU Cool WiFi HI-EER Class D R410A,HVPAC,WALL SPLITS,SAC WALL ROTARY,0-Month,2,1216.96,-173.92,7.15,2260.0,339.0,2599.0
2023-07-27,2311044019,RECA,7233,,INV,JUL,2023,EAC,PIPE V-12/18,WHITE WESTINGHOUSE,4 Meter copper pipe for 12K/18K Split AC,HVPAC,ACCESSORIES,PIPE,0-Month,1,0.01,0.0,0.0,0.01,0.01,0.02
2023-07-28,2321017265,REUI,7561,,INV,JUL,2023,TPC,LT10CBBDIN,LG,Ref 2D 9 Cu. Ft / Pocket Handle  / Pull out tray,HA,REFRIGERATORS,TOP MOUNT,0-Month,1,1738.0,0.0,0.0,1738.0,260.7,1998.7
2023-07-29,2311044067,REEM,3029,,INV,JUL,2023,EAC,WWS18G22C,WHITE WESTINGHOUSE,Outdoor Split A/C 17800 BTU Cool,HVPAC,WALL SPLITS,SAC WALL ROTARY,0-Month,2,1130.0,0.0,0.0,2260.0,339.0,2599.0
2023-07-24,2318002288,RECA,7233,,CM,JUL,2023,EAC,DWD40TBS,DORA,"Bottom Loading Water Dispenser, Black SS, SS Tank",SDA,WATER DISPENSER,FREE STANDING,0-Month,-1,868.7,173.92,20.02,-694.78,-104.22,-799.0
2023-08-01,2318002415,RECA,7233,,CM,AUG,2023,EAC,WWA20K22R,WHITE WESTINGHOUSE,Window A/C 18000 BTU Cool,HVPAC,WAC,WAC ROTARY,0-Month,-2,1303.48,0.02,0.0,-2606.94,-391.04,-2997.98
2023-08-01,2311045402,REUI,7596,,INV,AUG,2023,EAC,QW-MA814K-SS3,SHARP,"Dish Washer, 14 Place Setting, 8 Programs - Silver",HA,DISH WASHER,FREE STANDING,0-Month,1,1651.3,-260.87,15.8,1390.43,208.56,1598.99
2023-08-02,2311048326,RECA,7233,,INV,AUG,2023,EAC,AU-A12WCS,SHARP,Outdoor Split A/C 11600 BTU Cool HI-EER Class D R410A,HVPAC,WALL SPLITS,SAC WALL ROTARY,0-Month,1,1216.96,-413.05,33.94,803.91,120.59,924.5
2023-08-02,2311045630,RECA,4207,,INV,AUG,2023,EAC,PIPE V-30/36,WHITE WESTINGHOUSE,5 Meter copper pipe for 30K/36K Split AC,HVPAC,ACCESSORIES,PIPE,0-Month,1,0.01,0.0,0.0,0.01,0.01,0.02
2023-08-03,2311048536,REUI,7596,,INV,AUG,2023,EAC,WWA20K22R,WHITE WESTINGHOUSE,Window A/C 18000 BTU Cool,HVPAC,WAC,WAC ROTARY,0-Month,1,1303.48,-0.01,0.0,1303.47,195.52,1498.99
2023-08-06,2311048641,RECA,7233,,INV,AUG,2023,EAC,WWS30G22I,WHITE WESTINGHOUSE,Indoor Split A/C 27400 BTU Cool,HVPAC,WALL SPLITS,SAC WALL ROTARY,0-Month,1,1803.91,0.0,0.0,1803.91,270.59,2074.5
2023-08-06,2321018265,REUI,7287,,INV,AUG,2023,TPC,LS25CBBWIV,LG,Ref SxS 22.8 Cu. Ft / Pocket Handle / Inverter Compressor,HA,REFRIGERATORS,SIDE BY SIDE,0-Month,1,4782.0,0.0,0.0,4782.0,717.3,5499.3
2023-08-06,2311048658,RECA,7233,,INV,AUG,2023,EAC,DN-OMNIGLIDE-NK,DYSON,Dyson Omni Glide Vacuum Nickel,SDA,VACCUM CLEANERS,CANNISTER,0-Month,1,1607.83,0.0,0.0,1607.83,241.18,1849.01
2023-08-05,2311048588,RECA,7233,,INV,AUG,2023,EAC,WWS24G23WC,WHITE WESTINGHOUSE,Outdoor Split A/C 22100 BTU Cool WiFi,HVPAC,WALL SPLITS,SAC WALL ROTARY,0-Month,1,1303.91,0.0,0.0,1303.91,195.59,1499.5
2023-08-08,2311048915,RECA,4207,,INV,AUG,2023,EAC,DGCF90J,DORA,"Gas Cooker 90x60 SS, with Silver Side",HA,COOKING RANGE,GAS COOKER,0-Month,1,1651.3,-165.13,10.0,1486.17,222.93,1709.1
2023-08-08,2318002469,RECA,4207,,CM,AUG,2023,EAC,EC-CAS2121-Z,SHARP,"VAC CLNR DRUM, 21L, 2100W,METAL TUBE - RED",SDA,VACCUM CLEANERS,CANNISTER,0-Month,-1,460.0,108.7,23.63,-351.3,-52.69,-403.99
2023-08-10,2321018756,REUI,7596,,INV,AUG,2023,TPC,AW-DK1775WUPBB(WK),TOSHIBA,"TL WASHER 15 KG,UFB WASH,SDD INVERTER,60HZ - WHITE/BLACK",HA,LAUNDRY A,FA TOP LOADING,0-Month,1,2433.91,-260.87,10.72,2173.04,325.95,2498.99
2023-08-11,2311049656,RECA,7233,,INV,AUG,2023,EAC,DWD77TDP,DORA,"Top and Bottom Loading Water Dispenser, black with SS",SDA,WATER DISPENSER,FREE STANDING,0-Month,1,1042.61,-365.22,35.03,677.39,101.61,779.0
2023-08-13,2311049902,RECA,4207,,INV,AUG,2023,EAC,PIPE V-12/18,WHITE WESTINGHOUSE,4 Meter copper pipe for 12K/18K Split AC,HVPAC,ACCESSORIES,PIPE,0-Month,5,0.01,0.0,0.0,0.05,0.01,0.06
2023-08-14,2311050206,RECA,4207,,INV,AUG,2023,EAC,AU-A18ATS,SHARP,Outdoor Split A/C 18000 BTU Cool HI-EER Class D R410A.,HVPAC,WALL SPLITS,SAC WALL ROTARY,0-Month,1,1064.78,-73.89,6.94,990.89,148.63,1139.52
2023-08-19,2311050982,RECA,4207,,INV,AUG,2023,EAC,AH-A36ZCS,SHARP,Indoor Split A/C 32200 BTU Cool HI-EER Class D R410A,HVPAC,WALL SPLITS,SAC WALL ROTARY,0-Month,1,2956.08,-1056.52,35.74,1899.56,284.94,2184.5
2023-08-21,2321019790,RECA,4207,,INV,AUG,2023,TPC,GR-RS780WI-PGU(22),TOSHIBA,"SBS 19.4 Cf-549L,Inverter,PBIO,Max Humid,Alloy Cool-Bk Glass",HA,REFRIGERATORS,SIDE BY SIDE,0-Month,1,3738.26,-608.7,16.28,3129.56,469.43,3598.99
2023-08-23,2311051632,RECA,4207,,INV,AUG,2023,EAC,HUF48HAI23,HISENSE,"Free Stand AC Indoor Unit 48000 BTU , Heat Cool, Inverter",HVPAC,FS SPLITS,FS SPLITS,0-Month,1,3956.09,0.0,0.0,3956.09,593.42,4549.51
2023-08-27,2311051973,REUI,7596,,INV,AUG,2023,EAC,WWS18K23C,WHITE WESTINGHOUSE,Outdoor split  A/C 18400 BTU Cool - WiFi,HVPAC,WALL SPLITS,SAC WALL ROTARY,0-Month,1,999.57,-43.48,4.35,956.09,143.41,1099.5
2023-08-28,2311052693,REUI,7596,,INV,AUG,2023,EAC,WWS24K23C,WHITE WESTINGHOUSE,Outdoor split  A/C 23000 BTU Cool - WiFi,HVPAC,WALL SPLITS,SAC WALL ROTARY,0-Month,1,1260.43,-43.47,3.45,1216.96,182.54,1399.5
2023-08-29,2311052879,RECA,7233,,INV,AUG,2023,EAC,WWA25G22R,WHITE WESTINGHOUSE,Window A/C 21800 BTU Cool,HVPAC,WAC,WAC ROTARY,0-Month,2,1738.26,-660.88,19.01,2815.64,422.34,3237.98
2023-08-29,2311052878,RECA,7233,,INV,AUG,2023,EAC,EK-EDB6150AR,ELECTROLUX,"STEAM IRON 2400W, RESILIUM SOLEPLATE",SDA,LHA,IRON,0-Month,2,190.43,-133.5,35.05,247.36,37.1,284.46
2023-08-30,2311053120,RECA,7233,,INV,AUG,2023,EAC,AH-A24ATS,SHARP,Indoor Split A/C 21000 BTU Cool HI-EER Class D R410A,HVPAC,WALL SPLITS,SAC WALL ROTARY,0-Month,2,1282.17,-43.48,1.7,2520.86,378.13,2898.99
2023-08-30,2311053221,RECA,7233,,INV,AUG,2023,EAC,WWS30T22PC,WHITE WESTINGHOUSE,Outdoor Split A/C 27800 BTU Cool,HVPAC,WALL SPLITS,SAC WALL ROTARY,0-Month,2,2260.43,-1478.26,32.7,3042.6,456.39,3498.99
2023-08-31,2321021481,RECA,7233,,INV,AUG,2023,TPC,GR-RF610WE-PMU(37),TOSHIBA,"FRENCH DOOR 16.20 CFT (457L), INVERTER, 230V - SATIN GREY",HA,REFRIGERATORS,TOP MOUNT,0-Month,1,3738.26,-260.87,6.98,3477.39,521.6,3998.99
2023-09-06,2311059565,REUI,7561,,INV,SEP,2023,EAC,WWS18K23C,WHITE WESTINGHOUSE,Outdoor split  A/C 18400 BTU Cool - WiFi,HVPAC,WALL SPLITS,SAC WALL ROTARY,0-Month,3,999.57,-130.44,4.35,2868.27,430.24,3298.51
2023-09-06,2311059566,REUI,7596,,INV,SEP,2023,EAC,WWS24K23I,WHITE WESTINGHOUSE,Indoor split  A/C 23000 BTU Cool - WiFi,HVPAC,WALL SPLITS,SAC WALL ROTARY,0-Month,2,1260.43,-86.94,3.45,2433.92,365.08,2799.0
2023-09-06,2311059570,REUI,7561,,INV,SEP,2023,EAC,WWS24K23I,WHITE WESTINGHOUSE,Indoor split  A/C 23000 BTU Cool - WiFi,HVPAC,WALL SPLITS,SAC WALL ROTARY,0-Month,1,1260.43,-43.47,3.45,1216.96,182.54,1399.5
2023-09-07,2321021758,REEM,3029,,INV,SEP,2023,TPC,VH-J150WBB,TOSHIBA,"TWIN TUB WASHER 14.0 KG, 220-230V 60HZ",HA,LAUNDRY TT,TWIN-TUB,0-Month,1,1738.26,-347.83,20.01,1390.43,208.56,1598.99
2023-09-09,2311059810,REUI,7596,,INV,SEP,2023,EAC,WWS18K23I,WHITE WESTINGHOUSE,Indoor split  A/C 18400 BTU Cool - WiFi,HVPAC,WALL SPLITS,SAC WALL ROTARY,0-Month,1,999.57,-43.48,4.35,956.09,143.41,1099.5
2023-09-11,2311060186,REUI,7596,,INV,SEP,2023,EAC,65SUE9500,SKYWORTH,"SKYWORTH  65"" QLED Google TV UHD 4K HDR SMART TV",CE,LCD/LED TV,LED TV,0-Month,2,2086.0,-521.58,12.5,3650.42,547.56,4197.98
2023-09-11,2318002665,RECA,7233,,CM,SEP,2023,EAC,DPA25T23R,DORA,Window A/C 20000 BTU Cool HI-EER Class F R410A,HVPAC,WAC,WAC ROTARY,0-Month,-1,1564.34,0.0,0.0,-1564.34,-234.66,-1799.0
2023-09-12,2311062057,RECA,4207,,INV,SEP,2023,EAC,WWFR21KS,WHITE WESTINGHOUSE,21 Cu Ft. SS Full Refrigerator Inverter Compressor R600a,HA,REFRIGERATORS,ALL REFRIGERATOR,0-Month,2,3216.52,-956.52,14.87,5476.52,821.48,6298.0
2023-09-14,2311062296,RECA,7233,,INV,SEP,2023,EAC,DO45LS1,DORA,"OVEN 45 L 2000w, SS, Convection, Rotisserie & Top Stove",SDA,LHA,DEEP FRYER,0-Month,1,286.09,-155.65,54.41,130.44,19.57,150.01
2023-09-20,2311063115,REUI,7561,,INV,SEP,2023,EAC,55DYAC40,DORA,"55 Inch, UHD 4K, Android 11, Dolby Audio, 2.1 HDMI",CE,LCD/LED TV,LED TV,0-Month,1,1260.0,-217.39,17.25,1042.61,156.39,1199.0
2023-09-21,2321023165,RECA,7233,,INV,SEP,2023,TPC,LTT7CBBWI,LG,Ref 1D 6.9 Cu. Ft / Pocket Handle / Inverter Compressor,HA,REFRIGERATORS,MINI BAR,0-Month,1,1303.0,0.0,0.0,1303.0,195.45,1498.45
2023-09-23,2311063433,RECA,7233,,INV,SEP,2023,EAC,PIPE V-12/18,WHITE WESTINGHOUSE,4 Meter copper pipe for 12K/18K Split AC,HVPAC,ACCESSORIES,PIPE,0-Month,1,0.01,0.0,0.0,0.01,0.01,0.02
2023-09-24,2321023258,RECA,7233,,INV,SEP,2023,TPC,TBA-36LMG5G089KS-SA,TOSHIBA,"Gas Cooker 90x60, 5 burner with Rotisserie & Convection - SS",HA,COOKING RANGE,GAS COOKER,0-Month,1,1999.13,-86.96,4.35,1912.17,286.82,2198.99
2023-09-24,2311063474,RECA,7233,,INV,SEP,2023,EAC,PIPE-30,WHITE WESTINGHOUSE,5 Meter copper pipe for 30K Split AC,HVPAC,ACCESSORIES,PIPE,0-Month,1,0.01,0.0,0.0,0.01,0.01,0.02
2023-09-24,2321023256,RECA,7233,,INV,SEP,2023,TPC,MW-MM20PB(BK)-P,TOSHIBA,"20L MICROWAVE, 220V, 60HZ - Black",SDA,MICROWAVE,BASIC,0-Month,1,286.09,0.0,0.0,286.09,42.92,329.01
2023-09-22,2321023227,RECA,7233,,INV,SEP,2023,TPC,GR-RT468WE-PMU(37),TOSHIBA,"Fridge 12.0 Cft (338L), Inverter - Satin Grey",HA,REFRIGERATORS,TOP MOUNT,0-Month,1,1999.13,-260.87,13.05,1738.26,260.73,1998.99
2023-09-25,2321023350,RECA,4207,,INV,SEP,2023,TPC,AW-DUK2215WUPBB(SK),TOSHIBA,"TL WASHER 13.5kg,GLASS LID,UFB WASH,SDD INVERTER,STEEL BLACK",HA,LAUNDRY A,FA TOP LOADING,0-Month,1,2868.7,-521.75,18.19,2346.95,352.04,2698.99
2023-09-24,2311063601,RECA,7233,,INV,SEP,2023,EAC,EK-EER73DB,ELECTROLUX,FLOOR STICK RECHARGEABLE 14.4V,SDA,VACCUM CLEANERS,CANNISTER,0-Month,1,668.7,-668.69,100.0,0.01,0.0,0.01
2023-09-25,2311063671,RECA,7233,,INV,SEP,2023,EAC,HS24CPVO23,HISENSE,Outdoor Split A/C 24000 BTU Cool - Inverter - WiFi,HVPAC,WALL SPLITS,SAC WALL ROTARY,0-Month,1,1543.04,-282.61,18.32,1260.43,189.06,1449.49
2023-09-25,2321023362,RECA,7233,,INV,SEP,2023,TPC,GR-AG720ATE(X),TOSHIBA,"FRIDGE 19.60 CFT (554L),INVERTER,230V,50/60HZ -MIRROR DOOR",HA,REFRIGERATORS,TOP MOUNT,0-Month,1,4607.83,-2303.92,50.0,2303.91,345.59,2649.5
2023-09-26,2311063849,RECA,7233,,INV,SEP,2023,EAC,E7CM1-50GB,ELECTROLUX,"Coffee Maker, Black with Aroma - Explore 7",SDA,LHA,COFFEE MAKER,0-Month,1,433.91,-433.9,100.0,0.01,0.0,0.01
2023-09-26,2311063858,RECA,7233,,INV,SEP,2023,EAC,WWS30T22PC,WHITE WESTINGHOUSE,Outdoor Split A/C 27800 BTU Cool,HVPAC,WALL SPLITS,SAC WALL ROTARY,0-Month,1,2260.43,-739.13,32.7,1521.3,228.2,1749.5
2023-09-26,2311063858,RECA,7233,,INV,SEP,2023,EAC,PIPE-30,WHITE WESTINGHOUSE,5 Meter copper pipe for 30K Split AC,HVPAC,ACCESSORIES,PIPE,0-Month,1,0.01,0.0,0.0,0.01,0.01,0.02
2023-09-27,2311064526,RECA,7233,,INV,SEP,2023,EAC,HS18CPVO23,HISENSE,Outdoor Split A/C 18400 BTU Cool - Inverter - WiFi,HVPAC,WALL SPLITS,SAC WALL ROTARY,0-Month,1,1325.65,-326.08,24.6,999.57,149.93,1149.5
2023-09-26,2311064447,RECA,7233,,INV,SEP,2023,EAC,DS18T23WI,DORA,Indoor Split A/C 18000 BTU Cool WiFi HI-EER Class D R410A,HVPAC,WALL SPLITS,SAC WALL ROTARY,0-Month,1,977.83,-65.22,6.67,912.61,136.89,1049.5
2023-09-27,2311064808,REEM,3029,,INV,SEP,2023,EAC,E7CM1-50GB,ELECTROLUX,"Coffee Maker, Black with Aroma - Explore 7",SDA,LHA,COFFEE MAKER,0-Month,1,433.91,-433.87,99.99,0.04,0.0,0.04
2023-09-30,2311065658,RECA,7233,,INV,SEP,2023,EAC,EK-EER73DB,ELECTROLUX,FLOOR STICK RECHARGEABLE 14.4V,SDA,VACCUM CLEANERS,CANNISTER,0-Month,1,668.7,-668.69,100.0,0.01,0.0,0.01
2023-09-30,2311065826,REUI,1879,,INV,SEP,2023,EAC,QW-MA814K-SS3,SHARP,"Dish Washer, 14 Place Setting, 8 Programs - Silver",HA,DISH WASHER,FREE STANDING,0-Month,1,1390.43,0.0,0.0,1390.43,208.57,1599.0
2023-09-30,2311065969,REUI,7596,,INV,SEP,2023,EAC,WWA20K22R,WHITE WESTINGHOUSE,Window A/C 18000 BTU Cool,HVPAC,WAC,WAC ROTARY,0-Month,1,1346.96,-43.49,3.23,1303.47,195.52,1498.99
2023-09-30,2311065986,RECA,4207,,INV,SEP,2023,EAC,WWA25G22R,WHITE WESTINGHOUSE,Window A/C 21800 BTU Cool,HVPAC,WAC,WAC ROTARY,0-Month,2,1738.26,-520.0,14.96,2956.52,443.48,3400.0
2023-10-02,2311066265,RECA,7233,,INV,OCT,2023,EAC,WWS24K23I,WHITE WESTINGHOUSE,Indoor split  A/C 23000 BTU Cool - WiFi,HVPAC,WALL SPLITS,SAC WALL ROTARY,0-Month,2,1260.43,-86.94,3.45,2433.92,365.08,2799.0
2023-10-03,2311066276,RECA,7233,,INV,OCT,2023,EAC,WW700MT11,WHITE WESTINGHOUSE,WASHING MACHINE 7KG 220V 50/60HZ HIGH EER,HA,LAUNDRY TT,TWIN-TUB,0-Month,1,607.83,0.0,0.0,607.83,91.18,699.01
2023-10-04,2321025239,RECA,7233,,INV,OCT,2023,TPC,WF1711XMT,LG,WM FL 17KG / 6 Motion / TurboWash / Wi-Fi / DD Motor,HA,LAUNDRY A,FA FRONT LOADING,0-Month,1,9217.0,-4522.0,49.06,4695.0,704.25,5399.25
2023-10-07,2311070093,RECA,7233,,INV,OCT,2023,EAC,WWS24G23WC,WHITE WESTINGHOUSE,Outdoor Split A/C 22100 BTU Cool WiFi,HVPAC,WALL SPLITS,SAC WALL ROTARY,0-Month,1,1303.91,0.0,0.0,1303.91,195.59,1499.5
2023-10-07,2311070087,RECA,7233,,INV,OCT,2023,EAC,DS24T23WI,DORA,Indoor Split A/C 22000 BTU Cool WiFi HI-EER Class D R410A,HVPAC,WALL SPLITS,SAC WALL ROTARY,0-Month,1,1216.96,-86.96,7.15,1130.0,169.5,1299.5
2023-10-10,2311070513,REEM,3064,,INV,OCT,2023,EAC,DN-COOLPURIFIER-TP09,DYSON,Dyson Cool Purifier White & Gold,SDA,AIR PURIFIER,PURIFYING FAN,0-Month,1,2694.78,0.0,0.0,2694.78,404.22,3099.0
2023-10-16,2311071404,RECA,7233,,INV,OCT,2023,EAC,WWS24K23I,WHITE WESTINGHOUSE,Indoor split  A/C 23000 BTU Cool - WiFi,HVPAC,WALL SPLITS,SAC WALL ROTARY,0-Month,2,1260.43,-207.82,8.24,2313.04,346.95,2659.99
2023-10-24,2321027163,RECA,7233,,INV,OCT,2023,TPC,VC-DR220ABF(G),TOSHIBA,"VAC CLNR DRUM, 22L, 2200W,S Steel Tube - Blck/Grey",SDA,VACCUM CLEANERS,DRUM,0-Month,1,564.35,-130.44,23.11,433.91,65.09,499.0
2023-10-25,2311072585,RECA,7233,,INV,OCT,2023,EAC,DA20K23R,DORA,Window A/C 18000 BTU Cool Hi-EER Class F R410A,HVPAC,WAC,WAC ROTARY,0-Month,1,1260.0,-43.48,3.45,1216.52,182.47,1398.99
2023-10-28,2311072865,RECA,7233,,INV,OCT,2023,EAC,WWUF17TVS,WHITE WESTINGHOUSE,17 CuFt/481 Ltr SS Commercial Upright Freezer,HA,FREEZERS,UPRIGHT FREEZER,0-Month,1,3042.61,-173.92,5.72,2868.69,430.31,3299.0
2023-10-29,2311073118,RECA,7233,,INV,OCT,2023,EAC,EK-EWF9025MQSA,ELECTROLUX,9KG UltimateCare FL Washer with Vapour Care Technology,HA,LAUNDRY A,FA FRONT LOADING,0-Month,1,2390.43,-983.03,41.12,1407.4,211.11,1618.51
2023-07-02,2311038618,REUI,1879,,INV,JUL,2023,EAC,HS30CPI23,HISENSE,Indoor Split A/C 27000 BTU Cool - WiFi,HVPAC,WALL SPLITS,SAC WALL ROTARY,0-Month,6,1782.17,-972.0,9.09,9721.02,1458.16,11179.18
2023-07-04,2321015929,RECA,7233,,INV,JUL,2023,TPC,VH-J150WBB,TOSHIBA,"TWIN TUB WASHER 14.0 KG, 220-230V 60HZ",HA,LAUNDRY TT,TWIN-TUB,0-Month,1,1738.26,-260.87,15.01,1477.39,221.6,1698.99
2023-07-05,2311041569,RECA,7233,,INV,JUL,2023,EAC,EK-EEWA7300AR,ELECTROLUX,KETTLE 2400W 1.7L  STAINLESS STEEL,SDA,LHA,ELECTRIC KETTLE,0-Month,1,260.0,-259.97,99.99,0.03,0.0,0.03
2023-07-11,2311042055,RECO,7183,,INV,JUL,2023,EAC,DCFAM200,DORA,"7 CuFt, 199L Chest Freezer 230V 60HZ, R600A",HA,FREEZERS,CHEST FREEZERS,0-Month,1,781.74,-51.14,6.54,730.6,109.59,840.19
2023-07-12,2311042268,REUI,7561,,INV,JUL,2023,EAC,65DYW50,DORA,"65"" 4K HDR, LG WEBOS SMART TV, 2.1 HDMI, MAGIC REMOTE",CE,LCD/LED TV,LED,0-Month,1,2086.09,-521.74,25.01,1564.35,234.65,1799.0
2023-07-13,2311042414,REUI,7596,,INV,JUL,2023,EAC,DA20K23R,DORA,Window A/C 18000 BTU Cool Hi-EER Class F R410A,HVPAC,WAC,WAC ROTARY,0-Month,1,1260.0,-43.48,3.45,1216.52,182.47,1398.99
2023-07-15,2321016466,REUI,7596,,INV,JUL,2023,TPC,AW-DUK1300KUPBB(WW),TOSHIBA,"TL Washer 12kg,Pump,Great Wave,Glass Lid,60hz-White",HA,LAUNDRY A,FA TOP LOADING,0-Month,1,1912.17,-173.91,9.09,1738.26,260.74,1999.0
2023-07-18,2311043084,REUI,7286,,INV,JUL,2023,EAC,MQ9A3AH/A,APPLE MACINTOSH,iPhone 14 Pro Max 256GB Space Black,TELECOM,MOBILES,SMART PHONES,0-Month,1,5042.61,0.0,0.0,5042.61,756.4,5799.01
2023-07-19,2311043270,RECA,7233,,INV,JUL,2023,EAC,E7EK1-60BP,ELECTROLUX,"Stainless Steel Kettle, Matt Black, 1.7L",SDA,LHA,ELECTRIC KETTLE,0-Month,1,433.91,-217.39,50.1,216.52,32.48,249.0
2023-07-21,2311043557,REUI,7596,,INV,JUL,2023,EAC,AH-A12WCS,SHARP,Indoor Split A/C 11600 BTU Cool HI-EER Class D R410A,HVPAC,WALL SPLITS,SAC WALL ROTARY,0-Month,1,1216.96,-413.05,33.94,803.91,120.59,924.5
2023-07-29,2311044066,RECA,7233,,INV,JUL,2023,EAC,WWFL10VW12,WHITE WESTINGHOUSE,"FRONT LOAD WASHER 12KG, INVERTER, WITH PUMP, 1400RPM",HA,LAUNDRY,FA FRONT LOADING,0-Month,1,2173.04,-173.91,8.0,1999.13,299.87,2299.0
2023-08-01,2311045530,RECA,7233,,INV,AUG,2023,EAC,DS24T23WC,DORA,Outdoor Split A/C 22000 BTU Cool WiFi HI-EER Class D R410A,HVPAC,WALL SPLITS,SAC WALL ROTARY,0-Month,1,1216.96,-86.96,7.15,1130.0,169.5,1299.5
2023-08-02,2311048300,RECA,4207,,INV,AUG,2023,EAC,PIPE V-12/18,WHITE WESTINGHOUSE,4 Meter copper pipe for 12K/18K Split AC,HVPAC,ACCESSORIES,PIPE,0-Month,9,0.01,0.0,0.0,0.09,0.02,0.11
2023-08-02,2311045626,REUI,7561,,INV,AUG,2023,EAC,WWS24G23WC,WHITE WESTINGHOUSE,Outdoor Split A/C 22100 BTU Cool WiFi,HVPAC,WALL SPLITS,SAC WALL ROTARY,0-Month,1,1303.91,0.0,0.0,1303.91,195.59,1499.5
2023-08-02,2311048407,REUI,7596,,INV,AUG,2023,EAC,WWS18G22I,WHITE WESTINGHOUSE,Indoor Split A/C 17800 BTU Cool,HVPAC,WALL SPLITS,SAC WALL ROTARY,0-Month,1,1130.0,0.0,0.0,1130.0,169.5,1299.5
2023-08-06,2311048655,RECA,4207,,INV,AUG,2023,EAC,DS24T23WC,DORA,Outdoor Split A/C 22000 BTU Cool WiFi HI-EER Class D R410A,HVPAC,WALL SPLITS,SAC WALL ROTARY,0-Month,1,1216.96,-143.05,11.75,1073.91,161.09,1235.0
2023-08-06,2311048659,REUI,1879,,INV,AUG,2023,EAC,WWS18G22C,WHITE WESTINGHOUSE,Outdoor Split A/C 17800 BTU Cool,HVPAC,WALL SPLITS,SAC WALL ROTARY,0-Month,5,1130.0,-513.6,9.09,5136.4,770.46,5906.86
2023-08-05,2311048588,RECA,7233,,INV,AUG,2023,EAC,WWS24G23WI,WHITE WESTINGHOUSE,Indoor Split A/C 22100 BTU Cool,HVPAC,WALL SPLITS,SAC WALL ROTARY,0-Month,1,1303.91,0.0,0.0,1303.91,195.59,1499.5
2023-08-07,2311048751,RECA,7233,,INV,AUG,2023,EAC,AH-A24ATS,SHARP,Indoor Split A/C 21000 BTU Cool HI-EER Class D R410A,HVPAC,WALL SPLITS,SAC WALL ROTARY,0-Month,3,1282.17,-65.22,1.7,3781.29,567.19,4348.48
2023-08-07,2311048730,RECA,7233,,INV,AUG,2023,EAC,WWS36T22PI,WHITE WESTINGHOUSE,Indoor Split A/C 30600 BTU Cool,HVPAC,WALL SPLITS,SAC WALL ROTARY,0-Month,1,2760.43,-978.26,35.44,1782.17,267.33,2049.5
2023-08-10,2311049468,REUI,7287,,INV,AUG,2023,EAC,WWS18G22C,WHITE WESTINGHOUSE,Outdoor Split A/C 17800 BTU Cool,HVPAC,WALL SPLITS,SAC WALL ROTARY,0-Month,1,1130.0,0.0,0.0,1130.0,169.5,1299.5
2023-08-10,2311049468,REUI,7287,,INV,AUG,2023,EAC,WWS24G23WI,WHITE WESTINGHOUSE,Indoor Split A/C 22100 BTU Cool,HVPAC,WALL SPLITS,SAC WALL ROTARY,0-Month,3,1303.91,0.0,0.0,3911.73,586.76,4498.49
2023-08-10,2311049642,RECA,4207,,INV,AUG,2023,EAC,WWS30T22PC,WHITE WESTINGHOUSE,Outdoor Split A/C 27800 BTU Cool,HVPAC,WALL SPLITS,SAC WALL ROTARY,0-Month,1,2260.43,-815.22,36.06,1445.21,216.78,1661.99
2023-08-13,2311050080,RECA,7233,,INV,AUG,2023,EAC,65DYAC40,DORA,"65 Inch, UHD 4K, Android 11, Dolby Audio, 2.1 HDMI",CE,LCD/LED TV,LED TV,0-Month,1,1825.22,-173.92,9.53,1651.3,247.7,1899.0
2023-08-17,2311050838,RECA,7233,,INV,AUG,2023,EAC,DPA25T23R,DORA,Window A/C 20000 BTU Cool HI-EER Class F R410A,HVPAC,WAC,WAC ROTARY,0-Month,2,1564.34,-65.2,2.08,3063.48,459.53,3523.01
2023-08-27,2311052589,REUI,7596,,INV,AUG,2023,EAC,PIPE-30,WHITE WESTINGHOUSE,5 Meter copper pipe for 30K Split AC,HVPAC,ACCESSORIES,PIPE,0-Month,1,0.01,0.0,0.0,0.01,0.01,0.02
2023-08-28,2321020674,RECA,7233,,INV,AUG,2023,TPC,GR-RF610WE-PMU(37),TOSHIBA,"FRENCH DOOR 16.20 CFT (457L), INVERTER, 230V - SATIN GREY",HA,REFRIGERATORS,TOP MOUNT,0-Month,1,3738.26,-260.87,6.98,3477.39,521.6,3998.99
2023-08-29,2318002573,RECA,7233,,CM,AUG,2023,EAC,WWS18G22C,WHITE WESTINGHOUSE,Outdoor Split A/C 17800 BTU Cool,HVPAC,WALL SPLITS,SAC WALL ROTARY,0-Month,-2,1130.0,339.12,15.01,-1920.88,-288.13,-2209.01
2023-09-02,2311054353,RECA,7233,,INV,SEP,2023,EAC,FS-5003,LOCAL,FujiStar HDMI Cable 3M,CE,OTHERS,OTHERS,0-Month,1,25.21,-25.21,100.0,0.0,0.0,0.0
2023-09-04,2311054616,REUI,7561,,INV,SEP,2023,EAC,PIPE-18/24,WHITE WESTINGHOUSE,4 Meter copper pipe for 18K/24K Split AC,HVPAC,ACCESSORIES,PIPE,0-Month,1,0.01,0.0,0.0,0.01,0.01,0.02
2023-09-10,2311059912,RECA,7233,,INV,SEP,2023,EAC,HS24CPVO23,HISENSE,Outdoor Split A/C 24000 BTU Cool - Inverter - WiFi,HVPAC,WALL SPLITS,SAC WALL ROTARY,0-Month,2,1543.04,-60.86,1.97,3025.22,453.79,3479.01
2023-09-11,2321021899,RECA,7233,,INV,SEP,2023,TPC,ML-EG42PBB(BS),TOSHIBA,"42L GRILL MICROWAVE, DIGITAL, STEEL, 220V, 60HZ - Black",SDA,MICROWAVE,BASIC,0-Month,1,694.78,-43.47,6.26,651.31,97.69,749.0
2023-09-11,2311060049,REEM,3064,,INV,SEP,2023,EAC,DA20K23R,DORA,Window A/C 18000 BTU Cool Hi-EER Class F R410A,HVPAC,WAC,WAC ROTARY,0-Month,1,1260.0,-43.47,3.45,1216.53,182.47,1399.0
2023-09-17,2321022823,RECA,7233,,INV,SEP,2023,TPC,AW-UK1100HUPBB(SG),TOSHIBA,"TL Washer 10kg, UFB Wash, 220-230V, 60HZ - Silver",HA,LAUNDRY A,FA TOP LOADING,0-Month,1,1738.26,-173.91,10.0,1564.35,234.65,1799.0
2023-09-18,2311062893,RECA,7233,,INV,SEP,2023,EAC,55DYW50,DORA,"55"" 4K HDR, LG WEBOS SMART TV, 2.1 HDMI, MAGIC REMOTE",CE,LCD/LED TV,LED,0-Month,1,1564.35,-434.78,27.79,1129.57,169.44,1299.01
2023-09-19,2311062982,RECA,7233,,INV,SEP,2023,EAC,WWS18K23I,WHITE WESTINGHOUSE,Indoor split  A/C 18400 BTU Cool - WiFi,HVPAC,WALL SPLITS,SAC WALL ROTARY,0-Month,1,999.57,-43.48,4.35,956.09,143.41,1099.5
2023-09-24,2311063460,RECA,7233,,INV,SEP,2023,EAC,WNGB90JGUS,WHITE WESTINGHOUSE,5 BURNER STEEL WITH GRILL PUSH IGNITION,HA,COOKING RANGE,GAS COOKER,0-Month,1,1477.39,-173.91,11.77,1303.48,195.52,1499.0
2023-09-25,2311063679,REUI,7596,,INV,SEP,2023,EAC,E7CM1-50GB,ELECTROLUX,"Coffee Maker, Black with Aroma - Explore 7",SDA,LHA,COFFEE MAKER,0-Month,2,433.91,-867.74,99.99,0.08,0.01,0.09
2023-09-25,2311063735,REUI,7596,,INV,SEP,2023,EAC,HS18CPVI23,HISENSE,Indoor Split A/C 18400 BTU Cool - Inverter - WiFi,HVPAC,WALL SPLITS,SAC WALL ROTARY,0-Month,2,1325.65,-652.16,24.6,1999.14,299.87,2299.01
2023-09-26,2321023412,RECA,7233,,INV,SEP,2023,TPC,MM-EG34PB(BK),TOSHIBA,"34L GRILL MICROWAVE, DIGITAL, STEEL, 220V, 60HZ - Black",SDA,MICROWAVE,GRILL,0-Month,1,520.87,-43.48,8.35,477.39,71.61,549.0
2023-09-27,2311064488,RECA,7233,,INV,SEP,2023,EAC,EHH3320NVK,ELECTROLUX,B.I 30 Cm Electric Domino Hob (Induction),HA,BUILT-IN,HOB,0-Month,1,1807.83,-1092.26,60.42,715.57,107.34,822.91
2023-09-26,2328001557,RECA,7233,,CM,SEP,2023,TPC,75U7880EE,TOSHIBA,"75"" ULTRA HD 4K LED TV WITH ANDROID 8.0",CE,LCD/LED TV,ULTRA HD,0-Month,-1,7173.04,5521.73,76.98,-1651.31,-247.7,-1899.01
2023-09-28,2311065264,RECA,4207,,INV,SEP,2023,EAC,HS18CPVO23,HISENSE,Outdoor Split A/C 18400 BTU Cool - Inverter - WiFi,HVPAC,WALL SPLITS,SAC WALL ROTARY,0-Month,6,1325.65,-2256.54,28.37,5697.36,854.6,6551.96
2023-09-30,2311065965,REUI,7596,,INV,SEP,2023,EAC,PIPE V-24,WHITE WESTINGHOUSE,4 Meter copper pipe for 24K Split AC,HVPAC,ACCESSORIES,PIPE,0-Month,6,0.01,0.0,0.0,0.06,0.01,0.07
2023-09-30,2311066001,RECA,4207,,INV,SEP,2023,EAC,QW-MA814K-SS3,SHARP,"Dish Washer, 14 Place Setting, 8 Programs - Silver",HA,DISH WASHER,FREE STANDING,0-Month,1,1390.43,-138.26,9.94,1252.17,187.83,1440.0
2023-10-03,2311066524,REUI,7596,,INV,OCT,2023,EAC,WWA20K22R,WHITE WESTINGHOUSE,Window A/C 18000 BTU Cool,HVPAC,WAC,WAC ROTARY,0-Month,1,1346.96,-43.49,3.23,1303.47,195.52,1498.99
2023-10-08,2311070111,RECA,7233,,INV,OCT,2023,EAC,WWS12K23C,WHITE WESTINGHOUSE,Outdoor split  A/C 12000 BTU Cool - WiFi,HVPAC,WALL SPLITS,SAC WALL ROTARY,0-Month,1,847.39,-43.48,5.13,803.91,120.58,924.49
2023-10-09,2321025693,RECA,4207,,INV,OCT,2023,TPC,AW-UK1100HUPBB(SG),TOSHIBA,"TL Washer 10kg, UFB Wash, 220-230V, 60HZ - Silver",HA,LAUNDRY A,FA TOP LOADING,0-Month,1,1738.26,-330.35,19.0,1407.91,211.18,1619.09
2023-10-14,2311071108,RECA,7233,,INV,OCT,2023,EAC,EWF1141AESA,ELECTROLUX,11KG UltimateCare FL Washer with Vapour Care Technology,HA,LAUNDRY A,FA FRONT LOADING,0-Month,1,3651.3,-1500.05,41.08,2151.25,322.69,2473.94
2023-10-13,2321026127,RECA,7233,,INV,OCT,2023,TPC,MM-EG34PB(BK),TOSHIBA,"34L GRILL MICROWAVE, DIGITAL, STEEL, 220V, 60HZ - Black",SDA,MICROWAVE,GRILL,0-Month,1,520.87,0.0,0.0,520.87,78.14,599.01
2023-10-15,2311071237,RECA,7233,,INV,OCT,2023,EAC,PIPE-18/24,WHITE WESTINGHOUSE,4 Meter copper pipe for 18K/24K Split AC,HVPAC,ACCESSORIES,PIPE,0-Month,6,0.01,0.0,0.0,0.06,0.01,0.07
2023-10-17,2311071466,RECA,7233,,INV,OCT,2023,EAC,WWS18K23C,WHITE WESTINGHOUSE,Outdoor split  A/C 18400 BTU Cool - WiFi,HVPAC,WALL SPLITS,SAC WALL ROTARY,0-Month,2,999.57,-373.06,18.66,1626.08,243.92,1870.0
2023-10-24,2311072477,RECA,7233,,INV,OCT,2023,EAC,EK-EEWA7300AR,ELECTROLUX,KETTLE 2400W 1.7L  STAINLESS STEEL,SDA,LHA,ELECTRIC KETTLE,0-Month,1,260.0,-132.08,50.8,127.92,19.18,147.1
2023-10-28,2311072858,RECA,7233,,INV,OCT,2023,EAC,DWD60UBW,DORA,"Bottom Loading UV Lamp Sterilizer, White, SS Tank",SDA,WATER DISPENSER,FREE STANDING,0-Month,1,1042.61,-304.35,29.19,738.26,110.74,849.0
2023-10-29,2311073078,RECA,7233,,INV,OCT,2023,EAC,WWFR21KS,WHITE WESTINGHOUSE,21 Cu Ft. SS Full Refrigerator Inverter Compressor R600a,HA,REFRIGERATORS,ALL REFRIGERATOR,0-Month,1,3216.52,-173.92,5.41,3042.6,456.39,3498.99
2023-10-30,2311073187,RECA,4207,,INV,OCT,2023,EAC,WWS18K23I,WHITE WESTINGHOUSE,Indoor split  A/C 18400 BTU Cool - WiFi,HVPAC,WALL SPLITS,SAC WALL ROTARY,0-Month,7,999.57,-639.17,9.13,6357.82,953.67,7311.49
2023-07-04,2311041373,RECA,7233,,INV,JUL,2023,EAC,PIPE V-30/36,WHITE WESTINGHOUSE,5 Meter copper pipe for 30K/36K Split AC,HVPAC,ACCESSORIES,PIPE,0-Month,1,0.01,0.0,0.0,0.01,0.01,0.02
2023-07-05,2311041537,RECA,7233,,INV,JUL,2023,EAC,WWS18G22I,WHITE WESTINGHOUSE,Indoor Split A/C 17800 BTU Cool,HVPAC,WALL SPLITS,SAC WALL ROTARY,0-Month,1,1130.0,0.0,0.0,1130.0,169.5,1299.5
2023-07-08,2311041878,RECA,7233,,INV,JUL,2023,EAC,DS24T23WC,DORA,Outdoor Split A/C 22000 BTU Cool WiFi HI-EER Class D R410A,HVPAC,WALL SPLITS,SAC WALL ROTARY,0-Month,1,1216.96,-86.96,7.15,1130.0,169.5,1299.5
2023-07-09,2311041927,RECA,7233,,INV,JUL,2023,EAC,DA20K23R,DORA,Window A/C 18000 BTU Cool Hi-EER Class F R410A,HVPAC,WAC,WAC ROTARY,0-Month,3,1260.0,-130.44,3.45,3649.56,547.43,4196.99
2023-07-09,2321016241,RECA,7233,,INV,JUL,2023,TPC,AW-DK1775WUPBB(WK),TOSHIBA,"TL WASHER 15 KG,UFB WASH,SDD INVERTER,60HZ - WHITE/BLACK",HA,LAUNDRY A,FA TOP LOADING,0-Month,1,2433.91,-260.87,10.72,2173.04,325.95,2498.99
2023-07-09,2311041965,RECA,7233,,INV,JUL,2023,EAC,PIPE V-12/18,WHITE WESTINGHOUSE,4 Meter copper pipe for 12K/18K Split AC,HVPAC,ACCESSORIES,PIPE,0-Month,1,0.01,0.0,0.0,0.01,0.01,0.02
2023-07-15,2321016451,REUI,7596,,INV,JUL,2023,TPC,AW-K900DUPBB(SG),TOSHIBA,"TL Washer 8kg,Pump,Great Wave,Glass Lid,60hz - Silver",HA,LAUNDRY A,FA TOP LOADING,0-Month,1,1999.13,-434.78,21.75,1564.35,234.65,1799.0
2023-07-17,2311042953,RECA,4207,,INV,JUL,2023,EAC,WWS36T22PC,WHITE WESTINGHOUSE,Outdoor Split A/C 30600 BTU Cool,HVPAC,WALL SPLITS,SAC WALL ROTARY,0-Month,1,2760.43,-1067.36,38.67,1693.07,253.96,1947.03
2023-07-16,2318002197,RECA,7233,,CM,JUL,2023,EAC,WWR9VS650,WHITE WESTINGHOUSE,Fridge 22.96 Cu Ft/650 Ltr SS Inverter Compressor,HA,REFRIGERATORS,TOP MOUNT,0-Month,-1,3738.26,695.65,18.61,-3042.61,-456.39,-3499.0
2023-07-19,2311043270,RECA,7233,,INV,JUL,2023,EAC,AH-A18ATS,SHARP,Indoor Split A/C 18000 BTU Cool HI-EER Class D R410A,HVPAC,WALL SPLITS,SAC WALL ROTARY,0-Month,3,1064.78,-65.22,2.04,3129.12,469.37,3598.49
2023-07-20,2311043503,REEM,4986,,INV,JUL,2023,EAC,MQ9E3AH/A,APPLE MACINTOSH,iPhone 14 Pro Max 256GB Deep Purple,TELECOM,MOBILES,SMART PHONES,0-Month,1,5042.61,-434.78,8.62,4607.83,691.18,5299.01
2023-07-20,2311043555,RECA,7233,,INV,JUL,2023,EAC,WWR9VS650,WHITE WESTINGHOUSE,Fridge 22.96 Cu Ft/650 Ltr SS Inverter Compressor,HA,REFRIGERATORS,TOP MOUNT,0-Month,1,3738.26,-695.65,18.61,3042.61,456.39,3499.0
2023-07-27,2311043981,RECA,7233,,INV,JUL,2023,EAC,PIPE V-30/36,WHITE WESTINGHOUSE,5 Meter copper pipe for 30K/36K Split AC,HVPAC,ACCESSORIES,PIPE,0-Month,1,0.01,0.0,0.0,0.01,0.01,0.02
2023-07-30,2311044184,RECA,7233,,INV,JUL,2023,EAC,PIPE-30,WHITE WESTINGHOUSE,5 Meter copper pipe for 30K Split AC,HVPAC,ACCESSORIES,PIPE,0-Month,1,0.01,0.0,0.0,0.01,0.01,0.02
2023-08-01,2311045460,RECA,7233,,INV,AUG,2023,EAC,WWS30G22C,WHITE WESTINGHOUSE,Outdoor Split A/C 27400 BTU Cool,HVPAC,WALL SPLITS,SAC WALL ROTARY,0-Month,1,1803.91,0.0,0.0,1803.91,270.59,2074.5
2023-08-07,2311048793,RECA,7233,,INV,AUG,2023,EAC,WWFL10VW12,WHITE WESTINGHOUSE,"FRONT LOAD WASHER 12KG, INVERTER, WITH PUMP, 1400RPM",HA,LAUNDRY,FA FRONT LOADING,0-Month,1,1999.13,0.0,0.0,1999.13,299.87,2299.0
2023-08-30,2321020860,REUI,7561,,INV,AUG,2023,TPC,TWD-BK90S2(WK),TOSHIBA,"FL Washer 8/5kg Combo, Inverter, Digital - White",HA,LAUNDRY A,WASHER DRYER COMBO,0-Month,1,2173.04,-173.91,8.0,1999.13,299.87,2299.0
2023-09-04,2311054616,REUI,7561,,INV,SEP,2023,EAC,WWS18G22I,WHITE WESTINGHOUSE,Indoor Split A/C 17800 BTU Cool,HVPAC,WALL SPLITS,SAC WALL ROTARY,0-Month,1,1130.0,0.0,0.0,1130.0,169.5,1299.5
2023-09-06,2311054830,REEM,3540,,INV,SEP,2023,EAC,WWS12K23C,WHITE WESTINGHOUSE,Outdoor split  A/C 12000 BTU Cool - WiFi,HVPAC,WALL SPLITS,SAC WALL ROTARY,0-Month,1,847.39,-43.48,5.13,803.91,120.58,924.49
2023-09-10,2311059927,RECA,7233,,INV,SEP,2023,EAC,WWS30T22PI,WHITE WESTINGHOUSE,Indoor Split A/C 27800 BTU Cool,HVPAC,WALL SPLITS,SAC WALL ROTARY,0-Month,3,2260.43,-2217.39,32.7,4563.9,684.59,5248.49
2023-09-10,2311059941,RECA,7233,,INV,SEP,2023,EAC,55DYAC40,DORA,"55 Inch, UHD 4K, Android 11, Dolby Audio, 2.1 HDMI",CE,LCD/LED TV,LED TV,0-Month,1,1260.0,-130.44,10.35,1129.56,169.43,1298.99
2023-09-16,2311062475,RECA,7233,,INV,SEP,2023,EAC,PIPE-18/24,WHITE WESTINGHOUSE,4 Meter copper pipe for 18K/24K Split AC,HVPAC,ACCESSORIES,PIPE,0-Month,1,0.01,0.0,0.0,0.01,0.01,0.02
2023-09-21,2311063261,RECA,7233,,INV,SEP,2023,EAC,WWA20K22R,WHITE WESTINGHOUSE,Window A/C 18000 BTU Cool,HVPAC,WAC,WAC ROTARY,0-Month,1,1346.96,-43.49,3.23,1303.47,195.52,1498.99
2023-09-21,2311063251,RECA,4207,,INV,SEP,2023,EAC,WWUF17TVS,WHITE WESTINGHOUSE,17 CuFt/481 Ltr SS Commercial Upright Freezer,HA,FREEZERS,UPRIGHT FREEZER,0-Month,1,3042.61,-460.87,15.15,2581.74,387.26,2969.0
2023-09-23,2311063432,RECA,7233,,INV,SEP,2023,EAC,EK-EER73DB,ELECTROLUX,FLOOR STICK RECHARGEABLE 14.4V,SDA,VACCUM CLEANERS,CANNISTER,0-Month,2,668.7,-1337.38,100.0,0.02,0.0,0.02
2023-09-28,2311064915,REEM,3063,,INV,SEP,2023,EAC,4T-C75EK2NX,SHARP,"75 Inch, 4K, Android 11, HDR, Dolby Vision, Dolby Atmos, HDMI 2.1, Made In Japan Panel",CE,LCD/LED TV,LED TV,0-Month,1,5216.52,-2433.92,46.66,2782.6,417.39,3199.99
2023-09-28,2311065264,RECA,4207,,INV,SEP,2023,EAC,HS18CPVI23,HISENSE,Indoor Split A/C 18400 BTU Cool - Inverter - WiFi,HVPAC,WALL SPLITS,SAC WALL ROTARY,0-Month,6,1325.65,-2256.54,28.37,5697.36,854.6,6551.96
2023-09-29,2321024477,RECA,7233,,INV,SEP,2023,TPC,TBA-36LMG5G089KS-SA,TOSHIBA,"Gas Cooker 90x60, 5 burner with Rotisserie & Convection - SS",HA,COOKING RANGE,GAS COOKER,0-Month,1,1999.13,-86.96,4.35,1912.17,286.82,2198.99
2023-10-02,2321024963,REUI,7561,,INV,OCT,2023,TPC,MM-EG34PB(BK),TOSHIBA,"34L GRILL MICROWAVE, DIGITAL, STEEL, 220V, 60HZ - Black",SDA,MICROWAVE,GRILL,0-Month,1,520.87,0.0,0.0,520.87,78.14,599.01
2023-10-17,2311071532,RECA,7233,,INV,OCT,2023,EAC,65DYW50,DORA,"65"" 4K HDR, LG WEBOS SMART TV, 2.1 HDMI, MAGIC REMOTE",CE,LCD/LED TV,LED,0-Month,1,2086.09,-521.74,25.01,1564.35,234.65,1799.0
2023-07-08,2321016199,REUI,7561,,INV,JUL,2023,TPC,WF1510WHT,LG,WM FL 15KG / 6 Motion / TurboWash / Wi-Fi / DD Motor,HA,LAUNDRY A,FA FRONT LOADING,0-Month,1,3477.0,0.0,0.0,3477.0,521.55,3998.55
2023-07-09,2321016242,RECA,7233,,INV,JUL,2023,TPC,ML-EG42PBB(BS),TOSHIBA,"42L GRILL MICROWAVE, DIGITAL, STEEL, 220V, 60HZ - Black",SDA,MICROWAVE,BASIC,0-Month,1,781.74,-130.44,16.69,651.3,97.7,749.0
2023-07-20,2311043531,REUI,7287,,INV,JUL,2023,EAC,WWS30G22C,WHITE WESTINGHOUSE,Outdoor Split A/C 27400 BTU Cool,HVPAC,WALL SPLITS,SAC WALL ROTARY,0-Month,2,1803.91,0.0,0.0,3607.82,541.18,4149.0
2023-07-16,2318002221,RECA,7233,,CM,JUL,2023,EAC,PIPE V-12/18,WHITE WESTINGHOUSE,4 Meter copper pipe for 12K/18K Split AC,HVPAC,ACCESSORIES,PIPE,0-Month,-1,0.01,0.0,0.0,-0.01,-0.01,-0.02
2023-07-27,2311043983,REUI,7596,,INV,JUL,2023,EAC,MQ9E3AH/A,APPLE MACINTOSH,iPhone 14 Pro Max 256GB Deep Purple,TELECOM,MOBILES,SMART PHONES,0-Month,1,5042.61,-434.78,8.62,4607.83,691.18,5299.01
2023-08-01,2311045456,REUI,7561,,INV,AUG,2023,EAC,PIPE-30,WHITE WESTINGHOUSE,5 Meter copper pipe for 30K Split AC,HVPAC,ACCESSORIES,PIPE,0-Month,1,0.01,0.0,0.0,0.01,0.01,0.02
2023-08-01,2311045449,REUI,1879,,INV,AUG,2023,EAC,IPHONE11-128GB-W,APPLE MACINTOSH,iPhone 11 128GB White,TELECOM,MOBILES,SMART PHONES,0-Month,1,2086.09,-189.63,9.09,1896.46,284.47,2180.93
2023-08-06,2311048642,REUI,7286,,INV,AUG,2023,EAC,IPHONE11-128GB-B,APPLE MACINTOSH,iPhone 11 128GB Black,TELECOM,MOBILES,SMART PHONES,0-Month,2,2694.78,-1217.56,22.59,4172.0,625.8,4797.8
2023-08-19,2321019566,RECA,7233,,INV,AUG,2023,TPC,TBA-36LMG5G089KS-SA,TOSHIBA,"Gas Cooker 90x60, 5 burner with Rotisserie & Convection - SS",HA,COOKING RANGE,GAS COOKER,0-Month,1,1999.13,0.0,0.0,1999.13,299.87,2299.0
2023-08-26,2311051868,RECA,7233,,INV,AUG,2023,EAC,FS-809,LOCAL,"Wall Mount Bracket 32""-70"" LCD/LED TV",CE,OTHERS,OTHERS,0-Month,1,33.92,-33.92,100.0,0.0,0.0,0.0
2023-08-27,2311051972,RECA,7233,,INV,AUG,2023,EAC,WWS30T22PC,WHITE WESTINGHOUSE,Outdoor Split A/C 27800 BTU Cool,HVPAC,WALL SPLITS,SAC WALL ROTARY,0-Month,6,2260.43,-4891.26,36.06,8671.32,1300.7,9972.02
2023-09-05,2311054644,REEM,6321,,INV,SEP,2023,EAC,MQ9E3AH/A,APPLE MACINTOSH,iPhone 14 Pro Max 256GB Deep Purple,TELECOM,MOBILES,SMART PHONES,0-Month,1,5042.61,-434.79,8.62,4607.82,691.18,5299.0
2023-09-21,2311063309,RECA,7233,,INV,SEP,2023,EAC,E7CM1-50GB,ELECTROLUX,"Coffee Maker, Black with Aroma - Explore 7",SDA,LHA,COFFEE MAKER,0-Month,1,433.91,-433.9,100.0,0.01,0.0,0.01
2023-09-27,2311064619,RECA,7233,,INV,SEP,2023,EAC,HS30CPI23,HISENSE,Indoor Split A/C 27000 BTU Cool - WiFi,HVPAC,WALL SPLITS,SAC WALL ROTARY,0-Month,1,1782.17,-130.44,7.32,1651.73,247.76,1899.49
2023-09-28,2311064985,RECA,7233,,INV,SEP,2023,EAC,E7CM1-50GB,ELECTROLUX,"Coffee Maker, Black with Aroma - Explore 7",SDA,LHA,COFFEE MAKER,0-Month,1,433.91,-433.9,100.0,0.01,0.0,0.01
2023-09-30,2311065970,REUI,7561,,INV,SEP,2023,EAC,WWS24G23WI,WHITE WESTINGHOUSE,Indoor Split A/C 22100 BTU Cool,HVPAC,WALL SPLITS,SAC WALL ROTARY,0-Month,1,1303.91,0.0,0.0,1303.91,195.59,1499.5
2023-09-30,2311065955,RECA,7233,,INV,SEP,2023,EAC,QW-MB612K-WH3,SHARP,"Dish Washer, 12 Place Setting, 6 Programs - White",HA,DISH WASHER,FREE STANDING,0-Month,1,1129.57,-217.4,19.25,912.17,136.83,1049.0
2023-10-02,2311066195,RECA,4207,,INV,OCT,2023,EAC,WWS24K23C,WHITE WESTINGHOUSE,Outdoor split  A/C 23000 BTU Cool - WiFi,HVPAC,WALL SPLITS,SAC WALL ROTARY,0-Month,3,1260.43,-312.99,8.28,3468.3,520.25,3988.55
2023-10-17,2311071546,REUI,7561,,INV,OCT,2023,EAC,PIPE V-30/36,WHITE WESTINGHOUSE,5 Meter copper pipe for 30K/36K Split AC,HVPAC,ACCESSORIES,PIPE,0-Month,1,0.01,0.0,0.0,0.01,0.01,0.02
2023-10-25,2328001986,RECA,7233,,CM,OCT,2023,TPC,WFV0812WH,LG,WM FL 8KG/Elegant Metal Knob/Wi-Fi/Tempered Glass Door,HA,LAUNDRY A,FA FRONT LOADING,0-Month,-1,3303.0,1303.87,39.48,-1999.13,-299.86,-2298.99
2023-10-29,2321027578,REUI,7596,,INV,OCT,2023,TPC,GR-RT468WE-PMU(37),TOSHIBA,"Fridge 12.0 Cft (338L), Inverter - Satin Grey",HA,REFRIGERATORS,TOP MOUNT,0-Month,1,1999.13,-260.87,13.05,1738.26,260.73,1998.99
2023-10-31,2311073547,REUI,7596,,INV,OCT,2023,EAC,E7CM1-50GB,ELECTROLUX,"Coffee Maker, Black with Aroma - Explore 7",SDA,LHA,COFFEE MAKER,0-Month,1,433.91,-433.9,100.0,0.01,0.0,0.01
2023-07-20,2311043531,REUI,7287,,INV,JUL,2023,EAC,E7EK1-60BP,ELECTROLUX,"Stainless Steel Kettle, Matt Black, 1.7L",SDA,LHA,ELECTRIC KETTLE,0-Month,1,433.91,0.0,0.0,433.91,65.09,499.0
2023-07-25,2321017212,RECA,7233,,INV,JUL,2023,TPC,LT13CBBWIV,LG,Ref 2D 11.8 Cu. Ft / Inverter Compressor,HA,REFRIGERATORS,TOP MOUNT,0-Month,1,2260.0,0.0,0.0,2260.0,339.0,2599.0
2023-07-30,2311044139,REEM,3062,,INV,JUL,2023,EAC,MPUD3AH/A,APPLE MACINTOSH,iPhone 14 128GB Midnight,TELECOM,MOBILES,SMART PHONES,0-Month,1,3607.83,-695.66,19.28,2912.17,436.83,3349.0
2023-08-03,2311048443,RECA,7233,,INV,AUG,2023,EAC,PIPE V-12/18,WHITE WESTINGHOUSE,4 Meter copper pipe for 12K/18K Split AC,HVPAC,ACCESSORIES,PIPE,0-Month,1,0.01,0.0,0.0,0.01,0.01,0.02
2023-08-05,2311048634,REEM,5241,,INV,AUG,2023,EAC,MQ9E3AH/A,APPLE MACINTOSH,iPhone 14 Pro Max 256GB Deep Purple,TELECOM,MOBILES,SMART PHONES,0-Month,1,5042.61,-434.79,8.62,4607.82,691.18,5299.0
2023-08-10,2311049640,RECA,7233,,INV,AUG,2023,EAC,50DYAC40,DORA,"50 Inch, UHD 4K, Android 11, Dolby Audio, 2.1 HDMI",CE,LCD/LED TV,LED TV,0-Month,1,1173.04,-173.04,14.75,1000.0,150.0,1150.0
2023-08-20,2311051185,RECA,7233,,INV,AUG,2023,EAC,EK-EEWA7300AR,ELECTROLUX,KETTLE 2400W 1.7L  STAINLESS STEEL,SDA,LHA,ELECTRIC KETTLE,0-Month,2,260.0,-264.16,50.8,255.84,38.37,294.21
2023-08-20,2311051168,RECA,7233,,INV,AUG,2023,EAC,WWA20K22R,WHITE WESTINGHOUSE,Window A/C 18000 BTU Cool,HVPAC,WAC,WAC ROTARY,0-Month,1,1303.48,-0.01,0.0,1303.47,195.52,1498.99
2023-08-29,2311052947,RECA,7233,,INV,AUG,2023,EAC,WWS24K23I,WHITE WESTINGHOUSE,Indoor split  A/C 23000 BTU Cool - WiFi,HVPAC,WALL SPLITS,SAC WALL ROTARY,0-Month,1,1260.43,-43.47,3.45,1216.96,182.54,1399.5
2023-08-30,2321020861,RECA,7233,,INV,AUG,2023,TPC,WTS16HHDK,LG,WM TL 16KG/TurboWash3D™/Wi-Fi/Tub Clean/Steam/DD Motor,HA,LAUNDRY A,FA TOP LOADING,0-Month,1,3217.0,0.0,0.0,3217.0,482.55,3699.55
2023-09-05,2311054697,REUI,7596,,INV,SEP,2023,EAC,HS24CPVI23,HISENSE,Indoor Split A/C 24000 BTU Cool - Inverter - WiFi,HVPAC,WALL SPLITS,SAC WALL ROTARY,0-Month,1,1543.04,-30.43,1.97,1512.61,226.89,1739.5
2023-09-25,2311063655,RECA,7233,,INV,SEP,2023,EAC,65SUE9500,SKYWORTH,"SKYWORTH  65"" QLED Google TV UHD 4K HDR SMART TV",CE,LCD/LED TV,LED TV,0-Month,1,2086.0,-173.83,8.33,1912.17,286.82,2198.99
2023-09-26,2311063937,RECA,4207,,INV,SEP,2023,EAC,WWUF21KS,WHITE WESTINGHOUSE,21 Cu Ft. SS Upright Freezer Inverter Compressor R600a,HA,FREEZERS,UPRIGHT FREEZER,0-Month,1,3216.52,-478.26,14.87,2738.26,410.74,3149.0
2023-09-28,2311065264,RECA,4207,,INV,SEP,2023,EAC,EK-EER73DB,ELECTROLUX,FLOOR STICK RECHARGEABLE 14.4V,SDA,VACCUM CLEANERS,CANNISTER,0-Month,2,668.7,-1337.26,99.99,0.14,0.02,0.16
2023-10-17,2311071544,REUI,7561,,INV,OCT,2023,EAC,DS18T23WC,DORA,Outdoor Split A/C 18000 BTU Cool WiFi HI-EER Class D R410A.,HVPAC,WALL SPLITS,SAC WALL ROTARY,0-Month,1,977.83,-65.22,6.67,912.61,136.89,1049.5
2023-10-29,2321027464,RECA,7233,,INV,OCT,2023,TPC,MM-EG34PB(BK),TOSHIBA,"34L GRILL MICROWAVE, DIGITAL, STEEL, 220V, 60HZ - Black",SDA,MICROWAVE,GRILL,0-Month,1,520.87,-43.48,8.35,477.39,71.61,549.0
2023-07-05,2311041537,RECA,7233,,INV,JUL,2023,EAC,WWS18G22C,WHITE WESTINGHOUSE,Outdoor Split A/C 17800 BTU Cool,HVPAC,WALL SPLITS,SAC WALL ROTARY,0-Month,1,1130.0,0.0,0.0,1130.0,169.5,1299.5
2023-07-19,2311043480,RECA,7233,,INV,JUL,2023,EAC,43DYAC40,DORA,"43 Inch, FHD, Android 11, Dolby Audio, 1.4 HDMI",CE,LCD/LED TV,LED TV,0-Month,1,868.7,-173.92,20.02,694.78,104.22,799.0
2023-08-05,2311048568,REUI,7561,,INV,AUG,2023,EAC,PIPE V-12/18,WHITE WESTINGHOUSE,4 Meter copper pipe for 12K/18K Split AC,HVPAC,ACCESSORIES,PIPE,0-Month,1,0.01,0.0,0.0,0.01,0.01,0.02
2023-09-06,2321021702,REUI,7561,,INV,SEP,2023,TPC,WS1308XMT,LG,"WM FL Combo (13/7kg) with AI DD™ ,White color,ThinQ™ (Wi-Fi)",HA,LAUNDRY A,WASHER DRYER COMBO,0-Month,1,4260.0,0.0,0.0,4260.0,639.0,4899.0
2023-09-30,2311065924,RECA,4207,,INV,SEP,2023,EAC,WWFR21KS,WHITE WESTINGHOUSE,21 Cu Ft. SS Full Refrigerator Inverter Compressor R600a,HA,REFRIGERATORS,ALL REFRIGERATOR,0-Month,1,3216.52,-478.26,14.87,2738.26,410.74,3149.0
2023-07-05,2311041490,RECA,7233,,INV,JUL,2023,EAC,HS24CPO23,HISENSE,Outdoor Split A/C 23000 BTU Cool - WiFi,HVPAC,WALL SPLITS,SAC WALL ROTARY,0-Month,1,1325.65,-30.43,2.3,1295.22,194.28,1489.5
2023-07-06,2321016073,RECA,7233,,INV,JUL,2023,TPC,TBA-24BMG4G089KS-SA,TOSHIBA,"Gas Cooker 60x60, 4 burner, Auto Ignition & Oven Light - SS",HA,COOKING RANGE,GAS COOKER,0-Month,1,1129.57,-86.96,7.7,1042.61,156.39,1199.0
2023-07-05,2311041545,RECA,7233,,INV,JUL,2023,EAC,WWA20K22R,WHITE WESTINGHOUSE,Window A/C 18000 BTU Cool,HVPAC,WAC,WAC ROTARY,0-Month,3,1303.48,-0.03,0.0,3910.41,586.56,4496.97
2023-07-06,2321016190,REUI,7561,,INV,JUL,2023,TPC,AW-K800AUPBB(WW),TOSHIBA,"TL Washer 7kg,Pump,Great Wave,Glass Lid,60hz - White",HA,LAUNDRY A,FA TOP LOADING,0-Month,1,1303.48,0.0,0.0,1303.48,195.53,1499.01
2023-07-13,2311042359,REUI,7286,,INV,JUL,2023,EAC,PIPE-18/24,WHITE WESTINGHOUSE,4 Meter copper pipe for 18K/24K Split AC,HVPAC,ACCESSORIES,PIPE,0-Month,5,0.01,0.0,0.0,0.05,0.01,0.06
2023-07-17,2311042936,RECA,4207,,INV,JUL,2023,EAC,HUF48HAI23,HISENSE,"Free Stand AC Indoor Unit 48000 BTU , Heat Cool, Inverter",HVPAC,FS SPLITS,FS SPLITS,0-Month,1,3956.09,-197.8,5.0,3758.29,563.75,4322.04
2023-07-16,2311042927,RECA,7233,,INV,JUL,2023,EAC,DS18T23WI,DORA,Indoor Split A/C 18000 BTU Cool WiFi HI-EER Class D R410A,HVPAC,WALL SPLITS,SAC WALL ROTARY,0-Month,2,977.83,-130.44,6.67,1825.22,273.78,2099.0
2023-07-17,2311043010,REUI,1879,,INV,JUL,2023,EAC,DFR21KS,DORA,21 Cu Ft. SS Full Refrigerator Inverter Compressor R600a,HA,REFRIGERATORS,ALL REFRIGERATOR,0-Month,1,3042.61,-198.61,6.53,2844.0,426.6,3270.6
2023-07-20,2311043502,RECA,7233,,INV,JUL,2023,EAC,PIPE V-24,WHITE WESTINGHOUSE,4 Meter copper pipe for 24K Split AC,HVPAC,ACCESSORIES,PIPE,0-Month,1,0.01,0.0,0.0,0.01,0.01,0.02
2023-07-22,2311043594,RECA,7233,,INV,JUL,2023,EAC,EK-EDBT800AR,ELECTROLUX,STEAM IRON TRAVEL 800W,SDA,LHA,IRON,0-Month,1,94.78,-43.48,45.87,51.3,7.69,58.99
2023-07-21,2311043557,REUI,7596,,INV,JUL,2023,EAC,AU-A12WCS,SHARP,Outdoor Split A/C 11600 BTU Cool HI-EER Class D R410A,HVPAC,WALL SPLITS,SAC WALL ROTARY,0-Month,1,1216.96,-413.05,33.94,803.91,120.59,924.5
2023-07-22,2311043569,RECA,7233,,INV,JUL,2023,EAC,AH-A24ATS,SHARP,Indoor Split A/C 21000 BTU Cool HI-EER Class D R410A,HVPAC,WALL SPLITS,SAC WALL ROTARY,0-Month,5,1282.17,-108.7,1.7,6302.15,945.32,7247.47
2023-07-22,2311043588,RECA,4207,,INV,JUL,2023,EAC,EM-SP21-W3,SHARP,"Stand Mixer 250W, 3Ltr Stainless Steel Bowl",SDA,LHA,HAND MIXER,0-Month,1,303.48,-131.31,43.27,172.17,25.83,198.0
2023-07-25,2311043871,REUI,7561,,INV,JUL,2023,EAC,PIPE-30,WHITE WESTINGHOUSE,5 Meter copper pipe for 30K Split AC,HVPAC,ACCESSORIES,PIPE,0-Month,1,0.01,0.0,0.0,0.01,0.01,0.02
2023-07-25,2311043871,REUI,7561,,INV,JUL,2023,EAC,WWS30T22PI,WHITE WESTINGHOUSE,Indoor Split A/C 27800 BTU Cool,HVPAC,WALL SPLITS,SAC WALL ROTARY,0-Month,1,2260.43,-739.13,32.7,1521.3,228.2,1749.5
2023-07-25,2311043829,RECA,7233,,INV,JUL,2023,EAC,WWA25G22R,WHITE WESTINGHOUSE,Window A/C 21800 BTU Cool,HVPAC,WAC,WAC ROTARY,0-Month,1,1738.26,0.0,0.0,1738.26,260.74,1999.0
2023-07-26,2311043940,REUI,7596,,INV,JUL,2023,EAC,PIPE V-12/18,WHITE WESTINGHOUSE,4 Meter copper pipe for 12K/18K Split AC,HVPAC,ACCESSORIES,PIPE,0-Month,1,0.01,0.0,0.0,0.01,0.01,0.02
2023-07-31,2311044407,RECA,7233,,INV,JUL,2023,EAC,WWS24G23WI,WHITE WESTINGHOUSE,Indoor Split A/C 22100 BTU Cool,HVPAC,WALL SPLITS,SAC WALL ROTARY,0-Month,1,1303.91,0.0,0.0,1303.91,195.59,1499.5
2023-08-02,2311045632,REUI,7596,,INV,AUG,2023,EAC,55DYW50,DORA,"55"" 4K HDR, LG WEBOS SMART TV, 2.1 HDMI, MAGIC REMOTE",CE,LCD/LED TV,LED,0-Month,1,1564.35,-434.78,27.79,1129.57,169.44,1299.01
2023-08-03,2311048481,RECA,7233,,INV,AUG,2023,EAC,PIPE V-12/18,WHITE WESTINGHOUSE,4 Meter copper pipe for 12K/18K Split AC,HVPAC,ACCESSORIES,PIPE,0-Month,1,0.01,0.0,0.0,0.01,0.01,0.02
2023-08-06,2311048655,RECA,4207,,INV,AUG,2023,EAC,DS18T23WI,DORA,Indoor Split A/C 18000 BTU Cool WiFi HI-EER Class D R410A,HVPAC,WALL SPLITS,SAC WALL ROTARY,0-Month,5,977.83,-554.25,11.34,4334.9,650.24,4985.14
2023-08-05,2311048579,RECA,7233,,INV,AUG,2023,EAC,WWFR21KS,WHITE WESTINGHOUSE,21 Cu Ft. SS Full Refrigerator Inverter Compressor R600a,HA,REFRIGERATORS,ALL REFRIGERATOR,0-Month,1,3216.52,-173.91,5.41,3042.61,456.39,3499.0
2023-08-04,2321018228,REUI,7561,,INV,AUG,2023,TPC,WF1510WHT,LG,WM FL 15KG / 6 Motion / TurboWash / Wi-Fi / DD Motor,HA,LAUNDRY A,FA FRONT LOADING,0-Month,1,3390.0,0.0,0.0,3390.0,508.5,3898.5
2023-08-07,2311048736,REUI,7286,,INV,AUG,2023,EAC,SR-W22FGWUA,PANASONIC,"Electric Rice Cooker, 2.2 Liters, 730 W - White",SDA,LHA,RICE COOKER,0-Month,1,294.78,0.0,0.0,294.78,44.22,339.0
2023-08-07,2311048736,REUI,7286,,INV,AUG,2023,EAC,IPHONE11-128GB-W,APPLE MACINTOSH,iPhone 11 128GB White,TELECOM,MOBILES,SMART PHONES,0-Month,1,1781.74,0.0,0.0,1781.74,267.27,2049.01
2023-08-07,2311048751,RECA,7233,,INV,AUG,2023,EAC,WWS36T22PI,WHITE WESTINGHOUSE,Indoor Split A/C 30600 BTU Cool,HVPAC,WALL SPLITS,SAC WALL ROTARY,0-Month,1,2760.43,-978.26,35.44,1782.17,267.33,2049.5
2023-08-07,2311048805,RECA,7233,,INV,AUG,2023,EAC,DS18T23WI,DORA,Indoor Split A/C 18000 BTU Cool WiFi HI-EER Class D R410A,HVPAC,WALL SPLITS,SAC WALL ROTARY,0-Month,1,977.83,-65.22,6.67,912.61,136.89,1049.5
2023-08-09,2311049442,RECA,7233,,INV,AUG,2023,EAC,PIPE V-12/18,WHITE WESTINGHOUSE,4 Meter copper pipe for 12K/18K Split AC,HVPAC,ACCESSORIES,PIPE,0-Month,2,0.01,0.0,0.0,0.02,0.01,0.03
2023-08-12,2311049671,RECA,7233,,INV,AUG,2023,EAC,DWD77TDP,DORA,"Top and Bottom Loading Water Dispenser, black with SS",SDA,WATER DISPENSER,FREE STANDING,0-Month,1,1042.61,-365.22,35.03,677.39,101.61,779.0
2023-08-12,2311049714,RECA,7233,,INV,AUG,2023,EAC,ES-FS812DLZSA-S,SHARP,"FL Washer 8kg,1200RPM,8+Prg,Rapid Wash,Chrome Door-S Steel",HA,LAUNDRY A,FA FRONT LOADING,0-Month,2,1477.39,-347.82,11.77,2606.96,391.04,2998.0
2023-08-13,2311049902,RECA,4207,,INV,AUG,2023,EAC,WWFL10VW12,WHITE WESTINGHOUSE,"FRONT LOAD WASHER 12KG, INVERTER, WITH PUMP, 1400RPM",HA,LAUNDRY,FA FRONT LOADING,0-Month,1,1999.13,-199.92,10.0,1799.21,269.88,2069.09
2023-08-15,2321019120,RECA,7233,,INV,AUG,2023,TPC,DW-14F2ME(SS),TOSHIBA,Dish Washer FS 14 Place Settings 8 Prog Stainless Steel,HA,DISH WASHER,FREE STANDING,0-Month,1,2086.09,-347.83,16.67,1738.26,260.74,1999.0
2023-08-15,2311050390,RECA,7233,,INV,AUG,2023,EAC,WWS18G22I,WHITE WESTINGHOUSE,Indoor Split A/C 17800 BTU Cool,HVPAC,WALL SPLITS,SAC WALL ROTARY,0-Month,2,1130.0,0.0,0.0,2260.0,339.0,2599.0
2023-08-08,2311050789,RECA,7233,,INV,AUG,2023,EAC,PIPE V-30/36,WHITE WESTINGHOUSE,5 Meter copper pipe for 30K/36K Split AC,HVPAC,ACCESSORIES,PIPE,0-Month,1,0.01,0.0,0.0,0.01,0.01,0.02
2023-08-17,2311050848,RECA,4207,,INV,AUG,2023,EAC,WWS18K23C,WHITE WESTINGHOUSE,Outdoor split  A/C 18400 BTU Cool - WiFi,HVPAC,WALL SPLITS,SAC WALL ROTARY,0-Month,4,999.57,-363.52,9.09,3634.76,545.22,4179.98
2023-08-17,2311050848,RECA,4207,,INV,AUG,2023,EAC,WWA20K22R,WHITE WESTINGHOUSE,Window A/C 18000 BTU Cool,HVPAC,WAC,WAC ROTARY,0-Month,2,1303.48,-128.7,4.94,2478.26,371.74,2850.0
2023-08-20,2311051290,RECA,7233,,INV,AUG,2023,EAC,WWA20K22R,WHITE WESTINGHOUSE,Window A/C 18000 BTU Cool,HVPAC,WAC,WAC ROTARY,0-Month,1,1303.48,-0.01,0.0,1303.47,195.52,1498.99
2023-08-23,2311051624,RECA,7233,,INV,AUG,2023,EAC,WWTLAVS14,WHITE WESTINGHOUSE,TL Washer 14KG with Pump Silver Color,HA,LAUNDRY A,FA TOP LOADING,0-Month,1,1564.35,-65.2,4.17,1499.15,224.88,1724.03
2023-08-28,2311052653,RECA,4207,,INV,AUG,2023,EAC,PIPE V-12/18,WHITE WESTINGHOUSE,4 Meter copper pipe for 12K/18K Split AC,HVPAC,ACCESSORIES,PIPE,0-Month,10,0.01,0.0,0.0,0.1,0.02,0.12
2023-08-29,2321020743,RECA,4207,,INV,AUG,2023,TPC,VH-L150WBB(WW),TOSHIBA,"TWIN TUB WASHER 14.0 KG, 220-230V 60HZ",HA,LAUNDRY TT,TWIN-TUB,0-Month,1,1390.43,-139.12,10.01,1251.31,187.7,1439.01
2023-09-08,2321021829,REUI,7596,,INV,SEP,2023,TPC,WSV1107WHT,LG,WM FL Combo (10.5/7KG)/Steam+/1400 RPM/Wi-Fi/AI DD Motor,HA,LAUNDRY A,WASHER DRYER COMBO,0-Month,1,3217.0,0.0,0.0,3217.0,482.55,3699.55
2023-09-09,2311059803,RECA,7233,,INV,SEP,2023,EAC,WWS12K23I,WHITE WESTINGHOUSE,Indoor split  A/C 12000 BTU Cool - WiFi,HVPAC,WALL SPLITS,SAC WALL ROTARY,0-Month,1,847.39,-43.48,5.13,803.91,120.58,924.49
2023-09-13,2311062088,REUI,7596,,INV,SEP,2023,EAC,4T-C65DL6NX,SHARP,"65"" 4K LED TV WITH ANDROID 10.0 HDR",CE,LCD/LED TV,LED TV,0-Month,1,2694.78,-347.82,12.91,2346.96,352.04,2699.0
2023-09-19,2311062966,REUI,7561,,INV,SEP,2023,EAC,55DYAC40,DORA,"55 Inch, UHD 4K, Android 11, Dolby Audio, 2.1 HDMI",CE,LCD/LED TV,LED TV,0-Month,1,1260.0,-217.4,17.25,1042.6,156.39,1198.99
2023-09-20,2321023064,RECA,7233,,INV,SEP,2023,TPC,MW-MM20PB(BK)-P,TOSHIBA,"20L MICROWAVE, 220V, 60HZ - Black",SDA,MICROWAVE,BASIC,0-Month,1,286.09,0.0,0.0,286.09,42.92,329.01
2023-09-20,2321023076,RECA,7233,,INV,SEP,2023,TPC,GR-RS780WI-PGU(22),TOSHIBA,"SBS 19.4 Cf-549L,Inverter,PBIO,Max Humid,Alloy Cool-Bk Glass",HA,REFRIGERATORS,SIDE BY SIDE,0-Month,1,3738.26,-260.87,6.98,3477.39,521.6,3998.99
2023-09-20,2311063165,RECA,7233,,INV,SEP,2023,EAC,EK-EEWA7300AR,ELECTROLUX,KETTLE 2400W 1.7L  STAINLESS STEEL,SDA,LHA,ELECTRIC KETTLE,0-Month,1,260.0,-259.97,99.99,0.03,0.0,0.03
2023-09-21,2311063243,REUI,7596,,INV,SEP,2023,EAC,EK-EER73DB,ELECTROLUX,FLOOR STICK RECHARGEABLE 14.4V,SDA,VACCUM CLEANERS,CANNISTER,0-Month,1,668.7,-668.63,99.99,0.07,0.01,0.08
2023-09-20,2321023127,RECA,7233,,INV,SEP,2023,TPC,TBA-36LMG5G089KS-SA,TOSHIBA,"Gas Cooker 90x60, 5 burner with Rotisserie & Convection - SS",HA,COOKING RANGE,GAS COOKER,0-Month,1,1999.13,-86.96,4.35,1912.17,286.82,2198.99
2023-09-24,2321023253,RECA,7233,,INV,SEP,2023,TPC,GR-RT468WE-PMU(37),TOSHIBA,"Fridge 12.0 Cft (338L), Inverter - Satin Grey",HA,REFRIGERATORS,TOP MOUNT,0-Month,1,1999.13,-260.87,13.05,1738.26,260.73,1998.99
2023-09-25,2311063662,RECA,7233,,INV,SEP,2023,EAC,75SUE9600,SKYWORTH,"Skyworth 75"" 4K UHD MiniLED TV (Google TV) - 120Hz",CE,LCD/LED TV,LED TV,0-Month,1,3912.0,-434.61,11.11,3477.39,521.6,3998.99
2023-09-25,2311063669,RECA,4207,,INV,SEP,2023,EAC,EC-CAS2121-Z,SHARP,"VAC CLNR DRUM, 21L, 2100W,METAL TUBE - RED",SDA,VACCUM CLEANERS,CANNISTER,0-Month,1,460.0,-108.7,23.63,351.3,52.69,403.99
2023-09-26,2321023412,RECA,7233,,INV,SEP,2023,TPC,GR-RS780WI-PGU(22),TOSHIBA,"SBS 19.4 Cf-549L,Inverter,PBIO,Max Humid,Alloy Cool-Bk Glass",HA,REFRIGERATORS,SIDE BY SIDE,0-Month,1,3738.26,-260.87,6.98,3477.39,521.6,3998.99
2023-09-27,2321024055,RECA,7233,,INV,SEP,2023,TPC,AW-DUK2215WUPBB(SK),TOSHIBA,"TL WASHER 13.5kg,GLASS LID,UFB WASH,SDD INVERTER,STEEL BLACK",HA,LAUNDRY A,FA TOP LOADING,0-Month,1,2868.7,-652.18,22.73,2216.52,332.48,2549.0
2023-09-28,2311064983,RECA,7233,,INV,SEP,2023,EAC,4T-C70CK3X,SHARP,"70"" 4K HDR WITH ANDROID 9.0 LED TV",CE,LCD/LED TV,LED,0-Month,2,4173.04,-5391.3,64.6,2954.78,443.22,3398.0
2023-09-30,2321024539,RECA,7233,,INV,SEP,2023,TPC,TWD-BJ110M4BB(SK),TOSHIBA,"FL Washer 10/7kg Combo, Inverter, Digital - Silver",HA,LAUNDRY A,WASHER DRYER COMBO,0-Month,1,2955.65,-173.91,5.88,2781.74,417.26,3199.0
2023-10-02,2321024865,RECA,7233,,INV,OCT,2023,TPC,VC-DR220ABF(G),TOSHIBA,"VAC CLNR DRUM, 22L, 2200W,S Steel Tube - Blck/Grey",SDA,VACCUM CLEANERS,DRUM,0-Month,1,564.35,-95.65,16.95,468.7,70.31,539.01
2023-10-02,2311066195,RECA,4207,,INV,OCT,2023,EAC,WWS36K23I,WHITE WESTINGHOUSE,Indoor split  A/C 31200 BTU Cool - WiFi,HVPAC,WALL SPLITS,SAC WALL ROTARY,0-Month,4,1999.57,-565.16,7.07,7433.12,1114.97,8548.09
2023-10-05,2321025312,RECA,7233,,INV,OCT,2023,TPC,MM-EG25PB(BK),TOSHIBA,"25L GRILL MICROWAVE, DIGITAL, STEEL, 220V, 60HZ - Black",SDA,MICROWAVE,GRILL,0-Month,1,433.91,0.0,0.0,433.91,65.09,499.0
2023-10-06,2311070072,RECA,7233,,INV,OCT,2023,EAC,WWS12K23I,WHITE WESTINGHOUSE,Indoor split  A/C 12000 BTU Cool - WiFi,HVPAC,WALL SPLITS,SAC WALL ROTARY,0-Month,1,847.39,-43.48,5.13,803.91,120.58,924.49
2023-10-07,2311070099,REUI,7596,,INV,OCT,2023,EAC,EO-60NK-3,SHARP,"E. Oven 60L 2000W Rotisserie, Interior Light",SDA,LHA,DEEP FRYER,0-Month,1,520.87,0.0,0.0,520.87,78.14,599.01
2023-10-15,2321026289,RECA,4207,,INV,OCT,2023,TPC,GR-RS780WI-PGU(22),TOSHIBA,"SBS 19.4 Cf-549L,Inverter,PBIO,Max Humid,Alloy Cool-Bk Glass",HA,REFRIGERATORS,SIDE BY SIDE,0-Month,1,3738.26,-373.92,10.0,3364.34,504.65,3868.99
2023-10-15,2311071225,REUI,7561,,INV,OCT,2023,EAC,WWTLAVS16,WHITE WESTINGHOUSE,TL Washer 16KG with Pump Silver Color,HA,LAUNDRY A,FA TOP LOADING,0-Month,1,1738.26,0.0,0.0,1738.26,260.74,1999.0
2023-10-15,2311071232,REUI,7596,,INV,OCT,2023,EAC,WWS18K23I,WHITE WESTINGHOUSE,Indoor split  A/C 18400 BTU Cool - WiFi,HVPAC,WALL SPLITS,SAC WALL ROTARY,0-Month,2,999.57,-86.96,4.35,1912.18,286.83,2199.01
2023-10-15,2311071237,RECA,7233,,INV,OCT,2023,EAC,Pipe V-12/18-A,WHITE WESTINGHOUSE,4 Meter copper pipe for 12K/18K Split AC with Adapter,HVPAC,ACCESSORIES,PIPE,0-Month,1,0.01,0.0,0.0,0.01,0.01,0.02
2023-10-21,2311071925,RECA,4207,,INV,OCT,2023,EAC,AH-A18ATS,SHARP,Indoor Split A/C 18000 BTU Cool HI-EER Class D R410A,HVPAC,WALL SPLITS,SAC WALL ROTARY,0-Month,1,1064.78,-73.92,6.94,990.86,148.63,1139.49
2023-10-21,2321026778,REUI,7596,,INV,OCT,2023,TPC,TBA-24BMG4G089KS-SA,TOSHIBA,"Gas Cooker 60x60, 4 burner, Auto Ignition & Oven Light - SS",HA,COOKING RANGE,GAS COOKER,0-Month,1,1129.57,0.0,0.0,1129.57,169.44,1299.01
2023-10-24,2321027100,RECA,7233,,INV,OCT,2023,TPC,GR-RT830WE-PMU(49),TOSHIBA,"FRIDGE 21.50 CFT (608L), INVERTER, 230V, 50/60HZ - SILVER",HA,REFRIGERATORS,TOP MOUNT,0-Month,1,3564.35,-173.92,4.88,3390.43,508.57,3899.0
2023-10-29,2311073079,RECA,7233,,INV,OCT,2023,EAC,5109ANPN-OS,HONOR,Honor X9a 5G (8GB+256GB) Midnight Black With Gifts,TELECOM,MOBILES,SMART PHONES,0-Month,1,1216.52,-286.95,23.59,929.57,139.43,1069.0
2023-10-31,2311073596,RECA,7233,,INV,OCT,2023,EAC,WWFR21KS,WHITE WESTINGHOUSE,21 Cu Ft. SS Full Refrigerator Inverter Compressor R600a,HA,REFRIGERATORS,ALL REFRIGERATOR,0-Month,2,3216.52,0.0,0.0,6433.04,964.96,7398.0
2023-07-08,2311041864,RECA,7233,,INV,JUL,2023,EAC,EC-CAS1820-Z,SHARP,"VAC CLNR DRUM, 20L, 1800W,METAL TUBE - BLUE",SDA,VACCUM CLEANERS,CANNISTER,0-Month,1,390.43,-43.47,11.13,346.96,52.04,399.0
2023-07-09,2311041959,RECA,7233,,INV,JUL,2023,EAC,DA20K23R,DORA,Window A/C 18000 BTU Cool Hi-EER Class F R410A,HVPAC,WAC,WAC ROTARY,0-Month,1,1260.0,-43.48,3.45,1216.52,182.47,1398.99
2023-07-09,2311041963,RECA,7233,,INV,JUL,2023,EAC,DS24T23WC,DORA,Outdoor Split A/C 22000 BTU Cool WiFi HI-EER Class D R410A,HVPAC,WALL SPLITS,SAC WALL ROTARY,0-Month,2,1216.96,-173.92,7.15,2260.0,339.0,2599.0
2023-07-11,2311042191,REUI,7561,,INV,JUL,2023,EAC,WWS36T22PI,WHITE WESTINGHOUSE,Indoor Split A/C 30600 BTU Cool,HVPAC,WALL SPLITS,SAC WALL ROTARY,0-Month,1,2760.43,-978.26,35.44,1782.17,267.33,2049.5
2023-07-13,2321016404,RECA,7233,,INV,JUL,2023,TPC,MM-EG25PB(BK),TOSHIBA,"25L GRILL MICROWAVE, DIGITAL, STEEL, 220V, 60HZ - Black",SDA,MICROWAVE,GRILL,0-Month,1,520.87,-86.96,16.7,433.91,65.09,499.0
2023-07-17,2321016800,RECA,7233,,INV,JUL,2023,TPC,MM-EG25PB(BK),TOSHIBA,"25L GRILL MICROWAVE, DIGITAL, STEEL, 220V, 60HZ - Black",SDA,MICROWAVE,GRILL,0-Month,1,520.87,-86.96,16.7,433.91,65.09,499.0
2023-07-20,2311043492,REEM,3064,,INV,JUL,2023,EAC,MQ9E3AH/A,APPLE MACINTOSH,iPhone 14 Pro Max 256GB Deep Purple,TELECOM,MOBILES,SMART PHONES,0-Month,1,5042.61,-434.78,8.62,4607.83,691.18,5299.01
2023-07-20,2311043502,RECA,7233,,INV,JUL,2023,EAC,WWS24G23WC,WHITE WESTINGHOUSE,Outdoor Split A/C 22100 BTU Cool WiFi,HVPAC,WALL SPLITS,SAC WALL ROTARY,0-Month,1,1303.91,0.0,0.0,1303.91,195.59,1499.5
2023-07-24,2311043771,RECA,4207,,INV,JUL,2023,EAC,WWS36T22PC,WHITE WESTINGHOUSE,Outdoor Split A/C 30600 BTU Cool,HVPAC,WALL SPLITS,SAC WALL ROTARY,0-Month,2,2760.43,-2133.9,38.65,3386.96,508.04,3895.0
2023-07-25,2311043830,RECA,7233,,INV,JUL,2023,EAC,WWCFAK550,WHITE WESTINGHOUSE,"CHEST FREEZER 18.4 CU FT, 230V 60HZ, R600A",HA,FREEZERS,CHEST FREEZERS,0-Month,1,2607.83,-260.87,10.0,2346.96,352.04,2699.0
2023-07-26,2311043940,REUI,7596,,INV,JUL,2023,EAC,DS18T23WC,DORA,Outdoor Split A/C 18000 BTU Cool WiFi HI-EER Class D R410A.,HVPAC,WALL SPLITS,SAC WALL ROTARY,0-Month,1,977.83,-65.22,6.67,912.61,136.89,1049.5
2023-07-30,2311044101,RECA,7233,,INV,JUL,2023,EAC,R-28CNS(K),SHARP,"Microwave 28Ltr, Grill & Convection, 220V/60Htz - Black",SDA,MICROWAVE,BASIC,0-Month,1,694.78,-130.43,18.77,564.35,84.65,649.0
2023-07-29,2311044067,REEM,3029,,INV,JUL,2023,EAC,PIPE V-12/18,WHITE WESTINGHOUSE,4 Meter copper pipe for 12K/18K Split AC,HVPAC,ACCESSORIES,PIPE,0-Month,2,0.01,0.0,0.0,0.02,0.01,0.03
2023-07-30,2311044150,RECA,7233,,INV,JUL,2023,EAC,WWCFAK150,WHITE WESTINGHOUSE,"CHEST FREEZER 4.9 CU FT, 230V 60HZ, R600A",HA,FREEZERS,CHEST FREEZERS,0-Month,1,955.65,-260.0,27.21,695.65,104.35,800.0
2023-08-01,2311045530,RECA,7233,,INV,AUG,2023,EAC,DS24T23WI,DORA,Indoor Split A/C 22000 BTU Cool WiFi HI-EER Class D R410A,HVPAC,WALL SPLITS,SAC WALL ROTARY,0-Month,1,1216.96,-86.96,7.15,1130.0,169.5,1299.5
2023-08-02,2311048300,RECA,4207,,INV,AUG,2023,EAC,DS18T23WC,DORA,Outdoor Split A/C 18000 BTU Cool WiFi HI-EER Class D R410A.,HVPAC,WALL SPLITS,SAC WALL ROTARY,0-Month,6,977.83,-662.64,11.29,5204.34,780.65,5984.99
2023-08-03,2311048443,RECA,7233,,INV,AUG,2023,EAC,WWS24G23WI,WHITE WESTINGHOUSE,Indoor Split A/C 22100 BTU Cool,HVPAC,WALL SPLITS,SAC WALL ROTARY,0-Month,1,1303.91,0.0,0.0,1303.91,195.59,1499.5
2023-08-08,2311048915,RECA,4207,,INV,AUG,2023,EAC,AH-A24ATS,SHARP,Indoor Split A/C 21000 BTU Cool HI-EER Class D R410A,HVPAC,WALL SPLITS,SAC WALL ROTARY,0-Month,1,1282.17,-84.75,6.61,1197.42,179.61,1377.03
2023-08-08,2311048915,RECA,4207,,INV,AUG,2023,EAC,AU-A24ATS,SHARP,Outdoor Split A/C 21000 BTU Cool HI-EER Class D R410A,HVPAC,WALL SPLITS,SAC WALL ROTARY,0-Month,1,1282.17,-84.75,6.61,1197.42,179.61,1377.03
2023-08-08,2321018356,RECA,7233,,INV,AUG,2023,TPC,DFB415FP,LG,14 Place Setting / NFC / 9 Wash Cycles / 7 Options,HA,DISH WASHER,FREE STANDING,0-Month,1,2608.0,0.0,0.0,2608.0,391.2,2999.2
2023-08-08,2311048916,RECA,7233,,INV,AUG,2023,EAC,4T-C50BK1X,SHARP,"50"" 4K HDR WITH ANDROID 9.0 SLIM LED TV",CE,LCD/LED TV,LED TV,0-Month,1,2433.91,-1217.39,50.02,1216.52,182.48,1399.0
2023-08-09,2311049441,RECA,7233,,INV,AUG,2023,EAC,WWA20K22R,WHITE WESTINGHOUSE,Window A/C 18000 BTU Cool,HVPAC,WAC,WAC ROTARY,0-Month,1,1303.48,-0.01,0.0,1303.47,195.52,1498.99
2023-08-09,2311049392,RECA,4207,,INV,AUG,2023,EAC,WWS36T22PI,WHITE WESTINGHOUSE,Indoor Split A/C 30600 BTU Cool,HVPAC,WALL SPLITS,SAC WALL ROTARY,0-Month,1,2760.43,-1067.36,38.67,1693.07,253.96,1947.03
2023-08-15,2311050389,RECA,7233,,INV,AUG,2023,EAC,HUF48HAO23,HISENSE,"Free Stand AC Outdoor Unit 48000 BTU ,Heat Cool, Inverter",HVPAC,FS SPLITS,FS SPLITS,0-Month,1,3956.09,-30.44,0.77,3925.65,588.85,4514.5
2023-08-17,2311050834,REEM,3029,,INV,AUG,2023,EAC,DS18T23WI,DORA,Indoor Split A/C 18000 BTU Cool WiFi HI-EER Class D R410A,HVPAC,WALL SPLITS,SAC WALL ROTARY,0-Month,1,977.83,-65.23,6.67,912.6,136.89,1049.49
2023-08-26,2311051857,RECA,7233,,INV,AUG,2023,EAC,86SUE9550,SKYWORTH,"SKYWORTH 86"" Google TV UHD 4K HDR SMART LED TV (120Hz)",CE,LCD/LED TV,LED TV,0-Month,1,4347.0,-87.0,2.0,4260.0,639.0,4899.0
2023-08-23,2318002524,RECA,7233,,CM,AUG,2023,EAC,WWS30G22I,WHITE WESTINGHOUSE,Indoor Split A/C 27400 BTU Cool,HVPAC,WALL SPLITS,SAC WALL ROTARY,0-Month,-1,1803.91,23.53,1.3,-1780.38,-267.06,-2047.44
2023-08-28,2311052649,RECA,4207,,INV,AUG,2023,EAC,WWS18G22C,WHITE WESTINGHOUSE,Outdoor Split A/C 17800 BTU Cool,HVPAC,WALL SPLITS,SAC WALL ROTARY,0-Month,2,1130.0,-113.04,5.0,2146.96,322.04,2469.0
2023-08-29,2318002573,RECA,7233,,CM,AUG,2023,EAC,WWS18G22I,WHITE WESTINGHOUSE,Indoor Split A/C 17800 BTU Cool,HVPAC,WALL SPLITS,SAC WALL ROTARY,0-Month,-2,1130.0,339.12,15.01,-1920.88,-288.13,-2209.01
2023-08-28,2318002572,RECA,7233,,CM,AUG,2023,EAC,WWS36G22I,WHITE WESTINGHOUSE,Indoor Split A/C 32200 BTU Cool,HVPAC,WALL SPLITS,SAC WALL ROTARY,0-Month,-1,2173.48,0.0,0.0,-2173.48,-326.03,-2499.51
2023-08-30,2311053163,RECA,7233,,INV,AUG,2023,EAC,WWRAK560(S),WHITE WESTINGHOUSE,"Fridge 19.9 CuFt, 564 Ltr, Inverter, R600a, Silver",HA,REFRIGERATORS,TOP MOUNT,0-Month,1,2868.69,-608.69,21.22,2260.0,339.0,2599.0
2023-08-31,2311053745,REUI,7596,,INV,AUG,2023,EAC,AH-A24ATS,SHARP,Indoor Split A/C 21000 BTU Cool HI-EER Class D R410A,HVPAC,WALL SPLITS,SAC WALL ROTARY,0-Month,1,1282.17,-21.74,1.7,1260.43,189.06,1449.49
2023-09-03,2321021536,RECA,7233,,INV,SEP,2023,TPC,WTR24HHB1,LG,WM TL 24KG/TurboWash3D™/Wi-Fi/Tub Clean/Steam/DD Motor,HA,LAUNDRY A,FA TOP LOADING,0-Month,1,4347.0,0.0,0.0,4347.0,652.05,4999.05
2023-09-05,2311054622,RECA,7233,,INV,SEP,2023,EAC,WWS24K23C,WHITE WESTINGHOUSE,Outdoor split  A/C 23000 BTU Cool - WiFi,HVPAC,WALL SPLITS,SAC WALL ROTARY,0-Month,1,1260.43,-43.48,3.45,1216.95,182.54,1399.49
2023-09-07,2311059638,RECA,7233,,INV,SEP,2023,EAC,2T-C425DG6NX,SHARP,"42 inch Smart TV, Full HD Android 9.0, Dolby Audio",CE,LCD/LED TV,LED TV,0-Month,1,1260.0,-391.31,31.06,868.69,130.3,998.99
2023-09-08,2311059790,RECA,7233,,INV,SEP,2023,EAC,WWS18K23C,WHITE WESTINGHOUSE,Outdoor split  A/C 18400 BTU Cool - WiFi,HVPAC,WALL SPLITS,SAC WALL ROTARY,0-Month,1,999.57,-43.48,4.35,956.09,143.41,1099.5
2023-09-17,2311062552,RECA,7233,,INV,SEP,2023,EAC,SJ-K135X-SL,SHARP,"90L / 3.2 Cu ft, Single Door Refrigerator, R600a, 60Hz, Silver color",HA,REFRIGERATORS,MINI BAR,0-Month,1,781.74,-86.96,11.12,694.78,104.22,799.0
2023-09-19,2321023003,RECA,7233,,INV,SEP,2023,TPC,AW-DK1775WUPBB(WK),TOSHIBA,"TL WASHER 15 KG,UFB WASH,SDD INVERTER,60HZ - WHITE/BLACK",HA,LAUNDRY A,FA TOP LOADING,0-Month,1,2433.91,-478.26,19.65,1955.65,293.35,2249.0
2023-09-19,2321023013,RECA,7233,,INV,SEP,2023,TPC,DW-14F1ME(S),TOSHIBA,Dish Washer FS 14 Place Settings 6 Prog Silver,HA,DISH WASHER,FREE STANDING,0-Month,1,1390.43,-86.95,6.25,1303.48,195.52,1499.0
2023-09-20,2311063157,RECA,7233,,INV,SEP,2023,EAC,WWUF21KS,WHITE WESTINGHOUSE,21 Cu Ft. SS Upright Freezer Inverter Compressor R600a,HA,FREEZERS,UPRIGHT FREEZER,0-Month,1,3216.52,-173.91,5.41,3042.61,456.39,3499.0
2023-09-20,2311063120,RECA,7233,,INV,SEP,2023,EAC,EK-EER73DB,ELECTROLUX,FLOOR STICK RECHARGEABLE 14.4V,SDA,VACCUM CLEANERS,CANNISTER,0-Month,1,668.7,-668.63,99.99,0.07,0.01,0.08
2023-09-20,2311063107,RECA,7233,,INV,SEP,2023,EAC,DUF21KS,DORA,21 Cu Ft. SS Upright Freezer Inverter Compressor R600a,HA,FREEZERS,UPRIGHT FREEZER,0-Month,1,3042.61,-434.78,14.29,2607.83,391.18,2999.01
2023-09-21,2311063294,RECA,7233,,INV,SEP,2023,EAC,PIPE V-24,WHITE WESTINGHOUSE,4 Meter copper pipe for 24K Split AC,HVPAC,ACCESSORIES,PIPE,0-Month,1,0.01,0.0,0.0,0.01,0.01,0.02
2023-09-21,2311063288,RECA,7233,,INV,SEP,2023,EAC,EK-EER73DB,ELECTROLUX,FLOOR STICK RECHARGEABLE 14.4V,SDA,VACCUM CLEANERS,CANNISTER,0-Month,1,668.7,-668.69,100.0,0.01,0.0,0.01
2023-09-21,2311063280,RECA,4207,,INV,SEP,2023,EAC,WWR9VS650,WHITE WESTINGHOUSE,Fridge 22.96 Cu Ft/650 Ltr SS Inverter Compressor,HA,REFRIGERATORS,TOP MOUNT,0-Month,1,3738.26,-1000.0,26.75,2738.26,410.74,3149.0
2023-09-24,2311063448,RECA,7233,,INV,SEP,2023,EAC,E7CM1-50GB,ELECTROLUX,"Coffee Maker, Black with Aroma - Explore 7",SDA,LHA,COFFEE MAKER,0-Month,1,433.91,-433.9,100.0,0.01,0.0,0.01
2023-09-22,2311063405,RECA,7233,,INV,SEP,2023,EAC,WWR9VS650,WHITE WESTINGHOUSE,Fridge 22.96 Cu Ft/650 Ltr SS Inverter Compressor,HA,REFRIGERATORS,TOP MOUNT,0-Month,1,3738.26,-695.65,18.61,3042.61,456.39,3499.0
2023-09-24,2321023262,RECA,7233,,INV,SEP,2023,TPC,TBA-36LMG5G089KS-SA,TOSHIBA,"Gas Cooker 90x60, 5 burner with Rotisserie & Convection - SS",HA,COOKING RANGE,GAS COOKER,0-Month,1,1999.13,-86.96,4.35,1912.17,286.82,2198.99
2023-09-25,2311063638,RECA,7233,,INV,SEP,2023,EAC,DS24T23WI,DORA,Indoor Split A/C 22000 BTU Cool WiFi HI-EER Class D R410A,HVPAC,WALL SPLITS,SAC WALL ROTARY,0-Month,1,1216.96,-86.96,7.15,1130.0,169.5,1299.5
2023-09-21,2318002752,RECA,7233,,CM,SEP,2023,EAC,E7CM1-50GB,ELECTROLUX,"Coffee Maker, Black with Aroma - Explore 7",SDA,LHA,COFFEE MAKER,0-Month,-1,433.91,433.87,99.99,-0.04,0.0,-0.04
2023-09-27,2311064747,RECA,7233,,INV,SEP,2023,EAC,DS24T23WC,DORA,Outdoor Split A/C 22000 BTU Cool WiFi HI-EER Class D R410A,HVPAC,WALL SPLITS,SAC WALL ROTARY,0-Month,1,1216.96,-86.96,7.15,1130.0,169.5,1299.5
2023-09-28,2311065263,RECA,7233,,INV,SEP,2023,EAC,4T-C75EK2NX,SHARP,"75 Inch, 4K, Android 11, HDR, Dolby Vision, Dolby Atmos, HDMI 2.1, Made In Japan Panel",CE,LCD/LED TV,LED TV,0-Month,1,5216.52,-2347.82,45.01,2868.7,430.3,3299.0
2023-09-28,2321024467,RECA,7233,,INV,SEP,2023,TPC,MM-EG34PB(BK),TOSHIBA,"34L GRILL MICROWAVE, DIGITAL, STEEL, 220V, 60HZ - Black",SDA,MICROWAVE,GRILL,0-Month,1,520.87,-43.48,8.35,477.39,71.61,549.0
2023-09-30,2311065970,REUI,7561,,INV,SEP,2023,EAC,WWS24G23WC,WHITE WESTINGHOUSE,Outdoor Split A/C 22100 BTU Cool WiFi,HVPAC,WALL SPLITS,SAC WALL ROTARY,0-Month,1,1303.91,0.0,0.0,1303.91,195.59,1499.5
2023-10-01,2311066122,RECA,7233,,INV,OCT,2023,EAC,WWFLD10VW08,WHITE WESTINGHOUSE,"FRONT LOAD CONDENSOR DRYER 8KG, WITH PUMP",HA,LAUNDRY A,DRYER,0-Month,1,1390.43,0.0,0.0,1390.43,208.57,1599.0
2023-10-02,2311066195,RECA,4207,,INV,OCT,2023,EAC,WWS24K23I,WHITE WESTINGHOUSE,Indoor split  A/C 23000 BTU Cool - WiFi,HVPAC,WALL SPLITS,SAC WALL ROTARY,0-Month,3,1260.43,-312.99,8.28,3468.3,520.25,3988.55
2023-10-08,2311070114,RECA,7233,,INV,OCT,2023,EAC,DA20K23R,DORA,Window A/C 18000 BTU Cool Hi-EER Class F R410A,HVPAC,WAC,WAC ROTARY,0-Month,1,1260.0,-43.48,3.45,1216.52,182.47,1398.99
2023-10-08,2311070268,REUI,7596,,INV,OCT,2023,EAC,70SUE9350F,SKYWORTH,"SKYWORTH 70"" Google TV UHD 4K HDR SMART LED TV",CE,LCD/LED TV,LED TV,0-Month,1,3999.0,-1912.92,47.83,2086.08,312.91,2398.99
2023-10-08,2321025578,RECA,7233,,INV,OCT,2023,TPC,AW-UK1100HUPBB(SG),TOSHIBA,"TL Washer 10kg, UFB Wash, 220-230V, 60HZ - Silver",HA,LAUNDRY A,FA TOP LOADING,0-Month,1,1738.26,-173.91,10.0,1564.35,234.65,1799.0
2023-10-08,2311070258,RECA,4207,,INV,OCT,2023,EAC,WWS30K23C,WHITE WESTINGHOUSE,Outdoor split  A/C 27000 BTU Cool - WiFi,HVPAC,WALL SPLITS,SAC WALL ROTARY,0-Month,1,1738.7,-43.49,2.5,1695.21,254.28,1949.49
2023-10-09,2311070384,RECA,4207,,INV,OCT,2023,EAC,WWS30K23I,WHITE WESTINGHOUSE,Indoor split  A/C 27000 BTU Cool - WiFi,HVPAC,WALL SPLITS,SAC WALL ROTARY,0-Month,1,1738.7,-128.27,7.38,1610.43,241.56,1851.99
2023-10-09,2321025688,RECA,7233,,INV,OCT,2023,TPC,LT10CBBWIN,LG,Ref 2D 9 Cu. Ft / Pocket Handle  / Pull out tray,HA,REFRIGERATORS,TOP MOUNT,0-Month,1,3130.0,-1522.0,48.63,1608.0,241.2,1849.2
2023-10-12,2311070903,RECA,7233,,INV,OCT,2023,EAC,WWS18G22C,WHITE WESTINGHOUSE,Outdoor Split A/C 17800 BTU Cool,HVPAC,WALL SPLITS,SAC WALL ROTARY,0-Month,1,1130.0,0.0,0.0,1130.0,169.5,1299.5
2023-10-14,2321026190,RECA,7233,,INV,OCT,2023,TPC,WTS14HHWK,LG,WM TL 14KG / TurboDrum / Full STS Drum /  Wi-Fi / DD Motor,HA,LAUNDRY A,FA TOP LOADING,0-Month,1,4651.0,-1608.0,34.57,3043.0,456.45,3499.45
2023-10-16,2311071351,RECA,7233,,INV,OCT,2023,EAC,FA31-202GY,ELECTROLUX,Flow A3 - Air Purifier with Anti-bacterial HEPA & Touch UI,SDA,AIR PURIFIER,RESIDENTIAL,0-Month,200,651.3,-67652.0,51.94,62608.0,9391.2,71999.2
2023-10-20,2311071884,RECA,7233,,INV,OCT,2023,EAC,R-77AS(ST),SHARP,"34L GRILL MICROWAVE, STEEL, 220V/60HZ - Stainless Steel",SDA,MICROWAVE,BASIC,0-Month,1,564.35,0.0,0.0,564.35,84.66,649.01
2023-10-19,2311071873,RECA,7233,,INV,OCT,2023,EAC,EM-CP31-W3,SHARP,"Chopper, 350W, 1.2Ltr, Glass Bowl",SDA,LHA,CHOPPER,0-Month,1,129.57,-17.4,13.43,112.17,16.83,129.0
2023-10-23,2311072317,RECA,7233,,INV,OCT,2023,EAC,EK-EWF9025MQSA,ELECTROLUX,9KG UltimateCare FL Washer with Vapour Care Technology,HA,LAUNDRY A,FA FRONT LOADING,0-Month,1,2390.43,-983.03,41.12,1407.4,211.11,1618.51
2023-10-28,2311072838,RECA,7233,,INV,OCT,2023,EAC,EK-EEWA7300AR,ELECTROLUX,KETTLE 2400W 1.7L  STAINLESS STEEL,SDA,LHA,ELECTRIC KETTLE,0-Month,1,260.0,-132.08,50.8,127.92,19.18,147.1
2023-10-28,2321027422,RECA,7233,,INV,OCT,2023,TPC,MM-EM23PB(WH),TOSHIBA,"23L MICROWAVE, DIGITAL, 220V, 60HZ - Inox",SDA,MICROWAVE,BASIC,0-Month,1,390.43,-59.13,15.14,331.3,49.7,381.0
2023-10-30,2311073237,RECO,7183,,INV,OCT,2023,EAC,WWFR17TVS,WHITE WESTINGHOUSE,17 CuFt/481 Ltr SS Commercial Full Refrigerator,HA,REFRIGERATORS,ALL REFRIGERATOR,0-Month,1,3042.61,0.0,0.0,3042.61,456.4,3499.01
2023-10-31,2311073484,REUI,7596,,INV,OCT,2023,EAC,WWS18K23I,WHITE WESTINGHOUSE,Indoor split  A/C 18400 BTU Cool - WiFi,HVPAC,WALL SPLITS,SAC WALL ROTARY,0-Month,2,999.57,-86.96,4.35,1912.18,286.83,2199.01
2023-10-31,2311073677,RECA,7233,,INV,OCT,2023,EAC,WWS30G22I,WHITE WESTINGHOUSE,Indoor Split A/C 27400 BTU Cool,HVPAC,WALL SPLITS,SAC WALL ROTARY,0-Month,1,1803.91,0.0,0.0,1803.91,270.59,2074.5
2023-07-05,2311041413,RECA,7233,,INV,JUL,2023,EAC,HS24CPVO23,HISENSE,Outdoor Split A/C 24000 BTU Cool - Inverter - WiFi,HVPAC,WALL SPLITS,SAC WALL ROTARY,0-Month,1,1543.04,-231.46,15.0,1311.58,196.74,1508.32
2023-07-05,2311041490,RECA,7233,,INV,JUL,2023,EAC,HS24CPI23,HISENSE,Indoor Split A/C 23000 BTU Cool - WiFi,HVPAC,WALL SPLITS,SAC WALL ROTARY,0-Month,1,1325.65,-30.43,2.3,1295.22,194.28,1489.5
2023-07-06,2311041840,RECA,7233,,INV,JUL,2023,EAC,E6AF1-720S,ELECTROLUX,"Air Fryer, Stainless Steel with Touch - Explore 6",SDA,LHA,DEEP FRYER,0-Month,1,477.39,-477.34,99.99,0.05,0.0,0.05
2023-07-10,2311041966,RECA,7233,,INV,JUL,2023,EAC,PIPE-18/24,WHITE WESTINGHOUSE,4 Meter copper pipe for 18K/24K Split AC,HVPAC,ACCESSORIES,PIPE,0-Month,3,0.01,0.0,0.0,0.03,0.01,0.04
2023-07-10,2311041988,REEM,3029,,INV,JUL,2023,EAC,FREE-LAPTOP-BUNDLE,Unspecified,"Port Design 15.6"" LB BLACK/Logitech WL Mouse M170 Grey",OTHERS,OTHERS,OTHERS,0-Month,1,138.26,-138.25,99.99,0.01,0.0,0.01
2023-07-15,2311042491,REUI,7596,,INV,JUL,2023,EAC,AH-A24ATS,SHARP,Indoor Split A/C 21000 BTU Cool HI-EER Class D R410A,HVPAC,WALL SPLITS,SAC WALL ROTARY,0-Month,1,1282.17,-21.74,1.7,1260.43,189.06,1449.49
2023-07-17,2311043019,RECA,4207,,INV,JUL,2023,EAC,WWRAK560(S),WHITE WESTINGHOUSE,"Fridge 19.9 CuFt, 564 Ltr, Inverter, R600a, Silver",HA,REFRIGERATORS,TOP MOUNT,0-Month,1,2868.69,-834.78,29.1,2033.91,305.09,2339.0
2023-07-24,2311043718,RECA,7233,,INV,JUL,2023,EAC,DWD76TDS,DORA,"Top and Bottom Loading Water Dispenser, black with SS DWD76TDS",SDA,WATER DISPENSER,FREE STANDING,0-Month,10,1042.61,-3652.2,35.03,6773.9,1016.09,7789.99
2023-07-26,2311043901,RECA,7233,,INV,JUL,2023,EAC,WWS24G23WC,WHITE WESTINGHOUSE,Outdoor Split A/C 22100 BTU Cool WiFi,HVPAC,WALL SPLITS,SAC WALL ROTARY,0-Month,1,1303.91,0.0,0.0,1303.91,195.59,1499.5
2023-07-25,2311043827,RECA,7233,,INV,JUL,2023,EAC,DWD77TDP,DORA,"Top and Bottom Loading Water Dispenser, black with SS",SDA,WATER DISPENSER,FREE STANDING,0-Month,1,1042.61,-365.22,35.03,677.39,101.61,779.0
2023-07-25,2311043834,RECO,7183,,INV,JUL,2023,EAC,50DYAC40,DORA,"50 Inch, UHD 4K, Android 11, Dolby Audio, 2.1 HDMI",CE,LCD/LED TV,LED TV,0-Month,1,1173.04,-76.74,6.54,1096.3,164.44,1260.74
2023-07-27,2321017263,RECA,7233,,INV,JUL,2023,TPC,AW-DK1775WUPBB(WK),TOSHIBA,"TL WASHER 15 KG,UFB WASH,SDD INVERTER,60HZ - WHITE/BLACK",HA,LAUNDRY A,FA TOP LOADING,0-Month,1,2433.91,-260.87,10.72,2173.04,325.95,2498.99
2023-08-01,2311045456,REUI,7561,,INV,AUG,2023,EAC,DS24T23WC,DORA,Outdoor Split A/C 22000 BTU Cool WiFi HI-EER Class D R410A,HVPAC,WALL SPLITS,SAC WALL ROTARY,0-Month,1,1216.96,-86.96,7.15,1130.0,169.5,1299.5
2023-08-01,2311045449,REUI,1879,,INV,AUG,2023,EAC,MQ9E3AH/A,APPLE MACINTOSH,iPhone 14 Pro Max 256GB Deep Purple,TELECOM,MOBILES,SMART PHONES,0-Month,3,5042.61,-1375.11,9.09,13752.72,2062.91,15815.63
2023-08-02,2311045631,RECA,7233,,INV,AUG,2023,EAC,PIPE V-24,WHITE WESTINGHOUSE,4 Meter copper pipe for 24K Split AC,HVPAC,ACCESSORIES,PIPE,0-Month,1,0.01,0.0,0.0,0.01,0.01,0.02
2023-08-16,2311050402,RECA,4207,,INV,AUG,2023,EAC,PIPE V-12/18,WHITE WESTINGHOUSE,4 Meter copper pipe for 12K/18K Split AC,HVPAC,ACCESSORIES,PIPE,0-Month,1,0.01,0.0,0.0,0.01,0.01,0.02
2023-08-15,2311050352,RECA,7233,,INV,AUG,2023,EAC,75DYAC40,DORA,"75 Inch, UHD 4K, Android 11, Dolby Vision, Dolby Atmos, 2.1 HDMI, Metal Frame",CE,LCD/LED TV,LED TV,0-Month,1,2607.83,-260.87,10.0,2346.96,352.04,2699.0
2023-08-19,2311050981,RECA,7233,,INV,AUG,2023,EAC,WWS18G22C,WHITE WESTINGHOUSE,Outdoor Split A/C 17800 BTU Cool,HVPAC,WALL SPLITS,SAC WALL ROTARY,0-Month,1,1130.0,-565.0,50.0,565.0,84.75,649.75
2023-08-20,2318002515,REUI,7561,,CM,AUG,2023,EAC,AU-A18ATS,SHARP,Outdoor Split A/C 18000 BTU Cool HI-EER Class D R410A.,HVPAC,WALL SPLITS,SAC WALL ROTARY,0-Month,-1,1064.78,21.74,2.04,-1043.04,-156.45,-1199.49
2023-08-22,2311051498,RECA,7233,,INV,AUG,2023,EAC,WWS30G22I,WHITE WESTINGHOUSE,Indoor Split A/C 27400 BTU Cool,HVPAC,WALL SPLITS,SAC WALL ROTARY,0-Month,1,1803.91,-22.38,1.24,1781.53,267.23,2048.76
2023-08-26,2311051848,RECA,7233,,INV,AUG,2023,EAC,PIPE-18/24,WHITE WESTINGHOUSE,4 Meter copper pipe for 18K/24K Split AC,HVPAC,ACCESSORIES,PIPE,0-Month,1,0.01,0.0,0.0,0.01,0.01,0.02
2023-08-27,2321020108,RECA,7233,,INV,AUG,2023,TPC,TBA-24BMG4G089KS-SA,TOSHIBA,"Gas Cooker 60x60, 4 burner, Auto Ignition & Oven Light - SS",HA,COOKING RANGE,GAS COOKER,0-Month,1,1129.57,0.0,0.0,1129.57,169.44,1299.01
2023-08-27,2321020613,RECA,7233,,INV,AUG,2023,TPC,LM334BBSLN,LG,Ref SxS 26.7 Cu. Ft / Hygiene Fresh+ / Multi Air Flow,HA,REFRIGERATORS,SIDE BY SIDE,0-Month,1,8521.0,0.0,0.0,8521.0,1278.15,9799.15
2023-08-28,2311052694,REUI,7596,,INV,AUG,2023,EAC,WWS24G23WI,WHITE WESTINGHOUSE,Indoor Split A/C 22100 BTU Cool,HVPAC,WALL SPLITS,SAC WALL ROTARY,0-Month,1,1303.91,0.0,0.0,1303.91,195.59,1499.5
2023-08-28,2311052653,RECA,4207,,INV,AUG,2023,EAC,WWS18G22C,WHITE WESTINGHOUSE,Outdoor Split A/C 17800 BTU Cool,HVPAC,WALL SPLITS,SAC WALL ROTARY,0-Month,10,1130.0,-1695.6,15.01,9604.4,1440.66,11045.06
2023-08-29,2311052901,RECA,4207,,INV,AUG,2023,EAC,DA20K23R,DORA,Window A/C 18000 BTU Cool Hi-EER Class F R410A,HVPAC,WAC,WAC ROTARY,0-Month,1,1260.0,-104.34,8.28,1155.66,173.34,1329.0
2023-08-30,2311053073,RECA,4207,,INV,AUG,2023,EAC,ES-FS812DLZSA-S,SHARP,"FL Washer 8kg,1200RPM,8+Prg,Rapid Wash,Chrome Door-S Steel",HA,LAUNDRY A,FA FRONT LOADING,0-Month,1,1477.39,-304.35,20.6,1173.04,175.95,1348.99
2023-09-02,2311054364,REUI,7596,,INV,SEP,2023,EAC,WWA20K22R,WHITE WESTINGHOUSE,Window A/C 18000 BTU Cool,HVPAC,WAC,WAC ROTARY,0-Month,1,1346.96,-43.49,3.23,1303.47,195.52,1498.99
2023-09-02,2311054361,REUI,7596,,INV,SEP,2023,EAC,DS24T23WC,DORA,Outdoor Split A/C 22000 BTU Cool WiFi HI-EER Class D R410A,HVPAC,WALL SPLITS,SAC WALL ROTARY,0-Month,1,1216.96,-86.96,7.15,1130.0,169.5,1299.5
2023-09-08,2311059793,RECA,7233,,INV,SEP,2023,EAC,EK-EEWA7300AR,ELECTROLUX,KETTLE 2400W 1.7L  STAINLESS STEEL,SDA,LHA,ELECTRIC KETTLE,0-Month,1,260.0,-132.08,50.8,127.92,19.18,147.1
2023-09-10,2311059875,RECA,7233,,INV,SEP,2023,EAC,WWS24K23HC,WHITE WESTINGHOUSE,Outdoor split  A/C 23000 BTU Heat Cool - WiFi,HVPAC,WALL SPLITS,SAC WALL ROTARY,0-Month,1,1347.39,-43.48,3.23,1303.91,195.58,1499.49
2023-09-09,2311059803,RECA,7233,,INV,SEP,2023,EAC,WWS24K23C,WHITE WESTINGHOUSE,Outdoor split  A/C 23000 BTU Cool - WiFi,HVPAC,WALL SPLITS,SAC WALL ROTARY,0-Month,1,1260.43,-43.47,3.45,1216.96,182.54,1399.5
2023-09-11,2311060046,RECA,7233,,INV,SEP,2023,EAC,2T-C425DG6NX,SHARP,"42 inch Smart TV, Full HD Android 9.0, Dolby Audio",CE,LCD/LED TV,LED TV,0-Month,3,1260.0,-1173.93,31.06,2606.07,390.91,2996.98
2023-09-20,2311063107,RECA,7233,,INV,SEP,2023,EAC,EK-EER73DB,ELECTROLUX,FLOOR STICK RECHARGEABLE 14.4V,SDA,VACCUM CLEANERS,CANNISTER,0-Month,1,668.7,-668.63,99.99,0.07,0.01,0.08
2023-09-25,2311063666,RECA,7233,,INV,SEP,2023,EAC,E7CM1-50GB,ELECTROLUX,"Coffee Maker, Black with Aroma - Explore 7",SDA,LHA,COFFEE MAKER,0-Month,2,433.91,-867.74,99.99,0.08,0.01,0.09
2023-09-25,2311063735,REUI,7596,,INV,SEP,2023,EAC,HS18CPVO23,HISENSE,Outdoor Split A/C 18400 BTU Cool - Inverter - WiFi,HVPAC,WALL SPLITS,SAC WALL ROTARY,0-Month,2,1325.65,-652.16,24.6,1999.14,299.87,2299.01
2023-09-28,2321024331,REEM,3035,,INV,SEP,2023,TPC,TBA-36LMG5G089KS-SA,TOSHIBA,"Gas Cooker 90x60, 5 burner with Rotisserie & Convection - SS",HA,COOKING RANGE,GAS COOKER,0-Month,1,1999.13,-86.96,4.35,1912.17,286.82,2198.99
2023-09-28,2321024426,RECA,7233,,INV,SEP,2023,TPC,AW-UK1100HUPBB(SG),TOSHIBA,"TL Washer 10kg, UFB Wash, 220-230V, 60HZ - Silver",HA,LAUNDRY A,FA TOP LOADING,0-Month,1,1738.26,-330.43,19.01,1407.83,211.17,1619.0
2023-10-03,2311066517,RECA,7233,,INV,OCT,2023,EAC,WWA20K22R,WHITE WESTINGHOUSE,Window A/C 18000 BTU Cool,HVPAC,WAC,WAC ROTARY,0-Month,1,1346.96,-43.49,3.23,1303.47,195.52,1498.99
2023-10-04,2311069793,REUI,7561,,INV,OCT,2023,EAC,WWA25G22HR,WHITE WESTINGHOUSE,Window A/C 21400 BTU H/C,HVPAC,WAC,WAC ROTARY,0-Month,1,1825.22,-43.48,2.38,1781.74,267.26,2049.0
2023-10-07,2321025425,REUI,7561,,INV,OCT,2023,TPC,AW-DUK2217WUPBB(SS),TOSHIBA,"TL WASHER 15kg,GLASS LID,UFB WASH,SDD INVERTER,STAINLESS STL",HA,LAUNDRY A,FA TOP LOADING,0-Month,1,3042.61,-86.96,2.86,2955.65,443.35,3399.0
2023-10-07,2311070087,RECA,7233,,INV,OCT,2023,EAC,DS18T23WI,DORA,Indoor Split A/C 18000 BTU Cool WiFi HI-EER Class D R410A,HVPAC,WALL SPLITS,SAC WALL ROTARY,0-Month,2,977.83,-130.44,6.67,1825.22,273.78,2099.0
2023-10-09,2321025698,RECA,7233,,INV,OCT,2023,TPC,AW-DUK1300KUPBB(WW),TOSHIBA,"TL Washer 12kg,Pump,Great Wave,Glass Lid,60hz-White",HA,LAUNDRY A,FA TOP LOADING,0-Month,1,1912.17,-173.91,9.09,1738.26,260.74,1999.0
2023-10-11,2311070777,RECA,7233,,INV,OCT,2023,EAC,WWS24K23I,WHITE WESTINGHOUSE,Indoor split  A/C 23000 BTU Cool - WiFi,HVPAC,WALL SPLITS,SAC WALL ROTARY,0-Month,1,1260.43,-43.47,3.45,1216.96,182.54,1399.5
2023-10-12,2311070863,RECA,7233,,INV,OCT,2023,EAC,SCF-K200H-WH,SHARP,"Chest Freezer,5.1Cft (145L), 230V 60HZ, R600A",HA,FREEZERS,CHEST FREEZERS,0-Month,1,825.22,0.0,0.0,825.22,123.79,949.01
2023-10-16,2311071404,RECA,7233,,INV,OCT,2023,EAC,WWS24K23C,WHITE WESTINGHOUSE,Outdoor split  A/C 23000 BTU Cool - WiFi,HVPAC,WALL SPLITS,SAC WALL ROTARY,0-Month,2,1260.43,-207.82,8.24,2313.04,346.95,2659.99
2023-10-19,2311071844,RECA,4207,,INV,OCT,2023,EAC,PIPE-18/24,WHITE WESTINGHOUSE,4 Meter copper pipe for 18K/24K Split AC,HVPAC,ACCESSORIES,PIPE,0-Month,4,0.01,0.0,0.0,0.04,0.01,0.05
2023-10-25,2321027233,REUI,7596,,INV,OCT,2023,TPC,GR-RT830WE-PMU(49),TOSHIBA,"FRIDGE 21.50 CFT (608L), INVERTER, 230V, 50/60HZ - SILVER",HA,REFRIGERATORS,TOP MOUNT,0-Month,1,3564.35,-173.92,4.88,3390.43,508.57,3899.0
2023-10-29,2311073114,RECA,7233,,INV,OCT,2023,EAC,WWS36T22PI,WHITE WESTINGHOUSE,Indoor Split A/C 30600 BTU Cool,HVPAC,WALL SPLITS,SAC WALL ROTARY,0-Month,1,2760.43,-978.26,35.44,1782.17,267.33,2049.5
2023-10-31,2311073697,RECA,7233,,INV,OCT,2023,EAC,DWD76TDS,DORA,"Top and Bottom Loading Water Dispenser, black with SS DWD76TDS",SDA,WATER DISPENSER,FREE STANDING,0-Month,1,1042.61,-365.22,35.03,677.39,101.61,779.0
2023-07-02,2311038618,REUI,1879,,INV,JUL,2023,EAC,WWS30G22C,WHITE WESTINGHOUSE,Outdoor Split A/C 27400 BTU Cool,HVPAC,WALL SPLITS,SAC WALL ROTARY,0-Month,6,1803.91,-983.88,9.09,9839.58,1475.93,11315.51
2023-07-04,2321015965,RECA,7233,,INV,JUL,2023,TPC,TBA-24BMG4G089KS-SA,TOSHIBA,"Gas Cooker 60x60, 4 burner, Auto Ignition & Oven Light - SS",HA,COOKING RANGE,GAS COOKER,0-Month,1,1129.57,-86.96,7.7,1042.61,156.39,1199.0
2023-07-12,2311042259,REEM,3064,,INV,JUL,2023,EAC,MQ9E3AH/A,APPLE MACINTOSH,iPhone 14 Pro Max 256GB Deep Purple,TELECOM,MOBILES,SMART PHONES,0-Month,1,5042.61,-434.78,8.62,4607.83,691.18,5299.01
2023-07-16,2311042536,RECA,7233,,INV,JUL,2023,EAC,R-28CNS(K),SHARP,"Microwave 28Ltr, Grill & Convection, 220V/60Htz - Black",SDA,MICROWAVE,BASIC,0-Month,1,694.78,-694.71,99.99,0.07,0.01,0.08
2023-07-20,2311043502,RECA,7233,,INV,JUL,2023,EAC,WWS24G23WI,WHITE WESTINGHOUSE,Indoor Split A/C 22100 BTU Cool,HVPAC,WALL SPLITS,SAC WALL ROTARY,0-Month,1,1303.91,0.0,0.0,1303.91,195.59,1499.5
2023-07-26,2311043902,RECA,7233,,INV,JUL,2023,EAC,WWA25G22R,WHITE WESTINGHOUSE,Window A/C 21800 BTU Cool,HVPAC,WAC,WAC ROTARY,0-Month,2,1738.26,0.0,0.0,3476.52,521.48,3998.0
2023-07-27,2311043996,REEM,3029,,INV,JUL,2023,EAC,XB-RRT-00013,MS-XB,Xbox Series X Console 1TB Black,TELECOM,ENTERTAINMENT,GAMING,0-Month,1,1999.0,0.0,0.0,1999.0,299.85,2298.85
2023-07-27,2311043961,REUI,7596,,INV,JUL,2023,EAC,AH-A24ATS,SHARP,Indoor Split A/C 21000 BTU Cool HI-EER Class D R410A,HVPAC,WALL SPLITS,SAC WALL ROTARY,0-Month,1,1282.17,-21.74,1.7,1260.43,189.06,1449.49
2023-07-31,2311044210,REEM,3064,,INV,JUL,2023,EAC,HW18CA23,HISENSE,Window A/C 18000 BTU Cool,HVPAC,WAC,WAC ROTARY,0-Month,1,1346.96,-43.48,3.23,1303.48,195.52,1499.0
2023-08-01,2321018037,RECA,7233,,INV,AUG,2023,TPC,TBA-24BMG4G089KS-SA,TOSHIBA,"Gas Cooker 60x60, 4 burner, Auto Ignition & Oven Light - SS",HA,COOKING RANGE,GAS COOKER,0-Month,1,1129.57,0.0,0.0,1129.57,169.44,1299.01
2023-08-03,2311048442,RECA,7233,,INV,AUG,2023,EAC,PIPE V-12/18,WHITE WESTINGHOUSE,4 Meter copper pipe for 12K/18K Split AC,HVPAC,ACCESSORIES,PIPE,0-Month,1,0.01,0.0,0.0,0.01,0.01,0.02
2023-08-03,2311048502,RECA,7233,,INV,AUG,2023,EAC,PIPE-30,WHITE WESTINGHOUSE,5 Meter copper pipe for 30K Split AC,HVPAC,ACCESSORIES,PIPE,0-Month,1,0.01,0.0,0.0,0.01,0.01,0.02
2023-08-04,2311048553,REUI,7596,,INV,AUG,2023,EAC,PIPE V-30/36,WHITE WESTINGHOUSE,5 Meter copper pipe for 30K/36K Split AC,HVPAC,ACCESSORIES,PIPE,0-Month,1,0.01,0.0,0.0,0.01,0.01,0.02
2023-08-06,2311048659,REUI,1879,,INV,AUG,2023,EAC,WWS18G22I,WHITE WESTINGHOUSE,Indoor Split A/C 17800 BTU Cool,HVPAC,WALL SPLITS,SAC WALL ROTARY,0-Month,3,1130.0,-308.16,9.09,3081.84,462.27,3544.11
2023-08-05,2311048576,RECA,7233,,INV,AUG,2023,EAC,WWUF21KS,WHITE WESTINGHOUSE,21 Cu Ft. SS Upright Freezer Inverter Compressor R600a,HA,FREEZERS,UPRIGHT FREEZER,0-Month,1,3216.52,-173.91,5.41,3042.61,456.39,3499.0
2023-08-13,2321018903,REUI,7561,,INV,AUG,2023,TPC,TW-BK110G4BB(SK),TOSHIBA,"FL Washer 10kg,1400 RPM,Orgn Inverter,Digital Display-Silver",HA,LAUNDRY A,FA FRONT LOADING,0-Month,1,2260.0,-173.91,7.7,2086.09,312.91,2399.0
2023-08-14,2311050188,RECA,4207,,INV,AUG,2023,EAC,WWFR17KS,WHITE WESTINGHOUSE,17 Cu Ft. SS Full Refrigerator Inverter Compressor R600a,HA,REFRIGERATORS,ALL REFRIGERATOR,0-Month,1,2868.7,-521.66,18.18,2347.04,352.06,2699.1
2023-08-14,2311050171,RECA,4207,,INV,AUG,2023,EAC,PIPE V-12/18,WHITE WESTINGHOUSE,4 Meter copper pipe for 12K/18K Split AC,HVPAC,ACCESSORIES,PIPE,0-Month,4,0.01,0.0,0.0,0.04,0.01,0.05
2023-08-26,2321020021,REUI,7596,,INV,AUG,2023,TPC,AW-DK1775WUPBB(WK),TOSHIBA,"TL WASHER 15 KG,UFB WASH,SDD INVERTER,60HZ - WHITE/BLACK",HA,LAUNDRY A,FA TOP LOADING,0-Month,1,2433.91,-260.87,10.72,2173.04,325.95,2498.99
2023-08-27,2311051972,RECA,7233,,INV,AUG,2023,EAC,WWS24T22PHI,WHITE WESTINGHOUSE,Indoor Split A/C 22500 BTU H/C,HVPAC,WALL SPLITS,SAC WALL ROTARY,0-Month,2,1782.17,-1334.76,37.45,2229.58,334.44,2564.02
2023-08-27,2311052588,RECA,7233,,INV,AUG,2023,EAC,PIPE V-30/36,WHITE WESTINGHOUSE,5 Meter copper pipe for 30K/36K Split AC,HVPAC,ACCESSORIES,PIPE,0-Month,1,0.01,0.0,0.0,0.01,0.01,0.02
2023-09-11,2311060049,REEM,3064,,INV,SEP,2023,EAC,55SUE9350F,SKYWORTH,"Skyworth 55"" 4K UHD LED TV (Google TV)",CE,LCD/LED TV,LED TV,0-Month,1,1303.48,-86.95,6.67,1216.53,182.48,1399.01
2023-09-17,2311062525,RECA,7233,,INV,SEP,2023,EAC,WWS24K23I,WHITE WESTINGHOUSE,Indoor split  A/C 23000 BTU Cool - WiFi,HVPAC,WALL SPLITS,SAC WALL ROTARY,0-Month,1,1260.43,-43.47,3.45,1216.96,182.54,1399.5
2023-09-21,2321023136,RECA,4207,,INV,SEP,2023,TPC,DW-14F2ME(BS),TOSHIBA,Dish Washer FS 14 Place Settings 8 Prog Black SS,HA,DISH WASHER,FREE STANDING,0-Month,1,2260.0,-538.26,23.82,1721.74,258.26,1980.0
2023-09-20,2311063221,RECA,7233,,INV,SEP,2023,EAC,E7CM1-50GB,ELECTROLUX,"Coffee Maker, Black with Aroma - Explore 7",SDA,LHA,COFFEE MAKER,0-Month,1,433.91,-433.87,99.99,0.04,0.0,0.04
2023-09-22,2311063407,RECA,7233,,INV,SEP,2023,EAC,75SUE9500,SKYWORTH,"Skyworth 75"" QLED TV 4K UHD Smart (Google TV)",CE,LCD/LED TV,LED TV,0-Month,1,2868.7,0.0,0.0,2868.7,430.31,3299.01
2023-09-22,2311063409,RECA,7233,,INV,SEP,2023,EAC,EK-EER73DB,ELECTROLUX,FLOOR STICK RECHARGEABLE 14.4V,SDA,VACCUM CLEANERS,CANNISTER,0-Month,1,668.7,-668.69,100.0,0.01,0.0,0.01
2023-09-24,2311063456,RECA,7233,,INV,SEP,2023,EAC,E7CM1-50GB,ELECTROLUX,"Coffee Maker, Black with Aroma - Explore 7",SDA,LHA,COFFEE MAKER,0-Month,1,433.91,-433.9,100.0,0.01,0.0,0.01
2023-09-30,2311065958,REUI,7596,,INV,SEP,2023,EAC,DWD77TDP,DORA,"Top and Bottom Loading Water Dispenser, black with SS",SDA,WATER DISPENSER,FREE STANDING,0-Month,1,1042.61,-365.22,35.03,677.39,101.61,779.0
2023-09-30,2321024765,RECA,7233,,INV,SEP,2023,TPC,DW-14F1ME(S),TOSHIBA,Dish Washer FS 14 Place Settings 6 Prog Silver,HA,DISH WASHER,FREE STANDING,0-Month,1,1390.43,-86.95,6.25,1303.48,195.52,1499.0
2023-10-01,2321024853,RECA,7233,,INV,OCT,2023,TPC,RWF-W1830BSA(K),TOSHIBA,"Water Disp,Touch Control,Digital Display,1Tap,Ice-Cold Technology",SDA,WATER DISPENSER,FREE STANDING,0-Month,1,912.17,0.0,0.0,912.17,136.83,1049.0
2023-10-07,2311070083,RECA,7233,,INV,OCT,2023,EAC,DRAMS500,DORA,"18.2 CuFt, 515L Fridge 230V 60HZ - R600a, Black",HA,REFRIGERATORS,TOP MOUNT,0-Month,1,2260.0,-86.96,3.85,2173.04,325.95,2498.99
2023-10-07,2311070087,RECA,7233,,INV,OCT,2023,EAC,PIPE V-24,WHITE WESTINGHOUSE,4 Meter copper pipe for 24K Split AC,HVPAC,ACCESSORIES,PIPE,0-Month,3,0.01,0.0,0.0,0.03,0.01,0.04
2023-10-10,2321025846,RECO,7183,,INV,OCT,2023,TPC,DW-15F3ME(BS),TOSHIBA,Dish Washer FS 15 Place Settings 8 Prog,HA,DISH WASHER,FREE STANDING,0-Month,1,2260.0,0.0,0.0,2260.0,339.0,2599.0
2023-10-18,2321026612,RECA,4207,,INV,OCT,2023,TPC,GR-RT468WE-PMU(37),TOSHIBA,"Fridge 12.0 Cft (338L), Inverter - Satin Grey",HA,REFRIGERATORS,TOP MOUNT,0-Month,1,1999.13,-199.13,9.96,1800.0,270.0,2070.0
2023-07-02,2311038618,REUI,1879,,INV,JUL,2023,EAC,WWS30G22I,WHITE WESTINGHOUSE,Indoor Split A/C 27400 BTU Cool,HVPAC,WALL SPLITS,SAC WALL ROTARY,0-Month,6,1803.91,-983.88,9.09,9839.58,1475.93,11315.51
2023-07-04,2311041359,REEM,3032,,INV,JUL,2023,EAC,PIPE-30,WHITE WESTINGHOUSE,5 Meter copper pipe for 30K Split AC,HVPAC,ACCESSORIES,PIPE,0-Month,1,0.01,0.0,0.0,0.01,0.01,0.02
2023-07-05,2311041413,RECA,7233,,INV,JUL,2023,EAC,HS24CPVI23,HISENSE,Indoor Split A/C 24000 BTU Cool - Inverter - WiFi,HVPAC,WALL SPLITS,SAC WALL ROTARY,0-Month,1,1543.04,-231.46,15.0,1311.58,196.74,1508.32
2023-07-05,2321016023,RECA,7233,,INV,JUL,2023,TPC,GR-RT624WE-PMU(37),TOSHIBA,"Fridge 16.40 Cft (463L), Inverter - Satin Grey",HA,REFRIGERATORS,TOP MOUNT,0-Month,1,2607.83,-347.83,13.34,2260.0,339.0,2599.0
2023-07-09,2311041915,REEM,3032,,INV,JUL,2023,EAC,FREE-LAPTOP-BUNDLE,Unspecified,"Port Design 15.6"" LB BLACK/Logitech WL Mouse M170 Grey",OTHERS,OTHERS,OTHERS,0-Month,1,138.26,-138.25,99.99,0.01,0.0,0.01
2023-07-11,2311042169,RECA,7233,,INV,JUL,2023,EAC,WWA20G22R,WHITE WESTINGHOUSE,Window A/C 18000 BTU Cool,HVPAC,WAC,WAC ROTARY,0-Month,10,1433.91,-1433.9,10.0,12905.2,1935.78,14840.98
2023-07-12,2311042263,RECA,7233,,INV,JUL,2023,EAC,DS18T23WI,DORA,Indoor Split A/C 18000 BTU Cool WiFi HI-EER Class D R410A,HVPAC,WALL SPLITS,SAC WALL ROTARY,0-Month,1,977.83,-65.22,6.67,912.61,136.89,1049.5
2023-07-16,2311042867,RECA,7233,,INV,JUL,2023,EAC,PIPE-18/24,WHITE WESTINGHOUSE,4 Meter copper pipe for 18K/24K Split AC,HVPAC,ACCESSORIES,PIPE,0-Month,2,0.01,0.0,0.0,0.02,0.01,0.03
2023-07-17,2311042956,RECA,7233,,INV,JUL,2023,EAC,PIPE-36,WHITE WESTINGHOUSE,5 Meter copper pipe for 36K Split AC,HVPAC,ACCESSORIES,PIPE,0-Month,1,0.01,0.0,0.0,0.01,0.01,0.02
2023-07-20,2321017105,REUI,7287,,INV,JUL,2023,TPC,TWD-BJ110M4BB(SK),TOSHIBA,"FL Washer 10/7kg Combo, Inverter, Digital - Silver",HA,LAUNDRY A,WASHER DRYER COMBO,0-Month,1,2955.65,0.0,0.0,2955.65,443.35,3399.0
2023-08-02,2311045622,REEM,3064,,INV,AUG,2023,EAC,WWA20K22R,WHITE WESTINGHOUSE,Window A/C 18000 BTU Cool,HVPAC,WAC,WAC ROTARY,0-Month,1,1303.48,0.0,0.0,1303.48,195.53,1499.01
2023-08-02,2311045623,REEM,3064,,INV,AUG,2023,EAC,WWFLD10VW08,WHITE WESTINGHOUSE,"FRONT LOAD CONDENSOR DRYER 8KG, WITH PUMP",HA,LAUNDRY A,DRYER,0-Month,1,1738.26,-347.83,20.01,1390.43,208.56,1598.99
2023-08-09,2311049434,RECA,7233,,INV,AUG,2023,EAC,DWD77TDP,DORA,"Top and Bottom Loading Water Dispenser, black with SS",SDA,WATER DISPENSER,FREE STANDING,0-Month,1,1042.61,-365.22,35.03,677.39,101.61,779.0
2023-08-14,2311050216,RECA,4207,,INV,AUG,2023,EAC,WWFR21KS,WHITE WESTINGHOUSE,21 Cu Ft. SS Full Refrigerator Inverter Compressor R600a,HA,REFRIGERATORS,ALL REFRIGERATOR,0-Month,1,3216.52,-478.26,14.87,2738.26,410.74,3149.0
2023-08-19,2311050938,RECA,7233,,INV,AUG,2023,EAC,WWFR21KS,WHITE WESTINGHOUSE,21 Cu Ft. SS Full Refrigerator Inverter Compressor R600a,HA,REFRIGERATORS,ALL REFRIGERATOR,0-Month,1,3216.52,-206.51,6.42,3010.01,451.5,3461.51
2023-08-27,2311051972,RECA,7233,,INV,AUG,2023,EAC,WWS30T22PI,WHITE WESTINGHOUSE,Indoor Split A/C 27800 BTU Cool,HVPAC,WALL SPLITS,SAC WALL ROTARY,0-Month,6,2260.43,-4891.26,36.06,8671.32,1300.7,9972.02
2023-08-28,2311052655,REEM,3029,,INV,AUG,2023,EAC,WWS18K23I,WHITE WESTINGHOUSE,Indoor split  A/C 18400 BTU Cool - WiFi,HVPAC,WALL SPLITS,SAC WALL ROTARY,0-Month,4,999.57,-173.92,4.35,3824.36,573.66,4398.02
2023-08-28,2311052766,RECA,7233,,INV,AUG,2023,EAC,WWS18G22C,WHITE WESTINGHOUSE,Outdoor Split A/C 17800 BTU Cool,HVPAC,WALL SPLITS,SAC WALL ROTARY,0-Month,1,1130.0,-169.5,15.0,960.5,144.07,1104.57
2023-08-29,2318002574,RECA,7233,,CM,AUG,2023,EAC,DA20K23R,DORA,Window A/C 18000 BTU Cool Hi-EER Class F R410A,HVPAC,WAC,WAC ROTARY,0-Month,-1,1260.0,43.48,3.45,-1216.52,-182.47,-1398.99
2023-09-03,2311054390,REEM,3064,,INV,SEP,2023,EAC,WWS18K23C,WHITE WESTINGHOUSE,Outdoor split  A/C 18400 BTU Cool - WiFi,HVPAC,WALL SPLITS,SAC WALL ROTARY,0-Month,1,999.57,-43.49,4.35,956.08,143.41,1099.49
2023-09-18,2311062947,RECA,7233,,INV,SEP,2023,EAC,HS18CPO23,HISENSE,Outdoor Split A/C 18400 BTU Cool - WiFi,HVPAC,WALL SPLITS,SAC WALL ROTARY,0-Month,1,1130.0,-173.91,15.39,956.09,143.41,1099.5
2023-09-20,2321023091,RECA,7233,,INV,SEP,2023,TPC,RH90V3AV0W,LG,Dryer 9KG DUAL Inverter Dryer / sensor dry / ThinQ (Wi-Fi),HA,LAUNDRY A,DRYER,0-Month,1,2521.0,0.0,0.0,2521.0,378.15,2899.15
2023-09-25,2311063676,REUI,7596,,INV,SEP,2023,EAC,43DYAC40,DORA,"43 Inch, FHD, Android 11, Dolby Audio, 1.4 HDMI",CE,LCD/LED TV,LED TV,0-Month,1,868.7,-173.92,20.02,694.78,104.22,799.0
2023-09-30,2311065913,REUI,7596,,INV,SEP,2023,EAC,EO-60NK-3,SHARP,"E. Oven 60L 2000W Rotisserie, Interior Light",SDA,LHA,DEEP FRYER,0-Month,1,520.87,0.0,0.0,520.87,78.14,599.01
2023-09-30,2311065913,REUI,7596,,INV,SEP,2023,EAC,WWA20K22R,WHITE WESTINGHOUSE,Window A/C 18000 BTU Cool,HVPAC,WAC,WAC ROTARY,0-Month,1,1346.96,-43.49,3.23,1303.47,195.52,1498.99
2023-09-30,2311065914,RECA,7233,,INV,SEP,2023,EAC,WWFR21KS,WHITE WESTINGHOUSE,21 Cu Ft. SS Full Refrigerator Inverter Compressor R600a,HA,REFRIGERATORS,ALL REFRIGERATOR,0-Month,1,3216.52,-173.91,5.41,3042.61,456.39,3499.0
2023-09-30,2321024725,RECA,7233,,INV,SEP,2023,TPC,WTT1210TW,LG,WM Twin Tub 12KG / Roller Jet Pulsator / Wind Dry,HA,LAUNDRY TT,TWIN-TUB,0-Month,1,2173.0,-870.0,40.04,1303.0,195.45,1498.45
2023-10-04,2311069864,RECA,7233,,INV,OCT,2023,EAC,SCF-K200H-WH,SHARP,"Chest Freezer,5.1Cft (145L), 230V 60HZ, R600A",HA,FREEZERS,CHEST FREEZERS,0-Month,1,825.22,0.0,0.0,825.22,123.79,949.01
2023-10-12,2311070948,RECA,4207,,INV,OCT,2023,EAC,R-77AS(ST),SHARP,"34L GRILL MICROWAVE, STEEL, 220V/60HZ - Stainless Steel",SDA,MICROWAVE,BASIC,0-Month,1,564.35,-146.96,26.04,417.39,62.61,480.0
2023-10-12,2321026114,REUI,7561,,INV,OCT,2023,TPC,ML-EG42PBB(BS),TOSHIBA,"42L GRILL MICROWAVE, DIGITAL, STEEL, 220V, 60HZ - Black",SDA,MICROWAVE,BASIC,0-Month,1,694.78,0.0,0.0,694.78,104.22,799.0
2023-10-14,2311071109,RECA,7233,,INV,OCT,2023,EAC,WWCFAK550,WHITE WESTINGHOUSE,"CHEST FREEZER 18.4 CU FT, 230V 60HZ, R600A",HA,FREEZERS,CHEST FREEZERS,0-Month,1,2346.96,0.0,0.0,2346.96,352.05,2699.01
2023-10-19,2321026841,REUI,7596,,INV,OCT,2023,TPC,RH16U8EVCW,LG,Dryer 16KG DUAL Inverter Dryer / sensor dry / ThinQ (Wi-Fi),HA,LAUNDRY A,DRYER,0-Month,1,9999.0,-5217.0,52.18,4782.0,717.3,5499.3
2023-10-31,2311073482,REUI,7596,,INV,OCT,2023,EAC,WWS30T22PI,WHITE WESTINGHOUSE,Indoor Split A/C 27800 BTU Cool,HVPAC,WALL SPLITS,SAC WALL ROTARY,0-Month,1,2260.43,-739.13,32.7,1521.3,228.2,1749.5
2023-10-31,2311073596,RECA,7233,,INV,OCT,2023,EAC,WWUF21KS,WHITE WESTINGHOUSE,21 Cu Ft. SS Upright Freezer Inverter Compressor R600a,HA,FREEZERS,UPRIGHT FREEZER,0-Month,2,3216.52,0.0,0.0,6433.04,964.96,7398.0
2023-07-09,2311041965,RECA,7233,,INV,JUL,2023,EAC,WWS18G22C,WHITE WESTINGHOUSE,Outdoor Split A/C 17800 BTU Cool,HVPAC,WALL SPLITS,SAC WALL ROTARY,0-Month,2,1130.0,0.0,0.0,2260.0,339.0,2599.0
2023-07-11,2311042160,RECA,7233,,INV,JUL,2023,EAC,WWS36T22PI,WHITE WESTINGHOUSE,Indoor Split A/C 30600 BTU Cool,HVPAC,WALL SPLITS,SAC WALL ROTARY,0-Month,1,2760.43,-978.26,35.44,1782.17,267.33,2049.5
2023-07-13,2311042359,REUI,7286,,INV,JUL,2023,EAC,65SUE9500,SKYWORTH,"SKYWORTH  65"" QLED Google TV UHD 4K HDR SMART TV",CE,LCD/LED TV,LED TV,0-Month,1,2086.0,0.0,0.0,2086.0,312.9,2398.9
2023-07-13,2311042411,RECA,7233,,INV,JUL,2023,EAC,HS18CPVI23,HISENSE,Indoor Split A/C 18400 BTU Cool - Inverter - WiFi,HVPAC,WALL SPLITS,SAC WALL ROTARY,0-Month,1,1325.65,-30.43,2.3,1295.22,194.28,1489.5
2023-07-15,2311042491,REUI,7596,,INV,JUL,2023,EAC,AU-A24ATS,SHARP,Outdoor Split A/C 21000 BTU Cool HI-EER Class D R410A,HVPAC,WALL SPLITS,SAC WALL ROTARY,0-Month,1,1282.17,-21.74,1.7,1260.43,189.06,1449.49
2023-07-16,2311042930,RECA,7233,,INV,JUL,2023,EAC,R-77AS(ST),SHARP,"34L GRILL MICROWAVE, STEEL, 220V/60HZ - Stainless Steel",SDA,MICROWAVE,BASIC,0-Month,1,607.83,-43.48,7.15,564.35,84.65,649.0
2023-07-24,2311043766,REEM,3029,,INV,JUL,2023,EAC,WWS30G22C,WHITE WESTINGHOUSE,Outdoor Split A/C 27400 BTU Cool,HVPAC,WALL SPLITS,SAC WALL ROTARY,0-Month,1,1803.91,0.0,0.0,1803.91,270.59,2074.5
2023-07-27,2311044028,RECA,7233,,INV,JUL,2023,EAC,QW-MA814K-SS3,SHARP,"Dish Washer, 14 Place Setting, 8 Programs - Silver",HA,DISH WASHER,FREE STANDING,0-Month,1,1651.3,-260.87,15.8,1390.43,208.56,1598.99
2023-08-02,2321018096,RECA,7233,,INV,AUG,2023,TPC,VH-K110WBB,TOSHIBA,"TWIN TUB WASHER 10.0 KG, 220-230V 60HZ",HA,LAUNDRY TT,TWIN-TUB,0-Month,1,1477.39,-434.78,29.43,1042.61,156.39,1199.0
2023-08-02,2311045630,RECA,4207,,INV,AUG,2023,EAC,WWS30T22PI,WHITE WESTINGHOUSE,Indoor Split A/C 27800 BTU Cool,HVPAC,WALL SPLITS,SAC WALL ROTARY,0-Month,1,2260.43,-814.78,36.05,1445.65,216.85,1662.5
2023-08-06,2311048642,REUI,7286,,INV,AUG,2023,EAC,MFQ36300GB,BOSCH,"HAND MIXER, 400W, WHITE & RED",SDA,LHA,HAND MIXER,0-Month,1,199.13,0.0,0.0,199.13,29.87,229.0
2023-08-07,2311048789,REUI,7286,,INV,AUG,2023,EAC,EK-EJP5000AR,ELECTROLUX,"Citrus press 85W, Stainless Steel body, 0.8l capacity",SDA,LHA,CITRUS PRESS,0-Month,1,164.35,0.0,0.0,164.35,24.66,189.01
2023-08-10,2311049642,RECA,4207,,INV,AUG,2023,EAC,AU-A24ATS,SHARP,Outdoor Split A/C 21000 BTU Cool HI-EER Class D R410A,HVPAC,WALL SPLITS,SAC WALL ROTARY,0-Month,3,1282.17,-254.34,6.61,3592.17,538.82,4130.99
2023-08-15,2321019078,REEM,3029,,INV,AUG,2023,TPC,WTR24HHB1,LG,WM TL 24KG/TurboWash3D™/Wi-Fi/Tub Clean/Steam/DD Motor,HA,LAUNDRY A,FA TOP LOADING,0-Month,1,4695.0,0.0,0.0,4695.0,704.25,5399.25
2023-08-26,2311051855,RECA,7233,,INV,AUG,2023,EAC,AU-A12WCS,SHARP,Outdoor Split A/C 11600 BTU Cool HI-EER Class D R410A,HVPAC,WALL SPLITS,SAC WALL ROTARY,0-Month,1,1216.96,-413.05,33.94,803.91,120.59,924.5
2023-08-23,2318002524,RECA,7233,,CM,AUG,2023,EAC,WWS30G22C,WHITE WESTINGHOUSE,Outdoor Split A/C 27400 BTU Cool,HVPAC,WALL SPLITS,SAC WALL ROTARY,0-Month,-1,1803.91,23.53,1.3,-1780.38,-267.06,-2047.44
2023-09-05,2311054694,RECA,7233,,INV,SEP,2023,EAC,DPA25T23R,DORA,Window A/C 20000 BTU Cool HI-EER Class F R410A,HVPAC,WAC,WAC ROTARY,0-Month,1,1564.34,0.0,0.0,1564.34,234.66,1799.0
2023-09-21,2311063286,REUI,7287,,INV,SEP,2023,EAC,WWS24K23I,WHITE WESTINGHOUSE,Indoor split  A/C 23000 BTU Cool - WiFi,HVPAC,WALL SPLITS,SAC WALL ROTARY,0-Month,3,1260.43,-130.44,3.45,3650.85,547.63,4198.48
2023-09-27,2311064609,RECA,7233,,INV,SEP,2023,EAC,PIPE V-24,WHITE WESTINGHOUSE,4 Meter copper pipe for 24K Split AC,HVPAC,ACCESSORIES,PIPE,0-Month,1,0.01,0.0,0.0,0.01,0.01,0.02
2023-09-27,2321024062,RECA,7233,,INV,SEP,2023,TPC,VC-DR180ABF(R),TOSHIBA,"VAC CLNR DRUM, 20L, 1800W,S Steel Tube - Blck/Red",SDA,VACCUM CLEANERS,DRUM,0-Month,1,390.43,-86.95,22.27,303.48,45.52,349.0
2023-09-28,2311065264,RECA,4207,,INV,SEP,2023,EAC,HS24CPVO23,HISENSE,Outdoor Split A/C 24000 BTU Cool - Inverter - WiFi,HVPAC,WALL SPLITS,SAC WALL ROTARY,0-Month,1,1543.04,-345.65,22.4,1197.39,179.61,1377.0
2023-09-28,2311065264,RECA,4207,,INV,SEP,2023,EAC,HS12CPI23,HISENSE,Indoor Split A/C 12000 BTU Cool - WiFi,HVPAC,WALL SPLITS,SAC WALL ROTARY,0-Month,2,912.61,-297.84,16.32,1527.38,229.11,1756.49
2023-10-02,2321024909,RECA,4207,,INV,OCT,2023,TPC,VH-L150WBB(WW),TOSHIBA,"TWIN TUB WASHER 14.0 KG, 220-230V 60HZ",HA,LAUNDRY TT,TWIN-TUB,0-Month,1,1390.43,-178.17,12.81,1212.26,181.84,1394.1
2023-10-18,2311071752,RECA,7233,,INV,OCT,2023,EAC,WWS18K23C,WHITE WESTINGHOUSE,Outdoor split  A/C 18400 BTU Cool - WiFi,HVPAC,WALL SPLITS,SAC WALL ROTARY,0-Month,1,999.57,-43.48,4.35,956.09,143.41,1099.5
2023-10-31,2311073598,REUI,7561,,INV,OCT,2023,EAC,50DYAC40,DORA,"50 Inch, UHD 4K, Android 11, Dolby Audio, 2.1 HDMI",CE,LCD/LED TV,LED TV,0-Month,1,1173.04,-217.39,18.53,955.65,143.35,1099.0
2023-07-04,2321015928,REEM,3032,,INV,JUL,2023,TPC,RH16U8EVCW,LG,Dryer 16KG DUAL Inverter Dryer / sensor dry / ThinQ (Wi-Fi),HA,LAUNDRY A,DRYER,0-Month,1,4869.0,0.0,0.0,4869.0,730.35,5599.35
2023-07-29,2311044089,REUI,7596,,INV,JUL,2023,EAC,WWFR17KS,WHITE WESTINGHOUSE,17 Cu Ft. SS Full Refrigerator Inverter Compressor R600a,HA,REFRIGERATORS,ALL REFRIGERATOR,0-Month,1,2868.7,-260.87,9.09,2607.83,391.17,2999.0
2023-07-29,2311044095,RECA,7233,,INV,JUL,2023,EAC,43DYAC40,DORA,"43 Inch, FHD, Android 11, Dolby Audio, 1.4 HDMI",CE,LCD/LED TV,LED TV,0-Month,1,868.7,-173.92,20.02,694.78,104.22,799.0
2023-08-02,2311048325,RECA,4207,,INV,AUG,2023,EAC,WWS24G23WC,WHITE WESTINGHOUSE,Outdoor Split A/C 22100 BTU Cool WiFi,HVPAC,WALL SPLITS,SAC WALL ROTARY,0-Month,1,1303.91,-65.21,5.0,1238.7,185.8,1424.5
2023-08-02,2311045630,RECA,4207,,INV,AUG,2023,EAC,WWS30T22PC,WHITE WESTINGHOUSE,Outdoor Split A/C 27800 BTU Cool,HVPAC,WALL SPLITS,SAC WALL ROTARY,0-Month,1,2260.43,-814.78,36.05,1445.65,216.85,1662.5
2023-08-07,2311048789,REUI,7286,,INV,AUG,2023,EAC,MK-GH3WTZ,PANASONIC,"Hand Mixer, 175W, 5 Speed, Dough Hook & Kneading Dough",SDA,LHA,HAND MIXER,0-Month,1,138.26,0.0,0.0,138.26,20.74,159.0
2023-08-17,2311050824,REEM,3063,,INV,AUG,2023,EAC,5109AUDV-PO,HONOR,Honor 90 5G 8GB+256GB Midnight Black With Gifts,TELECOM,MOBILES,SMART PHONES,0-Month,1,1477.0,-89.18,6.04,1387.82,208.17,1595.99
2023-08-27,2311051973,REUI,7596,,INV,AUG,2023,EAC,WWS18K23I,WHITE WESTINGHOUSE,Indoor split  A/C 18400 BTU Cool - WiFi,HVPAC,WALL SPLITS,SAC WALL ROTARY,0-Month,1,999.57,-43.48,4.35,956.09,143.41,1099.5
2023-09-04,2321021592,RECA,7233,,INV,SEP,2023,TPC,LF131BBSIT,LG,Freezer 1D 11.4 Cu. Ft / Multi Air Flow / Express Cool,HA,FREEZERS,UPRIGHT FREEZER,0-Month,1,3303.0,0.0,0.0,3303.0,495.45,3798.45
2023-09-10,2311059940,RECA,7233,,INV,SEP,2023,EAC,WWS24G23WI,WHITE WESTINGHOUSE,Indoor Split A/C 22100 BTU Cool,HVPAC,WALL SPLITS,SAC WALL ROTARY,0-Month,1,1303.91,0.0,0.0,1303.91,195.59,1499.5
2023-09-21,2311063239,RECA,7233,,INV,SEP,2023,EAC,WWFR21KS,WHITE WESTINGHOUSE,21 Cu Ft. SS Full Refrigerator Inverter Compressor R600a,HA,REFRIGERATORS,ALL REFRIGERATOR,0-Month,1,3216.52,-173.91,5.41,3042.61,456.39,3499.0
2023-09-27,2311064619,RECA,7233,,INV,SEP,2023,EAC,HS30CPO23,HISENSE,Outdoor Split A/C 27000 BTU Cool - WiFi,HVPAC,WALL SPLITS,SAC WALL ROTARY,0-Month,1,1782.17,-130.44,7.32,1651.73,247.76,1899.49
2023-09-28,2321024182,REUI,7561,,INV,SEP,2023,TPC,VH-K130WBB(WW),TOSHIBA,"TWIN TUB WASHER 12.0 KG, 220-230V 60HZ",HA,LAUNDRY TT,TWIN-TUB,0-Month,1,1216.52,-43.48,3.57,1173.04,175.95,1348.99
2023-10-23,2318003547,RECA,7233,,CM,OCT,2023,EAC,HS24HPVO23,HISENSE,Outdoor Split A/C 24000 BTU Heat Cool - Inverter - WiFi,HVPAC,WALL SPLITS,SAC WALL ROTARY,0-Month,-1,1608.26,0.0,0.0,-1608.26,-241.24,-1849.5
2023-10-30,2311073187,RECA,4207,,INV,OCT,2023,EAC,WWS18K23C,WHITE WESTINGHOUSE,Outdoor split  A/C 18400 BTU Cool - WiFi,HVPAC,WALL SPLITS,SAC WALL ROTARY,0-Month,7,999.57,-639.17,9.13,6357.82,953.67,7311.49
2023-07-04,2321015964,RECA,7233,,INV,JUL,2023,TPC,WS1508XMT,LG,WM FL Combo (15/8KG) AI DD Motor / Steam / Wi-Fi ThinQ™,HA,LAUNDRY A,WASHER DRYER COMBO,0-Month,1,4347.0,0.0,0.0,4347.0,652.05,4999.05
2023-08-06,2321018256,RECA,7233,,INV,AUG,2023,TPC,WF1510WHT,LG,WM FL 15KG / 6 Motion / TurboWash / Wi-Fi / DD Motor,HA,LAUNDRY A,FA FRONT LOADING,0-Month,1,3390.0,0.0,0.0,3390.0,508.5,3898.5
2023-09-27,2311064611,RECA,7233,,INV,SEP,2023,EAC,WWTLAVS16,WHITE WESTINGHOUSE,TL Washer 16KG with Pump Silver Color,HA,LAUNDRY A,FA TOP LOADING,0-Month,1,1738.26,0.0,0.0,1738.26,260.74,1999.0
2023-10-21,2321026792,RECA,4207,,INV,OCT,2023,TPC,AW-DK1775WUPBB(WK),TOSHIBA,"TL WASHER 15 KG,UFB WASH,SDD INVERTER,60HZ - WHITE/BLACK",HA,LAUNDRY A,FA TOP LOADING,0-Month,1,2433.91,-477.39,19.61,1956.52,293.48,2250.0
2023-10-24,2321027101,REEM,3540,,INV,OCT,2023,TPC,TBA-36LMG5G089KS-SA,TOSHIBA,"Gas Cooker 90x60, 5 burner with Rotisserie & Convection - SS",HA,COOKING RANGE,GAS COOKER,0-Month,1,1999.13,0.0,0.0,1999.13,299.87,2299.0
2023-07-03,2311038622,REEM,3029,,INV,JUL,2023,EAC,X1500EP-BQ647W,ASUS,"ASUS 15.6""/i5-1135G7/8GB/512+32/MX330/W11/BLK",IT,NOTEBOOKS,NOTEBOOKS,0-Month,1,2781.74,-957.51,34.42,1824.23,273.64,2097.87
2023-07-05,2311041536,REEM,3027,,INV,JUL,2023,EAC,MQ9E3AH/A,APPLE MACINTOSH,iPhone 14 Pro Max 256GB Deep Purple,TELECOM,MOBILES,SMART PHONES,0-Month,1,5042.61,-434.77,8.62,4607.84,691.18,5299.02
2023-07-07,2311041846,RECA,7233,,INV,JUL,2023,EAC,WWUF21KS,WHITE WESTINGHOUSE,21 Cu Ft. SS Upright Freezer Inverter Compressor R600a,HA,FREEZERS,UPRIGHT FREEZER,0-Month,1,3216.52,0.0,0.0,3216.52,482.48,3699.0
2023-07-09,2311041917,REEM,3029,,INV,JUL,2023,EAC,MQ1E3AH/A,APPLE MACINTOSH,iPhone 14 Pro 256GB Deep Purple,TELECOM,MOBILES,SMART PHONES,0-Month,1,4607.83,-260.88,5.66,4346.95,652.04,4998.99
2023-07-09,2321016217,RECA,7233,,INV,JUL,2023,TPC,GR-RT468WE-PMU(37),TOSHIBA,"Fridge 12.0 Cft (338L), Inverter - Satin Grey",HA,REFRIGERATORS,TOP MOUNT,0-Month,1,1999.13,-260.87,13.05,1738.26,260.73,1998.99
2023-07-10,2311042007,RECA,7233,,INV,JUL,2023,EAC,AH-A36ZCS,SHARP,Indoor Split A/C 32200 BTU Cool HI-EER Class D R410A,HVPAC,WALL SPLITS,SAC WALL ROTARY,0-Month,1,2956.08,-956.51,32.36,1999.57,299.94,2299.51
2023-07-16,2311042929,RECA,7233,,INV,JUL,2023,EAC,EK-EWF8025GQWA,ELECTROLUX,8KG UltimateCare FL Washer with Vapour Care Technology,HA,LAUNDRY A,FA FRONT LOADING,0-Month,1,1999.13,-860.87,43.06,1138.26,170.73,1308.99
2023-07-16,2318002197,RECA,7233,,CM,JUL,2023,EAC,AU-A12WCS,SHARP,Outdoor Split A/C 11600 BTU Cool HI-EER Class D R410A,HVPAC,WALL SPLITS,SAC WALL ROTARY,0-Month,-1,1216.96,413.05,33.94,-803.91,-120.59,-924.5
2023-07-18,2321016835,REUI,7561,,INV,JUL,2023,TPC,TBA-36LMG5G089KS-SA,TOSHIBA,"Gas Cooker 90x60, 5 burner with Rotisserie & Convection - SS",HA,COOKING RANGE,GAS COOKER,0-Month,1,1999.13,0.0,0.0,1999.13,299.87,2299.0
2023-07-20,2311043532,RECA,7233,,INV,JUL,2023,EAC,AH-A24ATS,SHARP,Indoor Split A/C 21000 BTU Cool HI-EER Class D R410A,HVPAC,WALL SPLITS,SAC WALL ROTARY,0-Month,2,1282.17,-43.48,1.7,2520.86,378.13,2898.99
2023-07-16,2318002221,RECA,7233,,CM,JUL,2023,EAC,AH-A12WCS,SHARP,Indoor Split A/C 11600 BTU Cool HI-EER Class D R410A,HVPAC,WALL SPLITS,SAC WALL ROTARY,0-Month,-1,1216.96,413.05,33.94,-803.91,-120.59,-924.5
2023-07-24,2321017157,REEM,4986,,INV,JUL,2023,TPC,65QNED806QA,LG,"LG QNED 4K Smart TV 65"" Series80, a7 Gen5 4K Proc, HGiG FSG",CE,LCD/LED TV,LED TV,0-Month,1,3912.0,0.0,0.0,3912.0,586.8,4498.8
2023-07-24,2311043679,RECA,7233,,INV,JUL,2023,EAC,WMW20VW,WHITE WESTINGHOUSE,"20 L Microwave Oven with Mechanical Control, White",SDA,MICROWAVE,GRILL,0-Month,800,260.0,-79304.0,38.13,128696.0,19304.4,148000.4
2023-07-26,2328001302,RECA,7233,,CM,JUL,2023,TPC,TW-BK80S2BB(WK),TOSHIBA,"FL Washer 7 kg, 1200 RPM, Real Inverter, 50/60HZ, Thailand",HA,LAUNDRY A,FA FRONT LOADING,0-Month,-1,1738.26,86.96,5.0,-1651.3,-247.69,-1898.99
2023-08-02,2311045631,RECA,7233,,INV,AUG,2023,EAC,DS24T23WI,DORA,Indoor Split A/C 22000 BTU Cool WiFi HI-EER Class D R410A,HVPAC,WALL SPLITS,SAC WALL ROTARY,0-Month,1,1216.96,-86.96,7.15,1130.0,169.5,1299.5
2023-08-02,2311045630,RECA,4207,,INV,AUG,2023,EAC,DS24T23WC,DORA,Outdoor Split A/C 22000 BTU Cool WiFi HI-EER Class D R410A,HVPAC,WALL SPLITS,SAC WALL ROTARY,0-Month,3,1216.96,-429.15,11.75,3221.73,483.26,3704.99
2023-08-07,2311048730,RECA,7233,,INV,AUG,2023,EAC,PIPE V-30/36,WHITE WESTINGHOUSE,5 Meter copper pipe for 30K/36K Split AC,HVPAC,ACCESSORIES,PIPE,0-Month,1,0.01,0.0,0.0,0.01,0.01,0.02
2023-08-08,2311048882,RECA,7233,,INV,AUG,2023,EAC,75SUE9500,SKYWORTH,"Skyworth 75"" QLED TV 4K UHD Smart (Google TV)",CE,LCD/LED TV,LED TV,0-Month,1,2868.7,0.0,0.0,2868.7,430.31,3299.01
2023-08-12,2311049715,RECA,7233,,INV,AUG,2023,EAC,DWD77TDP,DORA,"Top and Bottom Loading Water Dispenser, black with SS",SDA,WATER DISPENSER,FREE STANDING,0-Month,1,1042.61,-365.22,35.03,677.39,101.61,779.0
2023-08-12,2311049714,RECA,7233,,INV,AUG,2023,EAC,SJ-HM540-HS,SHARP,"Fridge Top Mount, 14.84 CFT (420L), Inverter, 60Hz - Inox",HA,REFRIGERATORS,TOP MOUNT,0-Month,2,2173.04,0.0,0.0,4346.08,651.92,4998.0
2023-08-13,2311049892,RECA,7233,,INV,AUG,2023,EAC,DPA25T23R,DORA,Window A/C 20000 BTU Cool HI-EER Class F R410A,HVPAC,WAC,WAC ROTARY,0-Month,1,1564.34,0.0,0.0,1564.34,234.66,1799.0
2023-08-13,2321018931,RECA,4207,,INV,AUG,2023,TPC,GR-RS780WI-PGU(22),TOSHIBA,"SBS 19.4 Cf-549L,Inverter,PBIO,Max Humid,Alloy Cool-Bk Glass",HA,REFRIGERATORS,SIDE BY SIDE,0-Month,1,3738.26,-608.61,16.28,3129.65,469.44,3599.09
2023-08-14,2311050171,RECA,4207,,INV,AUG,2023,EAC,WWS24T22PHI,WHITE WESTINGHOUSE,Indoor Split A/C 22500 BTU H/C,HVPAC,WALL SPLITS,SAC WALL ROTARY,0-Month,1,1782.17,-667.39,37.45,1114.78,167.22,1282.0
2023-08-14,2318002501,RECA,7233,,CM,AUG,2023,EAC,WWS12G22I,WHITE WESTINGHOUSE,Indoor Split A/C 11600 BTU Cool,HVPAC,WALL SPLITS,SAC WALL ROTARY,0-Month,-3,934.35,0.0,0.0,-2803.05,-420.46,-3223.51
2023-08-19,2311050938,RECA,7233,,INV,AUG,2023,EAC,WWUF21KS,WHITE WESTINGHOUSE,21 Cu Ft. SS Upright Freezer Inverter Compressor R600a,HA,FREEZERS,UPRIGHT FREEZER,0-Month,1,3216.52,-206.51,6.42,3010.01,451.5,3461.51
2023-08-23,2311051596,REUI,7596,,INV,AUG,2023,EAC,FS-809,LOCAL,"Wall Mount Bracket 32""-70"" LCD/LED TV",CE,OTHERS,OTHERS,0-Month,1,33.92,-33.92,100.0,0.0,0.0,0.0
2023-08-26,2311051857,RECA,7233,,INV,AUG,2023,EAC,FS-5003,LOCAL,FujiStar HDMI Cable 3M,CE,OTHERS,OTHERS,0-Month,1,25.21,-25.21,100.0,0.0,0.0,0.0
2023-08-27,2311051971,RECA,7233,,INV,AUG,2023,EAC,WWUF21KS,WHITE WESTINGHOUSE,21 Cu Ft. SS Upright Freezer Inverter Compressor R600a,HA,FREEZERS,UPRIGHT FREEZER,0-Month,1,3216.52,-173.91,5.41,3042.61,456.39,3499.0
2023-08-28,2311052693,REUI,7596,,INV,AUG,2023,EAC,WWS24K23I,WHITE WESTINGHOUSE,Indoor split  A/C 23000 BTU Cool - WiFi,HVPAC,WALL SPLITS,SAC WALL ROTARY,0-Month,1,1260.43,-43.47,3.45,1216.96,182.54,1399.5
2023-08-28,2311052720,RECA,7233,,INV,AUG,2023,EAC,32STD4000,SKYWORTH,"Skyworth 32"" Smart LED TV",CE,LCD/LED TV,LED TV,0-Month,1,433.91,0.0,0.0,433.91,65.09,499.0
2023-08-28,2311052708,RECA,7233,,INV,AUG,2023,EAC,FS-809,LOCAL,"Wall Mount Bracket 32""-70"" LCD/LED TV",CE,OTHERS,OTHERS,0-Month,1,33.92,-33.92,100.0,0.0,0.0,0.0
2023-08-28,2311052657,REUI,7561,,INV,AUG,2023,EAC,DPA20T23R,DORA,Window A/C 18000 BTU Cool HI-EER Class F R410A,HVPAC,WAC,WAC ROTARY,0-Month,2,1216.52,0.0,0.0,2433.04,364.96,2798.0
2023-08-28,2321020666,RECA,7233,,INV,AUG,2023,TPC,MM-EG25PB(BK),TOSHIBA,"25L GRILL MICROWAVE, DIGITAL, STEEL, 220V, 60HZ - Black",SDA,MICROWAVE,GRILL,0-Month,1,433.91,0.0,0.0,433.91,65.09,499.0
2023-08-28,2311052766,RECA,7233,,INV,AUG,2023,EAC,PIPE V-12/18,WHITE WESTINGHOUSE,4 Meter copper pipe for 12K/18K Split AC,HVPAC,ACCESSORIES,PIPE,0-Month,2,0.01,0.0,0.0,0.02,0.01,0.03
2023-08-30,2311053074,RECA,4207,,INV,AUG,2023,EAC,WWUF21KS,WHITE WESTINGHOUSE,21 Cu Ft. SS Upright Freezer Inverter Compressor R600a,HA,FREEZERS,UPRIGHT FREEZER,0-Month,1,3216.52,-478.26,14.87,2738.26,410.74,3149.0
2023-08-28,2318002572,RECA,7233,,CM,AUG,2023,EAC,PIPE V-30/36,WHITE WESTINGHOUSE,5 Meter copper pipe for 30K/36K Split AC,HVPAC,ACCESSORIES,PIPE,0-Month,-1,0.01,0.0,0.0,-0.01,-0.01,-0.02
2023-08-31,2311053736,RECA,7233,,INV,AUG,2023,EAC,EK-EDB6150AR,ELECTROLUX,"STEAM IRON 2400W, RESILIUM SOLEPLATE",SDA,LHA,IRON,0-Month,1,190.43,-66.75,35.05,123.68,18.55,142.23
2023-08-31,2321021248,RECA,7233,,INV,AUG,2023,TPC,DW-14F2ME(SS),TOSHIBA,Dish Washer FS 14 Place Settings 8 Prog Stainless Steel,HA,DISH WASHER,FREE STANDING,0-Month,1,2086.09,-347.83,16.67,1738.26,260.74,1999.0
2023-09-03,2311054381,RECA,7233,,INV,SEP,2023,EAC,ES-FS812DLZSA-S,SHARP,"FL Washer 8kg,1200RPM,8+Prg,Rapid Wash,Chrome Door-S Steel",HA,LAUNDRY A,FA FRONT LOADING,0-Month,1,1477.39,-173.92,11.77,1303.47,195.52,1498.99
2023-09-05,2311054626,REUI,7596,,INV,SEP,2023,EAC,55SUE9350F,SKYWORTH,"Skyworth 55"" 4K UHD LED TV (Google TV)",CE,LCD/LED TV,LED TV,0-Month,1,1303.48,-86.96,6.67,1216.52,182.48,1399.0
2023-09-04,2311054616,REUI,7561,,INV,SEP,2023,EAC,WWS18G22C,WHITE WESTINGHOUSE,Outdoor Split A/C 17800 BTU Cool,HVPAC,WALL SPLITS,SAC WALL ROTARY,0-Month,1,1130.0,0.0,0.0,1130.0,169.5,1299.5
2023-09-05,2311054639,RECA,7233,,INV,SEP,2023,EAC,EC-CAS2422-Z,SHARP,"VAC CLNR DRUM, 22L, 2400W,METAL TUBE - GOLD",SDA,VACCUM CLEANERS,CANNISTER,0-Month,1,520.87,-86.96,16.7,433.91,65.09,499.0
2023-09-06,2311059570,REUI,7561,,INV,SEP,2023,EAC,WWS24K23C,WHITE WESTINGHOUSE,Outdoor split  A/C 23000 BTU Cool - WiFi,HVPAC,WALL SPLITS,SAC WALL ROTARY,0-Month,1,1260.43,-43.47,3.45,1216.96,182.54,1399.5
2023-09-10,2321021859,REUI,7596,,INV,SEP,2023,TPC,AW-DUK1300KUPBB(WW),TOSHIBA,"TL Washer 12kg,Pump,Great Wave,Glass Lid,60hz-White",HA,LAUNDRY A,FA TOP LOADING,0-Month,1,1912.17,-173.91,9.09,1738.26,260.74,1999.0
2023-09-09,2311059803,RECA,7233,,INV,SEP,2023,EAC,WWS24K23I,WHITE WESTINGHOUSE,Indoor split  A/C 23000 BTU Cool - WiFi,HVPAC,WALL SPLITS,SAC WALL ROTARY,0-Month,1,1260.43,-43.47,3.45,1216.96,182.54,1399.5
2023-09-11,2311060183,RECA,4207,,INV,SEP,2023,EAC,WWS36T22PC,WHITE WESTINGHOUSE,Outdoor Split A/C 30600 BTU Cool,HVPAC,WALL SPLITS,SAC WALL ROTARY,0-Month,2,2760.43,-2134.78,38.67,3386.08,507.91,3893.99
2023-09-19,2321023012,RECA,4207,,INV,SEP,2023,TPC,TD-K90MEBB(WK),TOSHIBA,"Dryer, 8kg, Inverter, Condensing, 60hz - White",HA,LAUNDRY,DRYER,0-Month,1,2173.04,-608.69,28.01,1564.35,234.65,1799.0
2023-09-20,2311063101,RECA,7233,,INV,SEP,2023,EAC,65SUE9600,SKYWORTH,"Skyworth 65"" 4K UHD MiniLED TV (Google TV) - 120Hz",CE,LCD/LED TV,LED TV,0-Month,1,3738.26,-695.65,18.61,3042.61,456.39,3499.0
2023-09-21,2321023136,RECA,4207,,INV,SEP,2023,TPC,GR-RT468WE-PMU(37),TOSHIBA,"Fridge 12.0 Cft (338L), Inverter - Satin Grey",HA,REFRIGERATORS,TOP MOUNT,0-Month,1,1999.13,-433.91,21.7,1565.22,234.78,1800.0
2023-09-24,2311063471,RECA,7233,,INV,SEP,2023,EAC,E7CM1-50GB,ELECTROLUX,"Coffee Maker, Black with Aroma - Explore 7",SDA,LHA,COFFEE MAKER,0-Month,1,433.91,-433.9,100.0,0.01,0.0,0.01
2023-09-24,2311063460,RECA,7233,,INV,SEP,2023,EAC,E7CM1-50GB,ELECTROLUX,"Coffee Maker, Black with Aroma - Explore 7",SDA,LHA,COFFEE MAKER,0-Month,1,433.91,-433.9,100.0,0.01,0.0,0.01
2023-09-25,2311063664,REUI,7596,,INV,SEP,2023,EAC,E7CM1-50GB,ELECTROLUX,"Coffee Maker, Black with Aroma - Explore 7",SDA,LHA,COFFEE MAKER,0-Month,1,433.91,-433.87,99.99,0.04,0.0,0.04
2023-09-26,2311063842,REUI,7596,,INV,SEP,2023,EAC,DS18T23WI,DORA,Indoor Split A/C 18000 BTU Cool WiFi HI-EER Class D R410A,HVPAC,WALL SPLITS,SAC WALL ROTARY,0-Month,1,977.83,-65.22,6.67,912.61,136.89,1049.5
2023-09-27,2311064619,RECA,7233,,INV,SEP,2023,EAC,EK-EER73DB,ELECTROLUX,FLOOR STICK RECHARGEABLE 14.4V,SDA,VACCUM CLEANERS,CANNISTER,0-Month,1,668.7,-668.63,99.99,0.07,0.01,0.08
2023-09-28,2311064915,REEM,3063,,INV,SEP,2023,EAC,EK-EER73DB,ELECTROLUX,FLOOR STICK RECHARGEABLE 14.4V,SDA,VACCUM CLEANERS,CANNISTER,0-Month,1,668.7,-668.63,99.99,0.07,0.01,0.08
2023-09-30,2321024661,REUI,1879,,INV,SEP,2023,TPC,TW-BK110G4BB(SK),TOSHIBA,"FL Washer 10kg,1400 RPM,Orgn Inverter,Digital Display-Silver",HA,LAUNDRY A,FA FRONT LOADING,0-Month,1,2173.04,-86.96,4.0,2086.08,312.91,2398.99
2023-09-30,2321024695,RECA,4207,,INV,SEP,2023,TPC,MW-MM20PB(BK)-P,TOSHIBA,"20L MICROWAVE, 220V, 60HZ - Black",SDA,MICROWAVE,BASIC,0-Month,1,286.09,-28.62,10.0,257.47,38.62,296.09
2023-09-30,2321024727,RECA,7233,,INV,SEP,2023,TPC,LT19HBHSIN,LG,Ref 2D 17.9 Cu. Ft / Bar Handle / Smart Inverter Compressor,HA,REFRIGERATORS,TOP MOUNT,0-Month,1,6260.0,-3130.0,50.0,3130.0,469.5,3599.5
2023-09-30,2311065993,RECA,4207,,INV,SEP,2023,EAC,WWA20K22R,WHITE WESTINGHOUSE,Window A/C 18000 BTU Cool,HVPAC,WAC,WAC ROTARY,0-Month,1,1346.96,-108.66,8.07,1238.3,185.75,1424.05
2023-09-30,2328001827,RECA,7233,,CM,SEP,2023,TPC,55U5069EE,TOSHIBA,"55"" UHD 4K HDR SMART LED TV WITH NETFLIX, YOUTUBE & RECEIVER",CE,LCD/LED TV,LED,0-Month,-1,2346.96,1477.39,62.95,-869.57,-130.44,-1000.01
2023-09-30,2321024763,RECA,7233,,INV,SEP,2023,TPC,TD-K90MEBB(WK),TOSHIBA,"Dryer, 8kg, Inverter, Condensing, 60hz - White",HA,LAUNDRY,DRYER,0-Month,1,2173.04,-521.74,24.01,1651.3,247.69,1898.99
2023-10-01,2321024846,RECA,4207,,INV,OCT,2023,TPC,AW-DK1775WUPBB(WK),TOSHIBA,"TL WASHER 15 KG,UFB WASH,SDD INVERTER,60HZ - WHITE/BLACK",HA,LAUNDRY A,FA TOP LOADING,0-Month,1,2433.91,-478.18,19.65,1955.73,293.36,2249.09
2023-10-02,2311066161,RECA,7233,,INV,OCT,2023,EAC,WWS18G22C,WHITE WESTINGHOUSE,Outdoor Split A/C 17800 BTU Cool,HVPAC,WALL SPLITS,SAC WALL ROTARY,0-Month,1,1130.0,0.0,0.0,1130.0,169.5,1299.5
2023-10-02,2311066172,RECA,7233,,INV,OCT,2023,EAC,AF-A18ATS,SHARP,Window A/C 18000 BTU Cool HI-EER Class F R410A,HVPAC,WAC,WAC ROTARY,0-Month,1,1346.96,-43.48,3.23,1303.48,195.52,1499.0
2023-10-04,2311069786,RECA,7233,,INV,OCT,2023,EAC,ESL7540RO,ELECTROLUX,BI 60cm 13PS Fully Integrated ComfortLift Dishwasher,HA,DISH WASHER,BUILT-IN,0-Month,1,5042.61,-2391.31,47.42,2651.3,397.7,3049.0
2023-10-04,2321025236,REUI,7561,,INV,OCT,2023,TPC,TWD-BJ110M4BB(SK),TOSHIBA,"FL Washer 10/7kg Combo, Inverter, Digital - Silver",HA,LAUNDRY A,WASHER DRYER COMBO,0-Month,1,2955.65,-86.95,2.94,2868.7,430.3,3299.0
2023-10-05,2321025305,RECA,7233,,INV,OCT,2023,TPC,65QNED806QA,LG,"LG QNED 4K Smart TV 65"" Series80, a7 Gen5 4K Proc, HGiG FSG",CE,LCD/LED TV,LED TV,0-Month,1,13043.0,-8957.0,68.67,4086.0,612.9,4698.9
2023-10-05,2321025394,REUI,7596,,INV,OCT,2023,TPC,WTR24HHB1,LG,WM TL 24KG/TurboWash3D™/Wi-Fi/Tub Clean/Steam/DD Motor,HA,LAUNDRY A,FA TOP LOADING,0-Month,1,8608.0,-4435.0,51.52,4173.0,625.95,4798.95
2023-10-09,2321025702,REUI,7596,,INV,OCT,2023,TPC,DW-15F3ME(BS),TOSHIBA,Dish Washer FS 15 Place Settings 8 Prog,HA,DISH WASHER,FREE STANDING,0-Month,1,2260.0,0.0,0.0,2260.0,339.0,2599.0
2023-10-10,2311070590,RECO,7183,,INV,OCT,2023,EAC,PIPE V-24,WHITE WESTINGHOUSE,4 Meter copper pipe for 24K Split AC,HVPAC,ACCESSORIES,PIPE,0-Month,1,0.01,0.0,0.0,0.01,0.01,0.02
2023-10-11,2321025989,REUI,7596,,INV,OCT,2023,TPC,TW-BK110G4BB(SK),TOSHIBA,"FL Washer 10kg,1400 RPM,Orgn Inverter,Digital Display-Silver",HA,LAUNDRY A,FA FRONT LOADING,0-Month,1,2173.04,0.0,0.0,2173.04,325.96,2499.0
2023-10-12,2311071040,RECA,7233,,INV,OCT,2023,EAC,EK-EKM3010AR,ELECTROLUX,"Mixer 800W, 4L SS bowl without handle, plastic body",SDA,LHA,HAND MIXER,0-Month,1,651.3,-312.26,47.94,339.04,50.86,389.9
2023-10-14,2311071105,RECA,7233,,INV,OCT,2023,EAC,WWA20K22R,WHITE WESTINGHOUSE,Window A/C 18000 BTU Cool,HVPAC,WAC,WAC ROTARY,0-Month,1,1346.96,-43.49,3.23,1303.47,195.52,1498.99
2023-10-16,2311071329,RECA,7233,,INV,OCT,2023,EAC,SJ-HM700-HS,SHARP,"Fridge Top Mount, 18.62 CFT (527L), Inverter, 60Hz - Inox",HA,REFRIGERATORS,TOP MOUNT,0-Month,1,2607.83,0.0,0.0,2607.83,391.18,2999.01
2023-10-16,2311071329,RECA,7233,,INV,OCT,2023,EAC,SCF-K200H-WH,SHARP,"Chest Freezer,5.1Cft (145L), 230V 60HZ, R600A",HA,FREEZERS,CHEST FREEZERS,0-Month,1,825.22,0.0,0.0,825.22,123.79,949.01
2023-10-16,2311071404,RECA,7233,,INV,OCT,2023,EAC,WWS18K23I,WHITE WESTINGHOUSE,Indoor split  A/C 18400 BTU Cool - WiFi,HVPAC,WALL SPLITS,SAC WALL ROTARY,0-Month,12,999.57,-1090.56,9.09,10904.28,1635.64,12539.92
2023-10-24,2311072390,REEM,3540,,INV,OCT,2023,EAC,WWA20K22R,WHITE WESTINGHOUSE,Window A/C 18000 BTU Cool,HVPAC,WAC,WAC ROTARY,0-Month,2,1346.96,-86.98,3.23,2606.94,391.04,2997.98
2023-10-29,2311073095,RECA,7233,,INV,OCT,2023,EAC,WWS24K23I,WHITE WESTINGHOUSE,Indoor split  A/C 23000 BTU Cool - WiFi,HVPAC,WALL SPLITS,SAC WALL ROTARY,0-Month,1,1260.43,-43.47,3.45,1216.96,182.54,1399.5
2023-07-04,2311041409,RECA,7233,,INV,JUL,2023,EAC,DS24T23WI,DORA,Indoor Split A/C 22000 BTU Cool WiFi HI-EER Class D R410A,HVPAC,WALL SPLITS,SAC WALL ROTARY,0-Month,1,1216.96,-86.96,7.15,1130.0,169.5,1299.5
2023-07-05,2321016028,REEM,3029,,INV,JUL,2023,TPC,LTT7CBBSI,LG,Ref 1D 6.9 Cu. Ft / Pocket Handle / Inverter Compressor,HA,REFRIGERATORS,MINI BAR,0-Month,1,1477.0,0.0,0.0,1477.0,221.55,1698.55
2023-07-05,2321016020,REUI,7561,,INV,JUL,2023,TPC,AW-UK1100HUPBB(SG),TOSHIBA,"TL Washer 10kg, UFB Wash, 220-230V, 60HZ - Silver",HA,LAUNDRY A,FA TOP LOADING,0-Month,1,1912.17,-434.78,22.74,1477.39,221.61,1699.0
2023-07-06,2311041842,RECA,7233,,INV,JUL,2023,EAC,WWA20K22R,WHITE WESTINGHOUSE,Window A/C 18000 BTU Cool,HVPAC,WAC,WAC ROTARY,0-Month,1,1303.48,-0.01,0.0,1303.47,195.52,1498.99
2023-07-10,2311041966,RECA,7233,,INV,JUL,2023,EAC,PIPE V-24,WHITE WESTINGHOUSE,4 Meter copper pipe for 24K Split AC,HVPAC,ACCESSORIES,PIPE,0-Month,1,0.01,0.0,0.0,0.01,0.01,0.02
2023-07-16,2311042867,RECA,7233,,INV,JUL,2023,EAC,4T-C70DK1X,SHARP,"70 Inch, 4K Smart TV, Android 11, HDR, Dolby Audio,  HDMI 2.1 , Made In Japan Panel",CE,LCD/LED TV,LED TV,0-Month,2,3477.39,-521.74,7.5,6433.04,964.95,7397.99
2023-07-16,2311042877,RECA,7233,,INV,JUL,2023,EAC,SJ-K155X-SL,SHARP,"122L / 4.3 Cu ft, Single Door Refrigerator, R600a, 60Hz, Silver color",HA,REFRIGERATORS,MINI BAR,0-Month,1,955.65,-228.55,23.92,727.1,109.06,836.16
2023-07-18,2311043084,REUI,7286,,INV,JUL,2023,EAC,IPHONE11-128GB-W,APPLE MACINTOSH,iPhone 11 128GB White,TELECOM,MOBILES,SMART PHONES,0-Month,1,2086.09,0.0,0.0,2086.09,312.92,2399.01
2023-07-18,2311043102,RECA,7233,,INV,JUL,2023,EAC,PIPE-30,WHITE WESTINGHOUSE,5 Meter copper pipe for 30K Split AC,HVPAC,ACCESSORIES,PIPE,0-Month,3,0.01,0.0,0.0,0.03,0.01,0.04
2023-07-20,2321017080,REEM,3027,,INV,JUL,2023,TPC,AW-K900DUPBB(SG),TOSHIBA,"TL Washer 8kg,Pump,Great Wave,Glass Lid,60hz - Silver",HA,LAUNDRY A,FA TOP LOADING,0-Month,1,1999.13,0.0,0.0,1999.13,299.87,2299.0
2023-07-24,2311043723,RECA,7233,,INV,JUL,2023,EAC,WWS30T22PI,WHITE WESTINGHOUSE,Indoor Split A/C 27800 BTU Cool,HVPAC,WALL SPLITS,SAC WALL ROTARY,0-Month,1,2260.43,-739.13,32.7,1521.3,228.2,1749.5
2023-07-26,2311043932,RECA,7233,,INV,JUL,2023,EAC,WWA20K22R,WHITE WESTINGHOUSE,Window A/C 18000 BTU Cool,HVPAC,WAC,WAC ROTARY,0-Month,3,1303.48,-0.03,0.0,3910.41,586.56,4496.97
2023-07-29,2311044067,REEM,3029,,INV,JUL,2023,EAC,WWS18G22I,WHITE WESTINGHOUSE,Indoor Split A/C 17800 BTU Cool,HVPAC,WALL SPLITS,SAC WALL ROTARY,0-Month,2,1130.0,0.0,0.0,2260.0,339.0,2599.0
2023-08-02,2311045631,RECA,7233,,INV,AUG,2023,EAC,DS18T23WI,DORA,Indoor Split A/C 18000 BTU Cool WiFi HI-EER Class D R410A,HVPAC,WALL SPLITS,SAC WALL ROTARY,0-Month,5,977.83,-326.1,6.67,4563.05,684.46,5247.51
2023-08-03,2311048481,RECA,7233,,INV,AUG,2023,EAC,WWS24G23WI,WHITE WESTINGHOUSE,Indoor Split A/C 22100 BTU Cool,HVPAC,WALL SPLITS,SAC WALL ROTARY,0-Month,1,1303.91,0.0,0.0,1303.91,195.59,1499.5
2023-08-06,2311048659,REUI,1879,,INV,AUG,2023,EAC,PIPE V-12/18,WHITE WESTINGHOUSE,4 Meter copper pipe for 12K/18K Split AC,HVPAC,ACCESSORIES,PIPE,0-Month,5,0.01,0.0,0.0,0.05,0.01,0.06
2023-08-06,2318002465,RECA,7233,,CM,AUG,2023,EAC,WWS18G22I,WHITE WESTINGHOUSE,Indoor Split A/C 17800 BTU Cool,HVPAC,WALL SPLITS,SAC WALL ROTARY,0-Month,-1,1130.0,0.0,0.0,-1130.0,-169.5,-1299.5
2023-08-09,2311049437,REUI,7596,,INV,AUG,2023,EAC,WWA25G22R,WHITE WESTINGHOUSE,Window A/C 21800 BTU Cool,HVPAC,WAC,WAC ROTARY,0-Month,1,1738.26,0.0,0.0,1738.26,260.74,1999.0
2023-08-10,2311049468,REUI,7287,,INV,AUG,2023,EAC,4T-C70DK1X,SHARP,"70 Inch, 4K Smart TV, Android 11, HDR, Dolby Audio,  HDMI 2.1 , Made In Japan Panel",CE,LCD/LED TV,LED TV,0-Month,1,3477.39,0.0,0.0,3477.39,521.61,3999.0
2023-08-11,2321018761,RECA,7233,,INV,AUG,2023,TPC,AW-UK1100HUPBB(SG),TOSHIBA,"TL Washer 10kg, UFB Wash, 220-230V, 60HZ - Silver",HA,LAUNDRY A,FA TOP LOADING,0-Month,1,1738.26,-173.91,10.0,1564.35,234.65,1799.0
2023-08-13,2311049936,REUI,7596,,INV,AUG,2023,EAC,WWA20K22R,WHITE WESTINGHOUSE,Window A/C 18000 BTU Cool,HVPAC,WAC,WAC ROTARY,0-Month,1,1303.48,-0.01,0.0,1303.47,195.52,1498.99
2023-08-14,2311050215,RECA,7233,,INV,AUG,2023,EAC,WWS30T22PC,WHITE WESTINGHOUSE,Outdoor Split A/C 27800 BTU Cool,HVPAC,WALL SPLITS,SAC WALL ROTARY,0-Month,1,2260.43,-739.13,32.7,1521.3,228.2,1749.5
2023-08-23,2321019928,REUI,7287,,INV,AUG,2023,TPC,DW-15F3ME(BS),TOSHIBA,Dish Washer FS 15 Place Settings 8 Prog,HA,DISH WASHER,FREE STANDING,0-Month,1,2260.0,0.0,0.0,2260.0,339.0,2599.0
2023-08-24,2311051827,REUI,7596,,INV,AUG,2023,EAC,WWA20K22R,WHITE WESTINGHOUSE,Window A/C 18000 BTU Cool,HVPAC,WAC,WAC ROTARY,0-Month,1,1303.48,-0.01,0.0,1303.47,195.52,1498.99
2023-08-28,2311052652,RECA,7233,,INV,AUG,2023,EAC,WWS18G22C,WHITE WESTINGHOUSE,Outdoor Split A/C 17800 BTU Cool,HVPAC,WALL SPLITS,SAC WALL ROTARY,0-Month,10,1130.0,-1695.6,15.01,9604.4,1440.66,11045.06
2023-08-27,2321020614,REUI,7596,,INV,AUG,2023,TPC,AW-DK1775WUPBB(WK),TOSHIBA,"TL WASHER 15 KG,UFB WASH,SDD INVERTER,60HZ - WHITE/BLACK",HA,LAUNDRY A,FA TOP LOADING,0-Month,1,2433.91,-260.87,10.72,2173.04,325.95,2498.99
2023-08-29,2311052898,RECA,7233,,INV,AUG,2023,EAC,65DYA40,DORA,"65"" 4K HDR ANDROID LED TV DSR",CE,LCD/LED TV,LED,0-Month,1,3042.61,-2000.0,65.73,1042.61,156.4,1199.01
2023-09-03,2321021503,RECA,7233,,INV,SEP,2023,TPC,GR-A33AS(SK),TOSHIBA,"FRIDGE 8.1 CFT (231L), 230V 60HZ - Metallic Grey",HA,REFRIGERATORS,TOP MOUNT,0-Month,1,1825.22,-130.44,7.15,1694.78,254.22,1949.0
2023-09-02,2321021494,REUI,7561,,INV,SEP,2023,TPC,AW-DUK2217WUPBB(SS),TOSHIBA,"TL WASHER 15kg,GLASS LID,UFB WASH,SDD INVERTER,STAINLESS STL",HA,LAUNDRY A,FA TOP LOADING,0-Month,1,3042.61,-173.92,5.72,2868.69,430.31,3299.0
2023-09-04,2311054615,RECA,7233,,INV,SEP,2023,EAC,EK-EEWA7300AR,ELECTROLUX,KETTLE 2400W 1.7L  STAINLESS STEEL,SDA,LHA,ELECTRIC KETTLE,0-Month,2,260.0,-264.16,50.8,255.84,38.37,294.21
2023-09-08,2311059794,REUI,7596,,INV,SEP,2023,EAC,DPA25T23R,DORA,Window A/C 20000 BTU Cool HI-EER Class F R410A,HVPAC,WAC,WAC ROTARY,0-Month,1,1564.34,0.0,0.0,1564.34,234.66,1799.0
2023-09-11,2321021903,REEM,3064,,INV,SEP,2023,TPC,MM-EG34PB(BK),TOSHIBA,"34L GRILL MICROWAVE, DIGITAL, STEEL, 220V, 60HZ - Black",SDA,MICROWAVE,GRILL,0-Month,1,520.87,-43.47,8.35,477.4,71.61,549.01
2023-09-11,2321021924,RECA,7233,,INV,SEP,2023,TPC,GR-A33AS(SK),TOSHIBA,"FRIDGE 8.1 CFT (231L), 230V 60HZ - Metallic Grey",HA,REFRIGERATORS,TOP MOUNT,0-Month,1,1825.22,-86.96,4.76,1738.26,260.74,1999.0
2023-09-16,2311062475,RECA,7233,,INV,SEP,2023,EAC,WWS24G23WC,WHITE WESTINGHOUSE,Outdoor Split A/C 22100 BTU Cool WiFi,HVPAC,WALL SPLITS,SAC WALL ROTARY,0-Month,1,1303.91,0.0,0.0,1303.91,195.59,1499.5
2023-09-21,2321023163,RECA,7233,,INV,SEP,2023,TPC,AW-DK1775WUPBB(WK),TOSHIBA,"TL WASHER 15 KG,UFB WASH,SDD INVERTER,60HZ - WHITE/BLACK",HA,LAUNDRY A,FA TOP LOADING,0-Month,1,2433.91,-478.26,19.65,1955.65,293.35,2249.0
2023-09-20,2311063219,RECA,7233,,INV,SEP,2023,EAC,WWS24G23WI,WHITE WESTINGHOUSE,Indoor Split A/C 22100 BTU Cool,HVPAC,WALL SPLITS,SAC WALL ROTARY,0-Month,2,1303.91,0.0,0.0,2607.82,391.18,2999.0
2023-09-20,2311063220,RECA,7233,,INV,SEP,2023,EAC,WWS24G23WI,WHITE WESTINGHOUSE,Indoor Split A/C 22100 BTU Cool,HVPAC,WALL SPLITS,SAC WALL ROTARY,0-Month,2,1303.91,0.0,0.0,2607.82,391.18,2999.0
2023-09-21,2311063286,REUI,7287,,INV,SEP,2023,EAC,75DYAC40,DORA,"75 Inch, UHD 4K, Android 11, Dolby Vision, Dolby Atmos, 2.1 HDMI, Metal Frame",CE,LCD/LED TV,LED TV,0-Month,1,2607.83,-260.88,10.0,2346.95,352.04,2698.99
2023-09-23,2311063434,RECA,7233,,INV,SEP,2023,EAC,SCF-K200H-WH,SHARP,"Chest Freezer,5.1Cft (145L), 230V 60HZ, R600A",HA,FREEZERS,CHEST FREEZERS,0-Month,1,825.22,0.0,0.0,825.22,123.79,949.01
2023-09-21,2311063378,REUI,7596,,INV,SEP,2023,EAC,WWS18K23I,WHITE WESTINGHOUSE,Indoor split  A/C 18400 BTU Cool - WiFi,HVPAC,WALL SPLITS,SAC WALL ROTARY,0-Month,2,999.57,-86.96,4.35,1912.18,286.83,2199.01
2023-09-24,2311063482,RECA,7233,,INV,SEP,2023,EAC,E7CM1-50GB,ELECTROLUX,"Coffee Maker, Black with Aroma - Explore 7",SDA,LHA,COFFEE MAKER,0-Month,1,433.91,-433.9,100.0,0.01,0.0,0.01
2023-09-25,2318002734,REEM,4250,,CM,SEP,2023,EAC,58SUE9350F,SKYWORTH,"Skyworth 58"" 4K UHD LED TV (Google TV)",CE,LCD/LED TV,LED TV,0-Month,-1,1390.0,173.48,12.48,-1216.52,-182.47,-1398.99
2023-09-26,2311063875,RECA,7233,,INV,SEP,2023,EAC,DWD77TDP,DORA,"Top and Bottom Loading Water Dispenser, black with SS",SDA,WATER DISPENSER,FREE STANDING,0-Month,1,1042.61,-365.22,35.03,677.39,101.61,779.0
2023-09-26,2311063875,RECA,7233,,INV,SEP,2023,EAC,PIPE-30,WHITE WESTINGHOUSE,5 Meter copper pipe for 30K Split AC,HVPAC,ACCESSORIES,PIPE,0-Month,1,0.01,0.0,0.0,0.01,0.01,0.02
2023-09-26,2311063858,RECA,7233,,INV,SEP,2023,EAC,EK-EEWA7300AR,ELECTROLUX,KETTLE 2400W 1.7L  STAINLESS STEEL,SDA,LHA,ELECTRIC KETTLE,0-Month,1,260.0,-259.99,100.0,0.01,0.0,0.01
2023-09-21,2318002753,RECA,7233,,CM,SEP,2023,EAC,WWFLC10VW1208(S),WHITE WESTINGHOUSE,"COMBO 12W/8D KG,WITH PUMP,BLDC Inverter Motor,1400RPM-SILVER",HA,LAUNDRY A,FA FRONT LOADING,0-Month,-1,2607.83,0.0,0.0,-2607.83,-391.18,-2999.01
2023-09-28,2311065035,RECA,7233,,INV,SEP,2023,EAC,EC-CAS2422-Z,SHARP,"VAC CLNR DRUM, 22L, 2400W,METAL TUBE - GOLD",SDA,VACCUM CLEANERS,CANNISTER,0-Month,1,520.87,-86.96,16.7,433.91,65.09,499.0
2023-09-30,2311065820,RECA,7233,,INV,SEP,2023,EAC,DWD60UBW,DORA,"Bottom Loading UV Lamp Sterilizer, White, SS Tank",SDA,WATER DISPENSER,FREE STANDING,0-Month,1,1042.61,-304.35,29.19,738.26,110.74,849.0
2023-09-30,2311065929,RECA,7233,,INV,SEP,2023,EAC,65SUE9500,SKYWORTH,"SKYWORTH  65"" QLED Google TV UHD 4K HDR SMART TV",CE,LCD/LED TV,LED TV,0-Month,1,3999.0,-2087.0,52.19,1912.0,286.8,2198.8
2023-09-30,2311066004,RECA,4207,,INV,SEP,2023,EAC,WWRAK560(S),WHITE WESTINGHOUSE,"Fridge 19.9 CuFt, 564 Ltr, Inverter, R600a, Silver",HA,REFRIGERATORS,TOP MOUNT,0-Month,1,2868.69,-834.69,29.1,2034.0,305.1,2339.1
2023-09-30,2311066002,RECA,7233,,INV,SEP,2023,EAC,E7CM1-50GB,ELECTROLUX,"Coffee Maker, Black with Aroma - Explore 7",SDA,LHA,COFFEE MAKER,0-Month,1,433.91,-433.9,100.0,0.01,0.0,0.01
2023-10-02,2321024879,RECA,7233,,INV,OCT,2023,TPC,LT19HBHSLN,LG,Ref 2D 17.9 Cu. Ft / Bar Handle / Multi Air Flow / Wi-Fi,HA,REFRIGERATORS,TOP MOUNT,0-Month,1,6260.0,-3304.35,52.79,2955.65,443.34,3398.99
2023-10-01,2321024815,RECA,7233,,INV,OCT,2023,TPC,RWF-W1830BSA(K),TOSHIBA,"Water Disp,Touch Control,Digital Display,1Tap,Ice-Cold Technology",SDA,WATER DISPENSER,FREE STANDING,0-Month,1,912.17,-43.47,4.77,868.7,130.3,999.0
2023-10-03,2311066421,RECA,7233,,INV,OCT,2023,EAC,WWA20K22R,WHITE WESTINGHOUSE,Window A/C 18000 BTU Cool,HVPAC,WAC,WAC ROTARY,0-Month,1,1346.96,-43.49,3.23,1303.47,195.52,1498.99
2023-10-04,2311069819,RECA,4207,,INV,OCT,2023,EAC,WWRAK560(S),WHITE WESTINGHOUSE,"Fridge 19.9 CuFt, 564 Ltr, Inverter, R600a, Silver",HA,REFRIGERATORS,TOP MOUNT,0-Month,1,2868.69,-834.69,29.1,2034.0,305.1,2339.1
2023-10-07,2311070093,RECA,7233,,INV,OCT,2023,EAC,WWS24G23WI,WHITE WESTINGHOUSE,Indoor Split A/C 22100 BTU Cool,HVPAC,WALL SPLITS,SAC WALL ROTARY,0-Month,1,1303.91,0.0,0.0,1303.91,195.59,1499.5
2023-10-08,2311070199,REUI,7561,,INV,OCT,2023,EAC,FS-809,LOCAL,"Wall Mount Bracket 32""-70"" LCD/LED TV",CE,OTHERS,OTHERS,0-Month,1,33.92,-33.91,99.97,0.01,0.0,0.01
2023-10-10,2311070590,RECO,7183,,INV,OCT,2023,EAC,WWR9VS650,WHITE WESTINGHOUSE,Fridge 22.96 Cu Ft/650 Ltr SS Inverter Compressor,HA,REFRIGERATORS,TOP MOUNT,0-Month,1,3738.26,-695.66,18.61,3042.6,456.39,3498.99
2023-10-12,2311070903,RECA,7233,,INV,OCT,2023,EAC,PIPE V-24,WHITE WESTINGHOUSE,4 Meter copper pipe for 24K Split AC,HVPAC,ACCESSORIES,PIPE,0-Month,1,0.01,0.0,0.0,0.01,0.01,0.02
2023-10-15,2311071194,RECA,7233,,INV,OCT,2023,EAC,HS24HPVO23,HISENSE,Outdoor Split A/C 24000 BTU Heat Cool - Inverter - WiFi,HVPAC,WALL SPLITS,SAC WALL ROTARY,0-Month,1,1608.26,0.0,0.0,1608.26,241.24,1849.5
2023-10-17,2311071538,RECA,7233,,INV,OCT,2023,EAC,WWS18K23C,WHITE WESTINGHOUSE,Outdoor split  A/C 18400 BTU Cool - WiFi,HVPAC,WALL SPLITS,SAC WALL ROTARY,0-Month,1,999.57,-43.48,4.35,956.09,143.41,1099.5
2023-10-23,2311072184,RECA,7233,,INV,OCT,2023,EAC,R-20AS(S),SHARP,"20L BASIC MICROWAVE, SILVER, 220V/60HZ - Inox",SDA,MICROWAVE,BASIC,0-Month,1,260.0,0.0,0.0,260.0,39.0,299.0
2023-10-28,2311072859,REEM,3561,,INV,OCT,2023,EAC,MU6T3AH/A,APPLE MACINTOSH,iPhone 15 Pro Max 256GB Blue,TELECOM,MOBILES,SMART PHONES,0-Month,1,5425.0,-208.0,3.83,5217.0,782.55,5999.55
2023-10-22,2318003546,RECA,4207,,CM,OCT,2023,EAC,WWS36G22C,WHITE WESTINGHOUSE,Outdoor Split A/C 32200 BTU Cool,HVPAC,WALL SPLITS,SAC WALL ROTARY,0-Month,-1,2173.48,108.67,5.0,-2064.81,-309.72,-2374.53
2023-10-29,2311073078,RECA,7233,,INV,OCT,2023,EAC,WWUF21KS,WHITE WESTINGHOUSE,21 Cu Ft. SS Upright Freezer Inverter Compressor R600a,HA,FREEZERS,UPRIGHT FREEZER,0-Month,1,3216.52,-173.92,5.41,3042.6,456.39,3498.99
2023-07-03,2311038642,RECA,7233,,INV,JUL,2023,EAC,EK-EWF8025GQWA,ELECTROLUX,8KG UltimateCare FL Washer with Vapour Care Technology,HA,LAUNDRY A,FA FRONT LOADING,0-Month,1,1999.13,-860.87,43.06,1138.26,170.73,1308.99
2023-07-09,2311041891,RECA,7233,,INV,JUL,2023,EAC,EK-EEWA7300AR,ELECTROLUX,KETTLE 2400W 1.7L  STAINLESS STEEL,SDA,LHA,ELECTRIC KETTLE,0-Month,1,260.0,-259.97,99.99,0.03,0.0,0.03
2023-07-11,2311042115,RECA,7233,,INV,JUL,2023,EAC,DS18T23WC,DORA,Outdoor Split A/C 18000 BTU Cool WiFi HI-EER Class D R410A.,HVPAC,WALL SPLITS,SAC WALL ROTARY,0-Month,6,977.83,-391.32,6.67,5475.66,821.35,6297.01
2023-07-12,2311042265,RECA,7233,,INV,JUL,2023,EAC,WWCFAK200,WHITE WESTINGHOUSE,"CHEST FREEZER 6.9 CU FT, 230V 60HZ, R600A",HA,FREEZERS,CHEST FREEZERS,0-Month,1,1129.57,-173.92,15.4,955.65,143.35,1099.0
2023-07-13,2311042362,RECA,7233,,INV,JUL,2023,EAC,WWS18G22C,WHITE WESTINGHOUSE,Outdoor Split A/C 17800 BTU Cool,HVPAC,WALL SPLITS,SAC WALL ROTARY,0-Month,3,1130.0,0.0,0.0,3390.0,508.5,3898.5
2023-07-16,2311042867,RECA,7233,,INV,JUL,2023,EAC,DWD77TDP,DORA,"Top and Bottom Loading Water Dispenser, black with SS",SDA,WATER DISPENSER,FREE STANDING,0-Month,1,1042.61,-365.22,35.03,677.39,101.61,779.0
2023-07-16,2311042927,RECA,7233,,INV,JUL,2023,EAC,PIPE V-12/18,WHITE WESTINGHOUSE,4 Meter copper pipe for 12K/18K Split AC,HVPAC,ACCESSORIES,PIPE,0-Month,2,0.01,0.0,0.0,0.02,0.01,0.03
2023-07-16,2311042865,RECA,7233,,INV,JUL,2023,EAC,EM-FP41-W3,SHARP,"Food Processor/ H Blender 400W, 1250ml - Stainless Steel",SDA,LHA,FOOD PROCESSOR,0-Month,1,346.96,-121.74,35.09,225.22,33.78,259.0
2023-07-18,2311043055,RECA,7233,,INV,JUL,2023,EAC,AH-A36ZCS,SHARP,Indoor Split A/C 32200 BTU Cool HI-EER Class D R410A,HVPAC,WALL SPLITS,SAC WALL ROTARY,0-Month,1,2956.08,-956.51,32.36,1999.57,299.94,2299.51
2023-07-26,2311043931,RECA,7233,,INV,JUL,2023,EAC,DWD77TDP,DORA,"Top and Bottom Loading Water Dispenser, black with SS",SDA,WATER DISPENSER,FREE STANDING,0-Month,1,1042.61,-365.22,35.03,677.39,101.61,779.0
2023-07-25,2311043831,RECA,7233,,INV,JUL,2023,EAC,WWA25G22R,WHITE WESTINGHOUSE,Window A/C 21800 BTU Cool,HVPAC,WAC,WAC ROTARY,0-Month,1,1738.26,0.0,0.0,1738.26,260.74,1999.0
2023-07-26,2311043937,REEM,3029,,INV,JUL,2023,EAC,MPVJ3AH/A,APPLE MACINTOSH,iPhone 14 128GB Blue,TELECOM,MOBILES,SMART PHONES,0-Month,1,3303.48,-391.31,11.85,2912.17,436.83,3349.0
2023-07-31,2311044243,RECA,7233,,INV,JUL,2023,EAC,AU-A18ATS,SHARP,Outdoor Split A/C 18000 BTU Cool HI-EER Class D R410A.,HVPAC,WALL SPLITS,SAC WALL ROTARY,0-Month,1,1064.78,-21.74,2.04,1043.04,156.45,1199.49
2023-08-01,2311045527,RECA,7233,,INV,AUG,2023,EAC,PIPE V-12/18,WHITE WESTINGHOUSE,4 Meter copper pipe for 12K/18K Split AC,HVPAC,ACCESSORIES,PIPE,0-Month,1,0.01,0.0,0.0,0.01,0.01,0.02
2023-08-02,2311045631,RECA,7233,,INV,AUG,2023,EAC,PIPE V-12/18,WHITE WESTINGHOUSE,4 Meter copper pipe for 12K/18K Split AC,HVPAC,ACCESSORIES,PIPE,0-Month,5,0.01,0.0,0.0,0.05,0.01,0.06
2023-08-03,2311048526,REUI,1879,,INV,AUG,2023,EAC,PIPE V-12/18,WHITE WESTINGHOUSE,4 Meter copper pipe for 12K/18K Split AC,HVPAC,ACCESSORIES,PIPE,0-Month,5,0.01,0.0,0.0,0.05,0.01,0.06
2023-08-09,2311049009,RECA,7233,,INV,AUG,2023,EAC,MPUD3AH/A,APPLE MACINTOSH,iPhone 14 128GB Midnight,TELECOM,MOBILES,SMART PHONES,0-Month,10,3607.83,-7600.0,21.07,28478.3,4271.75,32750.05
2023-08-10,2311049642,RECA,4207,,INV,AUG,2023,EAC,WWS18K23C,WHITE WESTINGHOUSE,Outdoor split  A/C 18400 BTU Cool - WiFi,HVPAC,WALL SPLITS,SAC WALL ROTARY,0-Month,7,999.57,-639.17,9.13,6357.82,953.67,7311.49
2023-08-13,2311049718,RECA,7233,,INV,AUG,2023,EAC,PIPE V-12/18,WHITE WESTINGHOUSE,4 Meter copper pipe for 12K/18K Split AC,HVPAC,ACCESSORIES,PIPE,0-Month,1,0.01,0.0,0.0,0.01,0.01,0.02
2023-08-12,2311049669,RECA,7233,,INV,AUG,2023,EAC,WWA25G22HR,WHITE WESTINGHOUSE,Window A/C 21400 BTU H/C,HVPAC,WAC,WAC ROTARY,0-Month,1,1825.22,-43.48,2.38,1781.74,267.26,2049.0
2023-08-14,2311050216,RECA,4207,,INV,AUG,2023,EAC,WWUF21KS,WHITE WESTINGHOUSE,21 Cu Ft. SS Upright Freezer Inverter Compressor R600a,HA,FREEZERS,UPRIGHT FREEZER,0-Month,1,3216.52,-478.26,14.87,2738.26,410.74,3149.0
2023-08-19,2311050976,REUI,7596,,INV,AUG,2023,EAC,SJ-HM540-HS,SHARP,"Fridge Top Mount, 14.84 CFT (420L), Inverter, 60Hz - Inox",HA,REFRIGERATORS,TOP MOUNT,0-Month,1,2173.04,-65.2,3.0,2107.84,316.18,2424.02
2023-08-20,2311051185,RECA,7233,,INV,AUG,2023,EAC,WWA25G22R,WHITE WESTINGHOUSE,Window A/C 21800 BTU Cool,HVPAC,WAC,WAC ROTARY,0-Month,4,1738.26,0.0,0.0,6953.04,1042.96,7996.0
2023-08-27,2311052588,RECA,7233,,INV,AUG,2023,EAC,WWS30G22C,WHITE WESTINGHOUSE,Outdoor Split A/C 27400 BTU Cool,HVPAC,WALL SPLITS,SAC WALL ROTARY,0-Month,1,1803.91,0.0,0.0,1803.91,270.59,2074.5
2023-08-28,2311052694,REUI,7596,,INV,AUG,2023,EAC,PIPE V-24,WHITE WESTINGHOUSE,4 Meter copper pipe for 24K Split AC,HVPAC,ACCESSORIES,PIPE,0-Month,1,0.01,0.0,0.0,0.01,0.01,0.02
2023-08-28,2311052797,RECA,7233,,INV,AUG,2023,EAC,WWS36T22PI,WHITE WESTINGHOUSE,Indoor Split A/C 30600 BTU Cool,HVPAC,WALL SPLITS,SAC WALL ROTARY,0-Month,1,2760.43,-978.26,35.44,1782.17,267.33,2049.5
2023-09-02,2311054353,RECA,7233,,INV,SEP,2023,EAC,58SUE9350F,SKYWORTH,"Skyworth 58"" 4K UHD LED TV (Google TV)",CE,LCD/LED TV,LED TV,0-Month,1,1390.0,-173.48,12.48,1216.52,182.47,1398.99
2023-09-06,2321021707,RECA,4207,,INV,SEP,2023,TPC,MM-EG34PB(BK),TOSHIBA,"34L GRILL MICROWAVE, DIGITAL, STEEL, 220V, 60HZ - Black",SDA,MICROWAVE,GRILL,0-Month,1,520.87,-91.31,17.53,429.56,64.44,494.0
2023-09-08,2311059790,RECA,7233,,INV,SEP,2023,EAC,WWS18K23I,WHITE WESTINGHOUSE,Indoor split  A/C 18400 BTU Cool - WiFi,HVPAC,WALL SPLITS,SAC WALL ROTARY,0-Month,1,999.57,-43.48,4.35,956.09,143.41,1099.5
2023-09-10,2311059940,RECA,7233,,INV,SEP,2023,EAC,WWS30G22I,WHITE WESTINGHOUSE,Indoor Split A/C 27400 BTU Cool,HVPAC,WALL SPLITS,SAC WALL ROTARY,0-Month,1,1803.91,0.0,0.0,1803.91,270.59,2074.5
2023-09-12,2311062010,RECA,7233,,INV,SEP,2023,EAC,EK-EDB6150AR,ELECTROLUX,"STEAM IRON 2400W, RESILIUM SOLEPLATE",SDA,LHA,IRON,0-Month,2,190.43,-133.5,35.05,247.36,37.1,284.46
2023-09-12,2321022486,RECA,7233,,INV,SEP,2023,TPC,GR-RT730WE-PMU(01),TOSHIBA,"FRIDGE 19.60 CFT (554L), INVERTER, 230V, 50/60HZ - WHITE",HA,REFRIGERATORS,TOP MOUNT,0-Month,1,3042.61,0.0,0.0,3042.61,456.4,3499.01
2023-09-17,2311062578,RECA,7233,,INV,SEP,2023,EAC,SCF-K520H-WH,SHARP,"Chest Freezer,13.42Cft (260L), 230V 60HZ, R600A",HA,FREEZERS,CHEST FREEZERS,0-Month,1,1390.43,0.0,0.0,1390.43,208.57,1599.0
2023-09-20,2311063102,RECA,7233,,INV,SEP,2023,EAC,EK-EER73DB,ELECTROLUX,FLOOR STICK RECHARGEABLE 14.4V,SDA,VACCUM CLEANERS,CANNISTER,0-Month,1,668.7,-668.63,99.99,0.07,0.01,0.08
2023-09-20,2311063111,RECA,4207,,INV,SEP,2023,EAC,WWRAKS510,WHITE WESTINGHOUSE,"Fridge 17.9 CuFt, 230V 60HZ - R600a, Silver, Recessed Handle",HA,REFRIGERATORS,TOP MOUNT,0-Month,1,2346.96,-547.83,23.34,1799.13,269.87,2069.0
2023-09-21,2311063247,RECA,4207,,INV,SEP,2023,EAC,WWS18K23C,WHITE WESTINGHOUSE,Outdoor split  A/C 18400 BTU Cool - WiFi,HVPAC,WALL SPLITS,SAC WALL ROTARY,0-Month,8,999.57,-726.96,9.09,7269.6,1090.44,8360.04
2023-09-20,2311063219,RECA,7233,,INV,SEP,2023,EAC,WWS24G23WC,WHITE WESTINGHOUSE,Outdoor Split A/C 22100 BTU Cool WiFi,HVPAC,WALL SPLITS,SAC WALL ROTARY,0-Month,2,1303.91,0.0,0.0,2607.82,391.18,2999.0
2023-09-23,2321023242,RECA,7233,,INV,SEP,2023,TPC,AW-DUK2215WUPBB(SK),TOSHIBA,"TL WASHER 13.5kg,GLASS LID,UFB WASH,SDD INVERTER,STEEL BLACK",HA,LAUNDRY A,FA TOP LOADING,0-Month,1,2868.7,-260.87,9.09,2607.83,391.17,2999.0
2023-09-24,2311063477,RECA,7233,,INV,SEP,2023,EAC,WWRAK560(S),WHITE WESTINGHOUSE,"Fridge 19.9 CuFt, 564 Ltr, Inverter, R600a, Silver",HA,REFRIGERATORS,TOP MOUNT,0-Month,1,2868.69,-608.69,21.22,2260.0,339.0,2599.0
2023-09-24,2311063464,RECA,7233,,INV,SEP,2023,EAC,WWA20K22R,WHITE WESTINGHOUSE,Window A/C 18000 BTU Cool,HVPAC,WAC,WAC ROTARY,0-Month,1,1346.96,-43.49,3.23,1303.47,195.52,1498.99
2023-09-25,2311063678,RECA,4207,,INV,SEP,2023,EAC,DPA25T23R,DORA,Window A/C 20000 BTU Cool HI-EER Class F R410A,HVPAC,WAC,WAC ROTARY,0-Month,1,1564.34,-78.26,5.0,1486.08,222.92,1709.0
2023-09-25,2311063666,RECA,7233,,INV,SEP,2023,EAC,50DYAC40,DORA,"50 Inch, UHD 4K, Android 11, Dolby Audio, 2.1 HDMI",CE,LCD/LED TV,LED TV,0-Month,2,1173.04,-434.78,18.53,1911.3,286.7,2198.0
2023-09-25,2311063819,RECA,7233,,INV,SEP,2023,EAC,WWUF17KS,WHITE WESTINGHOUSE,17 Cu Ft. SS Upright Freezer Inverter Compressor R600a,HA,FREEZERS,UPRIGHT FREEZER,0-Month,1,2868.7,-260.87,9.09,2607.83,391.17,2999.0
2023-09-26,2311063838,REUI,7596,,INV,SEP,2023,EAC,WWS24T22PHC,WHITE WESTINGHOUSE,Outdoor Split A/C 22500 BTU H/C,HVPAC,WALL SPLITS,SAC WALL ROTARY,0-Month,1,1782.17,-608.69,34.15,1173.48,176.02,1349.5
2023-09-26,2311063935,REUI,7561,,INV,SEP,2023,EAC,HS24CPVO23,HISENSE,Outdoor Split A/C 24000 BTU Cool - Inverter - WiFi,HVPAC,WALL SPLITS,SAC WALL ROTARY,0-Month,1,1543.04,-282.61,18.32,1260.43,189.06,1449.49
2023-09-26,2311064447,RECA,7233,,INV,SEP,2023,EAC,DS18T23WC,DORA,Outdoor Split A/C 18000 BTU Cool WiFi HI-EER Class D R410A.,HVPAC,WALL SPLITS,SAC WALL ROTARY,0-Month,1,977.83,-65.22,6.67,912.61,136.89,1049.5
2023-09-28,2321024123,RECA,7233,,INV,SEP,2023,TPC,MW-MM20PB(WH)-P,TOSHIBA,"20L MICROWAVE, 220V, 60HZ - White",SDA,MICROWAVE,BASIC,0-Month,1,260.0,0.0,0.0,260.0,39.0,299.0
2023-09-30,2321024741,RECA,7233,,INV,SEP,2023,TPC,GR-A33AS(SK),TOSHIBA,"FRIDGE 8.1 CFT (231L), 230V 60HZ - Metallic Grey",HA,REFRIGERATORS,TOP MOUNT,0-Month,1,1825.22,-173.92,9.53,1651.3,247.7,1899.0
2023-10-02,2311066231,REUI,7596,,INV,OCT,2023,EAC,WWA20K22R,WHITE WESTINGHOUSE,Window A/C 18000 BTU Cool,HVPAC,WAC,WAC ROTARY,0-Month,2,1346.96,-86.98,3.23,2606.94,391.04,2997.98
2023-10-02,2311066265,RECA,7233,,INV,OCT,2023,EAC,WWS30K23I,WHITE WESTINGHOUSE,Indoor split  A/C 27000 BTU Cool - WiFi,HVPAC,WALL SPLITS,SAC WALL ROTARY,0-Month,1,1738.7,-43.48,2.5,1695.22,254.28,1949.5
2023-10-08,2311070269,REUI,7596,,INV,OCT,2023,EAC,DGCF90J,DORA,"Gas Cooker 90x60 SS, with Silver Side",HA,COOKING RANGE,GAS COOKER,0-Month,1,1651.3,0.0,0.0,1651.3,247.7,1899.0
2023-10-10,2311070471,REUI,7596,,INV,OCT,2023,EAC,DWD76TDS,DORA,"Top and Bottom Loading Water Dispenser, black with SS DWD76TDS",SDA,WATER DISPENSER,FREE STANDING,0-Month,1,1042.61,-365.22,35.03,677.39,101.61,779.0
2023-10-19,2311071788,RECA,7233,,INV,OCT,2023,EAC,4T-C75EK2NX,SHARP,"75 Inch, 4K, Android 11, HDR, Dolby Vision, Dolby Atmos, HDMI 2.1, Made In Japan Panel",CE,LCD/LED TV,LED TV,0-Month,1,5216.52,-2347.82,45.01,2868.7,430.3,3299.0
2023-10-30,2311073342,RECO,7183,,INV,OCT,2023,EAC,MU6T3AH/A,APPLE MACINTOSH,iPhone 15 Pro Max 256GB Blue,TELECOM,MOBILES,SMART PHONES,0-Month,1,5425.0,-208.32,3.84,5216.68,782.5,5999.18
2023-07-09,2321016242,RECA,7233,,INV,JUL,2023,TPC,TW-BL90A4BB(SS),TOSHIBA,"FL Washer,T11,8kg,1400RPM,Origin Inverter,Great Waves-Silver",HA,LAUNDRY A,FA FRONT LOADING,0-Month,1,1999.13,-173.91,8.7,1825.22,273.78,2099.0
2023-07-11,2311042182,RECO,7183,,INV,JUL,2023,EAC,AH-A24ATS,SHARP,Indoor Split A/C 21000 BTU Cool HI-EER Class D R410A,HVPAC,WALL SPLITS,SAC WALL ROTARY,0-Month,1,1282.17,-83.88,6.54,1198.29,179.74,1378.03
2023-07-16,2311042883,RECA,7233,,INV,JUL,2023,EAC,WWA25G22R,WHITE WESTINGHOUSE,Window A/C 21800 BTU Cool,HVPAC,WAC,WAC ROTARY,0-Month,1,1738.26,0.0,0.0,1738.26,260.74,1999.0
2023-07-18,2311043102,RECA,7233,,INV,JUL,2023,EAC,WWS30T22PC,WHITE WESTINGHOUSE,Outdoor Split A/C 27800 BTU Cool,HVPAC,WALL SPLITS,SAC WALL ROTARY,0-Month,1,2260.43,-739.13,32.7,1521.3,228.2,1749.5
2023-07-20,2311043531,REUI,7287,,INV,JUL,2023,EAC,PIPE V-30/36,WHITE WESTINGHOUSE,5 Meter copper pipe for 30K/36K Split AC,HVPAC,ACCESSORIES,PIPE,0-Month,2,0.01,0.0,0.0,0.02,0.01,0.03
2023-07-22,2321017119,RECA,7233,,INV,JUL,2023,TPC,ML-EG42PBB(BS),TOSHIBA,"42L GRILL MICROWAVE, DIGITAL, STEEL, 220V, 60HZ - Black",SDA,MICROWAVE,BASIC,0-Month,1,781.74,-130.44,16.69,651.3,97.7,749.0
2023-07-26,2311043934,RECA,7233,,INV,JUL,2023,EAC,50DYAC40,DORA,"50 Inch, UHD 4K, Android 11, Dolby Audio, 2.1 HDMI",CE,LCD/LED TV,LED TV,0-Month,1,1173.04,-173.91,14.83,999.13,149.87,1149.0
2023-07-25,2311043832,RECA,7233,,INV,JUL,2023,EAC,DA20K23R,DORA,Window A/C 18000 BTU Cool Hi-EER Class F R410A,HVPAC,WAC,WAC ROTARY,0-Month,1,1260.0,-43.48,3.45,1216.52,182.47,1398.99
2023-08-01,2311045527,RECA,7233,,INV,AUG,2023,EAC,AU-A12WCS,SHARP,Outdoor Split A/C 11600 BTU Cool HI-EER Class D R410A,HVPAC,WALL SPLITS,SAC WALL ROTARY,0-Month,1,1216.96,-413.05,33.94,803.91,120.59,924.5
2023-08-02,2311045630,RECA,4207,,INV,AUG,2023,EAC,PIPE V-24,WHITE WESTINGHOUSE,4 Meter copper pipe for 24K Split AC,HVPAC,ACCESSORIES,PIPE,0-Month,3,0.01,0.0,0.0,0.03,0.01,0.04
2023-08-04,2311048552,REUI,7561,,INV,AUG,2023,EAC,WWA20K22R,WHITE WESTINGHOUSE,Window A/C 18000 BTU Cool,HVPAC,WAC,WAC ROTARY,0-Month,1,1303.48,-0.01,0.0,1303.47,195.52,1498.99
2023-08-04,2311048553,REUI,7596,,INV,AUG,2023,EAC,WWS30T22PC,WHITE WESTINGHOUSE,Outdoor Split A/C 27800 BTU Cool,HVPAC,WALL SPLITS,SAC WALL ROTARY,0-Month,1,2260.43,-739.13,32.7,1521.3,228.2,1749.5
2023-08-05,2311048558,RECA,7233,,INV,AUG,2023,EAC,WWS24G23WC,WHITE WESTINGHOUSE,Outdoor Split A/C 22100 BTU Cool WiFi,HVPAC,WALL SPLITS,SAC WALL ROTARY,0-Month,1,1303.91,0.0,0.0,1303.91,195.59,1499.5
2023-08-10,2321018706,REUI,7287,,INV,AUG,2023,TPC,AW-DUK2217WUPBB(SS),TOSHIBA,"TL WASHER 15kg,GLASS LID,UFB WASH,SDD INVERTER,STAINLESS STL",HA,LAUNDRY A,FA TOP LOADING,0-Month,1,3042.61,0.0,0.0,3042.61,456.4,3499.01
2023-08-14,2311050212,REUI,7596,,INV,AUG,2023,EAC,DS18T23WC,DORA,Outdoor Split A/C 18000 BTU Cool WiFi HI-EER Class D R410A.,HVPAC,WALL SPLITS,SAC WALL ROTARY,0-Month,1,977.83,-65.22,6.67,912.61,136.89,1049.5
2023-08-15,2321019071,RECA,7233,,INV,AUG,2023,TPC,VC-DR180ABF(R),TOSHIBA,"VAC CLNR DRUM, 20L, 1800W,S Steel Tube - Blck/Red",SDA,VACCUM CLEANERS,DRUM,0-Month,1,390.43,-43.47,11.13,346.96,52.04,399.0
2023-08-17,2311050848,RECA,4207,,INV,AUG,2023,EAC,WWS36T22PI,WHITE WESTINGHOUSE,Indoor Split A/C 30600 BTU Cool,HVPAC,WALL SPLITS,SAC WALL ROTARY,0-Month,1,2760.43,-1066.96,38.65,1693.47,254.02,1947.49
2023-08-27,2311052588,RECA,7233,,INV,AUG,2023,EAC,WWS30G22I,WHITE WESTINGHOUSE,Indoor Split A/C 27400 BTU Cool,HVPAC,WALL SPLITS,SAC WALL ROTARY,0-Month,1,1803.91,0.0,0.0,1803.91,270.59,2074.5
2023-08-28,2311052651,RECA,7233,,INV,AUG,2023,EAC,WWS18G22C,WHITE WESTINGHOUSE,Outdoor Split A/C 17800 BTU Cool,HVPAC,WALL SPLITS,SAC WALL ROTARY,0-Month,2,1130.0,-339.12,15.01,1920.88,288.13,2209.01
2023-08-28,2311052654,RECA,7233,,INV,AUG,2023,EAC,DPA25T23R,DORA,Window A/C 20000 BTU Cool HI-EER Class F R410A,HVPAC,WAC,WAC ROTARY,0-Month,1,1564.34,0.0,0.0,1564.34,234.66,1799.0
2023-08-28,2311052656,REEM,3029,,INV,AUG,2023,EAC,MQ9E3AH/A,APPLE MACINTOSH,iPhone 14 Pro Max 256GB Deep Purple,TELECOM,MOBILES,SMART PHONES,0-Month,1,5042.61,-434.78,8.62,4607.83,691.18,5299.01
2023-08-29,2311052881,REUI,7561,,INV,AUG,2023,EAC,WNGB90JGUS,WHITE WESTINGHOUSE,5 BURNER STEEL WITH GRILL PUSH IGNITION,HA,COOKING RANGE,GAS COOKER,0-Month,1,1477.39,0.0,0.0,1477.39,221.61,1699.0
2023-08-30,2311053074,RECA,4207,,INV,AUG,2023,EAC,WWFR21KS,WHITE WESTINGHOUSE,21 Cu Ft. SS Full Refrigerator Inverter Compressor R600a,HA,REFRIGERATORS,ALL REFRIGERATOR,0-Month,1,3216.52,-478.26,14.87,2738.26,410.74,3149.0
2023-08-29,2318002573,RECA,7233,,CM,AUG,2023,EAC,PIPE V-12/18,WHITE WESTINGHOUSE,4 Meter copper pipe for 12K/18K Split AC,HVPAC,ACCESSORIES,PIPE,0-Month,-2,0.01,0.0,0.0,-0.02,-0.01,-0.03
2023-08-30,2311053159,REUI,7561,,INV,AUG,2023,EAC,WWTLAVS14,WHITE WESTINGHOUSE,TL Washer 14KG with Pump Silver Color,HA,LAUNDRY A,FA TOP LOADING,0-Month,1,1564.35,0.0,0.0,1564.35,234.66,1799.01
2023-08-31,2311053276,RECA,7233,,INV,AUG,2023,EAC,WWS30T22PC,WHITE WESTINGHOUSE,Outdoor Split A/C 27800 BTU Cool,HVPAC,WALL SPLITS,SAC WALL ROTARY,0-Month,1,2260.43,-739.13,32.7,1521.3,228.2,1749.5
2023-09-04,2321021593,REUI,7561,,INV,SEP,2023,TPC,GR-RT624WE-PMU(37),TOSHIBA,"Fridge 16.40 Cft (463L), Inverter - Satin Grey",HA,REFRIGERATORS,TOP MOUNT,0-Month,1,2607.83,0.0,0.0,2607.83,391.18,2999.01
2023-09-18,2311062720,RECA,7233,,INV,SEP,2023,EAC,WWFLD10VW08,WHITE WESTINGHOUSE,"FRONT LOAD CONDENSOR DRYER 8KG, WITH PUMP",HA,LAUNDRY A,DRYER,0-Month,1,1390.43,0.0,0.0,1390.43,208.57,1599.0
2023-09-18,2321022994,RECA,4207,,INV,SEP,2023,TPC,TBA-36LMG5G089KS-SA,TOSHIBA,"Gas Cooker 90x60, 5 burner with Rotisserie & Convection - SS",HA,COOKING RANGE,GAS COOKER,0-Month,1,1999.13,-200.0,10.0,1799.13,269.87,2069.0
2023-09-21,2311063307,RECA,4207,,INV,SEP,2023,EAC,WWUF21KS,WHITE WESTINGHOUSE,21 Cu Ft. SS Upright Freezer Inverter Compressor R600a,HA,FREEZERS,UPRIGHT FREEZER,0-Month,1,3216.52,-477.39,14.84,2739.13,410.87,3150.0
2023-09-25,2311063654,RECA,4207,,INV,SEP,2023,EAC,WWS24K23I,WHITE WESTINGHOUSE,Indoor split  A/C 23000 BTU Cool - WiFi,HVPAC,WALL SPLITS,SAC WALL ROTARY,0-Month,1,1260.43,-103.91,8.24,1156.52,173.48,1330.0
2023-09-26,2311063875,RECA,7233,,INV,SEP,2023,EAC,WWS30G22I,WHITE WESTINGHOUSE,Indoor Split A/C 27400 BTU Cool,HVPAC,WALL SPLITS,SAC WALL ROTARY,0-Month,1,1803.91,0.0,0.0,1803.91,270.59,2074.5
2023-09-26,2311063840,RECA,7233,,INV,SEP,2023,EAC,WWFLD10VW08,WHITE WESTINGHOUSE,"FRONT LOAD CONDENSOR DRYER 8KG, WITH PUMP",HA,LAUNDRY A,DRYER,0-Month,1,1390.43,0.0,0.0,1390.43,208.57,1599.0
2023-09-26,2321023855,RECA,7233,,INV,SEP,2023,TPC,VC-DR220ABF(G),TOSHIBA,"VAC CLNR DRUM, 22L, 2200W,S Steel Tube - Blck/Grey",SDA,VACCUM CLEANERS,DRUM,0-Month,2,564.35,-260.88,23.11,867.82,130.17,997.99
2023-09-27,2311064607,RECA,7233,,INV,SEP,2023,EAC,E7TS1-60BP,ELECTROLUX,"Toaster, Black - Explore 7",SDA,LHA,TOASTER,0-Month,1,303.48,-144.65,47.66,158.83,23.83,182.66
2023-09-27,2311064619,RECA,7233,,INV,SEP,2023,EAC,HS24CPVO23,HISENSE,Outdoor Split A/C 24000 BTU Cool - Inverter - WiFi,HVPAC,WALL SPLITS,SAC WALL ROTARY,0-Month,1,1543.04,-282.61,18.32,1260.43,189.06,1449.49
2023-09-27,2311064771,REUI,7596,,INV,SEP,2023,EAC,WWS18K23I,WHITE WESTINGHOUSE,Indoor split  A/C 18400 BTU Cool - WiFi,HVPAC,WALL SPLITS,SAC WALL ROTARY,0-Month,1,999.57,-43.48,4.35,956.09,143.41,1099.5
2023-09-30,2311066003,RECA,4207,,INV,SEP,2023,EAC,SCF-K200H-WH,SHARP,"Chest Freezer,5.1Cft (145L), 230V 60HZ, R600A",HA,FREEZERS,CHEST FREEZERS,0-Month,1,825.22,-86.96,10.54,738.26,110.74,849.0
2023-10-02,2311066265,RECA,7233,,INV,OCT,2023,EAC,WWS24K23C,WHITE WESTINGHOUSE,Outdoor split  A/C 23000 BTU Cool - WiFi,HVPAC,WALL SPLITS,SAC WALL ROTARY,0-Month,2,1260.43,-86.94,3.45,2433.92,365.08,2799.0
2023-10-07,2311070080,RECA,7233,,INV,OCT,2023,EAC,EM-CP31-W3,SHARP,"Chopper, 350W, 1.2Ltr, Glass Bowl",SDA,LHA,CHOPPER,0-Month,1,129.57,-17.4,13.43,112.17,16.83,129.0
2023-10-14,2321026189,RECA,7233,,INV,OCT,2023,TPC,RWF-W1830BSA(K),TOSHIBA,"Water Disp,Touch Control,Digital Display,1Tap,Ice-Cold Technology",SDA,WATER DISPENSER,FREE STANDING,0-Month,1,912.17,-43.47,4.77,868.7,130.3,999.0
2023-10-22,2321026918,RECA,7233,,INV,OCT,2023,TPC,TW-BK110G4BB(SK),TOSHIBA,"FL Washer 10kg,1400 RPM,Orgn Inverter,Digital Display-Silver",HA,LAUNDRY A,FA FRONT LOADING,0-Month,1,2173.04,0.0,0.0,2173.04,325.96,2499.0
2023-10-26,2321027304,REEM,3029,,INV,OCT,2023,TPC,GR-AG720ATE(X),TOSHIBA,"FRIDGE 19.60 CFT (554L),INVERTER,230V,50/60HZ -MIRROR DOOR",HA,REFRIGERATORS,TOP MOUNT,0-Month,1,4607.83,0.0,0.0,4607.83,691.18,5299.01
2023-07-09,2311041913,REUI,7561,,INV,JUL,2023,EAC,65DYW50,DORA,"65"" 4K HDR, LG WEBOS SMART TV, 2.1 HDMI, MAGIC REMOTE",CE,LCD/LED TV,LED,0-Month,1,2086.09,-521.75,25.01,1564.34,234.65,1798.99
2023-07-10,2311041987,RECA,7233,,INV,JUL,2023,EAC,WNGB90JGUS,WHITE WESTINGHOUSE,5 BURNER STEEL WITH GRILL PUSH IGNITION,HA,COOKING RANGE,GAS COOKER,0-Month,1,1738.26,-260.87,15.01,1477.39,221.6,1698.99
2023-07-11,2311042115,RECA,7233,,INV,JUL,2023,EAC,WWS24T22PHI,WHITE WESTINGHOUSE,Indoor Split A/C 22500 BTU H/C,HVPAC,WALL SPLITS,SAC WALL ROTARY,0-Month,3,1782.17,-1826.07,34.15,3520.44,528.06,4048.5
2023-07-16,2311042868,RECA,7233,,INV,JUL,2023,EAC,DWD60UBW,DORA,"Bottom Loading UV Lamp Sterilizer, White, SS Tank",SDA,WATER DISPENSER,FREE STANDING,0-Month,1,1042.61,-304.35,29.19,738.26,110.74,849.0
2023-07-19,2311043270,RECA,7233,,INV,JUL,2023,EAC,R-28CNS(K),SHARP,"Microwave 28Ltr, Grill & Convection, 220V/60Htz - Black",SDA,MICROWAVE,BASIC,0-Month,1,694.78,-130.43,18.77,564.35,84.65,649.0
2023-07-19,2311043270,RECA,7233,,INV,JUL,2023,EAC,AU-A12WCS,SHARP,Outdoor Split A/C 11600 BTU Cool HI-EER Class D R410A,HVPAC,WALL SPLITS,SAC WALL ROTARY,0-Month,1,1216.96,-413.05,33.94,803.91,120.59,924.5
2023-07-26,2311043936,RECA,7233,,INV,JUL,2023,EAC,DWD77TDP,DORA,"Top and Bottom Loading Water Dispenser, black with SS",SDA,WATER DISPENSER,FREE STANDING,0-Month,1,1042.61,-365.22,35.03,677.39,101.61,779.0
2023-08-01,2311045453,REUI,7561,,INV,AUG,2023,EAC,DWD77TDP,DORA,"Top and Bottom Loading Water Dispenser, black with SS",SDA,WATER DISPENSER,FREE STANDING,0-Month,1,1042.61,-365.22,35.03,677.39,101.61,779.0
2023-08-08,2311048915,RECA,4207,,INV,AUG,2023,EAC,WWCFAK350,WHITE WESTINGHOUSE,"CHEST FREEZER 10.7 CU FT, 230V 60HZ, R600A",HA,FREEZERS,CHEST FREEZERS,0-Month,1,1303.48,-169.48,13.0,1134.0,170.1,1304.1
2023-08-09,2311049442,RECA,7233,,INV,AUG,2023,EAC,WWS24G23WC,WHITE WESTINGHOUSE,Outdoor Split A/C 22100 BTU Cool WiFi,HVPAC,WALL SPLITS,SAC WALL ROTARY,0-Month,2,1303.91,0.0,0.0,2607.82,391.18,2999.0
2023-08-13,2311050078,RECA,7233,,INV,AUG,2023,EAC,WWA20K22R,WHITE WESTINGHOUSE,Window A/C 18000 BTU Cool,HVPAC,WAC,WAC ROTARY,0-Month,2,1303.48,-0.02,0.0,2606.94,391.04,2997.98
2023-08-17,2311050848,RECA,4207,,INV,AUG,2023,EAC,WWS18K23I,WHITE WESTINGHOUSE,Indoor split  A/C 18400 BTU Cool - WiFi,HVPAC,WALL SPLITS,SAC WALL ROTARY,0-Month,4,999.57,-363.52,9.09,3634.76,545.22,4179.98
2023-08-24,2311051773,RECA,7233,,INV,AUG,2023,EAC,WWS36T22PC,WHITE WESTINGHOUSE,Outdoor Split A/C 30600 BTU Cool,HVPAC,WALL SPLITS,SAC WALL ROTARY,0-Month,1,2760.43,-978.26,35.44,1782.17,267.33,2049.5
2023-08-25,2311051830,RECA,7233,,INV,AUG,2023,EAC,WWTLAVS14,WHITE WESTINGHOUSE,TL Washer 14KG with Pump Silver Color,HA,LAUNDRY A,FA TOP LOADING,0-Month,1,1564.35,0.0,0.0,1564.35,234.66,1799.01
2023-08-25,2311051831,RECA,7233,,INV,AUG,2023,EAC,EC-CAS2422-Z,SHARP,"VAC CLNR DRUM, 22L, 2400W,METAL TUBE - GOLD",SDA,VACCUM CLEANERS,CANNISTER,0-Month,1,520.87,-86.96,16.7,433.91,65.09,499.0
2023-08-28,2311052651,RECA,7233,,INV,AUG,2023,EAC,WWS18G22I,WHITE WESTINGHOUSE,Indoor Split A/C 17800 BTU Cool,HVPAC,WALL SPLITS,SAC WALL ROTARY,0-Month,2,1130.0,-339.12,15.01,1920.88,288.13,2209.01
2023-08-28,2311052766,RECA,7233,,INV,AUG,2023,EAC,WWS24G23WI,WHITE WESTINGHOUSE,Indoor Split A/C 22100 BTU Cool,HVPAC,WALL SPLITS,SAC WALL ROTARY,0-Month,1,1303.91,-195.59,15.0,1108.32,166.25,1274.57
2023-09-04,2311054568,RECA,7233,,INV,SEP,2023,EAC,WWA25G22HR,WHITE WESTINGHOUSE,Window A/C 21400 BTU H/C,HVPAC,WAC,WAC ROTARY,0-Month,1,1825.22,-43.48,2.38,1781.74,267.26,2049.0
2023-09-04,2311054572,REUI,7561,,INV,SEP,2023,EAC,DWD77TDP,DORA,"Top and Bottom Loading Water Dispenser, black with SS",SDA,WATER DISPENSER,FREE STANDING,0-Month,1,1042.61,-365.22,35.03,677.39,101.61,779.0
2023-09-05,2311054654,RECA,7233,,INV,SEP,2023,EAC,EC-CAS2422-Z,SHARP,"VAC CLNR DRUM, 22L, 2400W,METAL TUBE - GOLD",SDA,VACCUM CLEANERS,CANNISTER,0-Month,1,520.87,-86.96,16.7,433.91,65.09,499.0
2023-09-05,2321021638,RECA,7233,,INV,SEP,2023,TPC,LS32CBBSIV,LG,"Ref SxS 28.2 Cu.Ft, Side By Side Refrigerator",HA,REFRIGERATORS,SIDE BY SIDE,0-Month,1,5912.0,-1064.18,18.0,4847.82,727.17,5574.99
2023-09-07,2321021825,REUI,7596,,INV,SEP,2023,TPC,AW-UK1100HUPBB(SG),TOSHIBA,"TL Washer 10kg, UFB Wash, 220-230V, 60HZ - Silver",HA,LAUNDRY A,FA TOP LOADING,0-Month,1,1738.26,-173.91,10.0,1564.35,234.65,1799.0
2023-09-10,2311059881,RECA,4207,,INV,SEP,2023,EAC,WWRAK560(S),WHITE WESTINGHOUSE,"Fridge 19.9 CuFt, 564 Ltr, Inverter, R600a, Silver",HA,REFRIGERATORS,TOP MOUNT,0-Month,1,2868.69,-834.69,29.1,2034.0,305.1,2339.1
2023-09-20,2311063101,RECA,7233,,INV,SEP,2023,EAC,FS-809,LOCAL,"Wall Mount Bracket 32""-70"" LCD/LED TV",CE,OTHERS,OTHERS,0-Month,1,33.92,-33.92,100.0,0.0,0.0,0.0
2023-09-20,2311063109,RECA,7233,,INV,SEP,2023,EAC,65SUE9500,SKYWORTH,"SKYWORTH  65"" QLED Google TV UHD 4K HDR SMART TV",CE,LCD/LED TV,LED TV,0-Month,1,2086.0,-173.82,8.33,1912.18,286.82,2199.0
2023-09-20,2311063221,RECA,7233,,INV,SEP,2023,EAC,WWFLC10VW1208(S),WHITE WESTINGHOUSE,"COMBO 12W/8D KG,WITH PUMP,BLDC Inverter Motor,1400RPM-SILVER",HA,LAUNDRY A,FA FRONT LOADING,0-Month,1,2607.83,0.0,0.0,2607.83,391.18,2999.01
2023-09-24,2311063450,RECA,7233,,INV,SEP,2023,EAC,SCF-K350H-WH,SHARP,"Chest Freezer,9.1Cft (260L), 230V 60HZ, R600A",HA,FREEZERS,CHEST FREEZERS,0-Month,1,1129.57,0.0,0.0,1129.57,169.44,1299.01
2023-09-22,2311063410,RECA,7233,,INV,SEP,2023,EAC,EO-42NK-3,SHARP,E. Oven 42L 1800W Rotisserie,SDA,LHA,DEEP FRYER,0-Month,1,433.91,0.0,0.0,433.91,65.09,499.0
2023-09-25,2311063679,REUI,7596,,INV,SEP,2023,EAC,50DYAC40,DORA,"50 Inch, UHD 4K, Android 11, Dolby Audio, 2.1 HDMI",CE,LCD/LED TV,LED TV,0-Month,1,1173.04,-217.39,18.53,955.65,143.35,1099.0
2023-09-25,2311063660,RECA,4207,,INV,SEP,2023,EAC,WWFLC10VW1208(S),WHITE WESTINGHOUSE,"COMBO 12W/8D KG,WITH PUMP,BLDC Inverter Motor,1400RPM-SILVER",HA,LAUNDRY A,FA FRONT LOADING,0-Month,1,2607.83,-260.88,10.0,2346.95,352.04,2698.99
2023-09-28,2311065264,RECA,4207,,INV,SEP,2023,EAC,HS12CPO23,HISENSE,Outdoor Split A/C 12000 BTU Cool - WiFi,HVPAC,WALL SPLITS,SAC WALL ROTARY,0-Month,2,912.61,-297.84,16.32,1527.38,229.11,1756.49
2023-10-01,2311066060,RECA,7233,,INV,OCT,2023,EAC,65SUE9500,SKYWORTH,"SKYWORTH  65"" QLED Google TV UHD 4K HDR SMART TV",CE,LCD/LED TV,LED TV,0-Month,1,3999.0,-2087.0,52.19,1912.0,286.8,2198.8
2023-10-04,2311069862,RECA,7233,,INV,OCT,2023,EAC,WWFL10VW12,WHITE WESTINGHOUSE,"FRONT LOAD WASHER 12KG, INVERTER, WITH PUMP, 1400RPM",HA,LAUNDRY,FA FRONT LOADING,0-Month,1,1999.13,0.0,0.0,1999.13,299.87,2299.0
2023-10-08,2311070176,REUI,7561,,INV,OCT,2023,EAC,WWS30K23I,WHITE WESTINGHOUSE,Indoor split  A/C 27000 BTU Cool - WiFi,HVPAC,WALL SPLITS,SAC WALL ROTARY,0-Month,1,1738.7,-43.48,2.5,1695.22,254.28,1949.5
2023-10-08,2311070142,RECA,7233,,INV,OCT,2023,EAC,WWA20K22R,WHITE WESTINGHOUSE,Window A/C 18000 BTU Cool,HVPAC,WAC,WAC ROTARY,0-Month,1,1346.96,-43.49,3.23,1303.47,195.52,1498.99
2023-10-15,2321026298,RECA,7233,,INV,OCT,2023,TPC,GR-RS780WI-PGU(22),TOSHIBA,"SBS 19.4 Cf-549L,Inverter,PBIO,Max Humid,Alloy Cool-Bk Glass",HA,REFRIGERATORS,SIDE BY SIDE,0-Month,1,3738.26,0.0,0.0,3738.26,560.74,4299.0
2023-10-15,2311071236,RECA,7233,,INV,OCT,2023,EAC,WWS36T22PI,WHITE WESTINGHOUSE,Indoor Split A/C 30600 BTU Cool,HVPAC,WALL SPLITS,SAC WALL ROTARY,0-Month,1,2760.43,-978.26,35.44,1782.17,267.33,2049.5
2023-10-17,2311071443,RECA,7233,,INV,OCT,2023,EAC,R-77AS(ST),SHARP,"34L GRILL MICROWAVE, STEEL, 220V/60HZ - Stainless Steel",SDA,MICROWAVE,BASIC,0-Month,1,564.35,0.0,0.0,564.35,84.66,649.01
2023-10-31,2328002002,RECA,7233,,CM,OCT,2023,TPC,TBA-36LMG5G089KS-SA,TOSHIBA,"Gas Cooker 90x60, 5 burner with Rotisserie & Convection - SS",HA,COOKING RANGE,GAS COOKER,0-Month,-1,1999.13,447.83,22.4,-1551.3,-232.69,-1783.99
2023-07-05,2311041490,RECA,7233,,INV,JUL,2023,EAC,AU-A12WCS,SHARP,Outdoor Split A/C 11600 BTU Cool HI-EER Class D R410A,HVPAC,WALL SPLITS,SAC WALL ROTARY,0-Month,3,1216.96,-1239.15,33.94,2411.73,361.76,2773.49
2023-07-16,2311042927,RECA,7233,,INV,JUL,2023,EAC,DS18T23WC,DORA,Outdoor Split A/C 18000 BTU Cool WiFi HI-EER Class D R410A.,HVPAC,WALL SPLITS,SAC WALL ROTARY,0-Month,2,977.83,-130.44,6.67,1825.22,273.78,2099.0
2023-07-20,2328001224,REEM,3027,,CM,JUL,2023,TPC,AW-K900DUPBB(SG),TOSHIBA,"TL Washer 8kg,Pump,Great Wave,Glass Lid,60hz - Silver",HA,LAUNDRY A,FA TOP LOADING,0-Month,-1,1999.13,0.0,0.0,-1999.13,-299.87,-2299.0
2023-07-25,2311043829,RECA,7233,,INV,JUL,2023,EAC,DWD40TBS,DORA,"Bottom Loading Water Dispenser, Black SS, SS Tank",SDA,WATER DISPENSER,FREE STANDING,0-Month,1,868.7,-173.92,20.02,694.78,104.22,799.0
2023-08-02,2311045636,RECA,7233,,INV,AUG,2023,EAC,WWA20K22R,WHITE WESTINGHOUSE,Window A/C 18000 BTU Cool,HVPAC,WAC,WAC ROTARY,0-Month,1,1303.48,-0.01,0.0,1303.47,195.52,1498.99
2023-08-01,2311045461,RECA,7233,,INV,AUG,2023,EAC,WWFR21KS,WHITE WESTINGHOUSE,21 Cu Ft. SS Full Refrigerator Inverter Compressor R600a,HA,REFRIGERATORS,ALL REFRIGERATOR,0-Month,1,3216.52,-173.91,5.41,3042.61,456.39,3499.0
2023-08-07,2311048770,REEM,4250,,INV,AUG,2023,EAC,DS18T23WC,DORA,Outdoor Split A/C 18000 BTU Cool WiFi HI-EER Class D R410A.,HVPAC,WALL SPLITS,SAC WALL ROTARY,0-Month,1,977.83,-65.22,6.67,912.61,136.89,1049.5
2023-08-09,2311049419,RECA,4207,,INV,AUG,2023,EAC,PIPE V-12/18,WHITE WESTINGHOUSE,4 Meter copper pipe for 12K/18K Split AC,HVPAC,ACCESSORIES,PIPE,0-Month,1,0.01,0.0,0.0,0.01,0.01,0.02
2023-08-13,2311049718,RECA,7233,,INV,AUG,2023,EAC,WWS24G23WI,WHITE WESTINGHOUSE,Indoor Split A/C 22100 BTU Cool,HVPAC,WALL SPLITS,SAC WALL ROTARY,0-Month,1,1303.91,0.0,0.0,1303.91,195.59,1499.5
2023-08-14,2311050189,REEM,3063,,INV,AUG,2023,EAC,MQ9E3AH/A,APPLE MACINTOSH,iPhone 14 Pro Max 256GB Deep Purple,TELECOM,MOBILES,SMART PHONES,0-Month,1,5042.61,-555.66,11.02,4486.95,673.05,5160.0
2023-08-28,2311052797,RECA,7233,,INV,AUG,2023,EAC,PIPE-36,WHITE WESTINGHOUSE,5 Meter copper pipe for 36K Split AC,HVPAC,ACCESSORIES,PIPE,0-Month,1,0.01,0.0,0.0,0.01,0.01,0.02
2023-08-29,2321020737,RECA,7233,,INV,AUG,2023,TPC,VH-K110WBB(WW),TOSHIBA,"TWIN TUB WASHER 10.0 KG, 220-230V 60HZ",HA,LAUNDRY TT,TWIN-TUB,0-Month,1,1042.61,-43.48,4.17,999.13,149.87,1149.0
2023-08-30,2311053120,RECA,7233,,INV,AUG,2023,EAC,AU-A24ATS,SHARP,Outdoor Split A/C 21000 BTU Cool HI-EER Class D R410A,HVPAC,WALL SPLITS,SAC WALL ROTARY,0-Month,2,1282.17,-43.48,1.7,2520.86,378.13,2898.99
2023-09-10,2311059876,RECA,7233,,INV,SEP,2023,EAC,DWD77TDP,DORA,"Top and Bottom Loading Water Dispenser, black with SS",SDA,WATER DISPENSER,FREE STANDING,0-Month,1,1042.61,-365.21,35.03,677.4,101.61,779.01
2023-09-14,2321022644,RECA,7233,,INV,SEP,2023,TPC,55U5069EE,TOSHIBA,"55"" UHD 4K HDR SMART LED TV WITH NETFLIX, YOUTUBE & RECEIVER",CE,LCD/LED TV,LED,0-Month,1,2346.96,-1477.39,62.95,869.57,130.44,1000.01
2023-09-14,2311062299,RECA,7233,,INV,SEP,2023,EAC,55DYAC40,DORA,"55 Inch, UHD 4K, Android 11, Dolby Audio, 2.1 HDMI",CE,LCD/LED TV,LED TV,0-Month,1,1260.0,-130.43,10.35,1129.57,169.43,1299.0
2023-09-18,2311062911,REUI,7596,,INV,SEP,2023,EAC,EC-CAS2422-Z,SHARP,"VAC CLNR DRUM, 22L, 2400W,METAL TUBE - GOLD",SDA,VACCUM CLEANERS,CANNISTER,0-Month,1,520.87,-86.96,16.7,433.91,65.09,499.0
2023-09-25,2311063654,RECA,4207,,INV,SEP,2023,EAC,WWS24K23C,WHITE WESTINGHOUSE,Outdoor split  A/C 23000 BTU Cool - WiFi,HVPAC,WALL SPLITS,SAC WALL ROTARY,0-Month,1,1260.43,-103.91,8.24,1156.52,173.48,1330.0
2023-09-26,2311064448,RECA,7233,,INV,SEP,2023,EAC,FA31-202GY,ELECTROLUX,Flow A3 - Air Purifier with Anti-bacterial HEPA & Touch UI,SDA,AIR PURIFIER,RESIDENTIAL,0-Month,1,651.3,-651.23,99.99,0.07,0.01,0.08
2023-09-27,2311064619,RECA,7233,,INV,SEP,2023,EAC,HS24CPVI23,HISENSE,Indoor Split A/C 24000 BTU Cool - Inverter - WiFi,HVPAC,WALL SPLITS,SAC WALL ROTARY,0-Month,1,1543.04,-282.61,18.32,1260.43,189.06,1449.49
2023-09-30,2311065923,RECA,4207,,INV,SEP,2023,EAC,WWS24G23WI,WHITE WESTINGHOUSE,Indoor Split A/C 22100 BTU Cool,HVPAC,WALL SPLITS,SAC WALL ROTARY,0-Month,1,1303.91,-65.2,5.0,1238.71,185.81,1424.52
2023-09-30,2311066008,RECA,4207,,INV,SEP,2023,EAC,EC-CAS2422-Z,SHARP,"VAC CLNR DRUM, 22L, 2400W,METAL TUBE - GOLD",SDA,VACCUM CLEANERS,CANNISTER,0-Month,1,520.87,-130.44,25.04,390.43,58.57,449.0
2023-10-01,2311066060,RECA,7233,,INV,OCT,2023,EAC,E7CM1-50GB,ELECTROLUX,"Coffee Maker, Black with Aroma - Explore 7",SDA,LHA,COFFEE MAKER,0-Month,1,433.91,-433.9,100.0,0.01,0.0,0.01
2023-10-12,2311071021,RECA,4207,,INV,OCT,2023,EAC,DA20K23R,DORA,Window A/C 18000 BTU Cool Hi-EER Class F R410A,HVPAC,WAC,WAC ROTARY,0-Month,3,1260.0,-313.05,8.28,3466.95,520.04,3986.99
2023-10-25,2321027232,RECA,7233,,INV,OCT,2023,TPC,RWF-W1830BSA(K),TOSHIBA,"Water Disp,Touch Control,Digital Display,1Tap,Ice-Cold Technology",SDA,WATER DISPENSER,FREE STANDING,0-Month,1,912.17,-43.48,4.77,868.69,130.3,998.99
2023-10-31,2311073677,RECA,7233,,INV,OCT,2023,EAC,PIPE-30,WHITE WESTINGHOUSE,5 Meter copper pipe for 30K Split AC,HVPAC,ACCESSORIES,PIPE,0-Month,1,0.01,0.0,0.0,0.01,0.01,0.02
2023-07-04,2311041359,REEM,3032,,INV,JUL,2023,EAC,WWS30G22C,WHITE WESTINGHOUSE,Outdoor Split A/C 27400 BTU Cool,HVPAC,WALL SPLITS,SAC WALL ROTARY,0-Month,1,1803.91,0.0,0.0,1803.91,270.59,2074.5
2023-07-16,2311042888,RECA,4207,,INV,JUL,2023,EAC,PIPE V-12/18,WHITE WESTINGHOUSE,4 Meter copper pipe for 12K/18K Split AC,HVPAC,ACCESSORIES,PIPE,0-Month,1,0.01,0.0,0.0,0.01,0.01,0.02
2023-07-18,2311043102,RECA,7233,,INV,JUL,2023,EAC,WWS36T22PC,WHITE WESTINGHOUSE,Outdoor Split A/C 30600 BTU Cool,HVPAC,WALL SPLITS,SAC WALL ROTARY,0-Month,2,2760.43,-1956.52,35.44,3564.34,534.65,4098.99
2023-07-20,2311043493,REUI,7596,,INV,JUL,2023,EAC,IPHONE11-128GB-B,APPLE MACINTOSH,iPhone 11 128GB Black,TELECOM,MOBILES,SMART PHONES,0-Month,1,2694.78,-913.04,33.88,1781.74,267.26,2049.0
2023-07-26,2311043929,RECA,7233,,INV,JUL,2023,EAC,WWFLC10VW1208(S),WHITE WESTINGHOUSE,"COMBO 12W/8D KG,WITH PUMP,BLDC Inverter Motor,1400RPM-SILVER",HA,LAUNDRY A,FA FRONT LOADING,0-Month,1,2955.65,-347.82,11.77,2607.83,391.17,2999.0
2023-07-25,2321017193,RECO,7183,,INV,JUL,2023,TPC,MM-EM23PB(WH),TOSHIBA,"23L MICROWAVE, DIGITAL, 220V, 60HZ - Inox",SDA,MICROWAVE,BASIC,0-Month,1,433.91,-28.39,6.54,405.52,60.83,466.35
2023-07-27,2311043981,RECA,7233,,INV,JUL,2023,EAC,WWS36G22I,WHITE WESTINGHOUSE,Indoor Split A/C 32200 BTU Cool,HVPAC,WALL SPLITS,SAC WALL ROTARY,0-Month,1,2173.48,0.0,0.0,2173.48,326.03,2499.51
2023-08-03,2311048449,RECA,4207,,INV,AUG,2023,EAC,55DYAC40,DORA,"55 Inch, UHD 4K, Android 11, Dolby Audio, 2.1 HDMI",CE,LCD/LED TV,LED TV,0-Month,1,1260.0,-186.91,14.83,1073.09,160.96,1234.05
2023-09-07,2311059641,REEM,3063,,INV,SEP,2023,EAC,TP470EA-EC477W,ASUS,"14""FHDT/i3-1115G4/4GB/256GB/SH/Win11/BLK",IT,NOTEBOOKS,NOTEBOOKS,0-Month,1,2347.0,-504.4,21.49,1842.6,276.39,2118.99
2023-09-10,2321021843,RECA,7233,,INV,SEP,2023,TPC,AW-UK1100HUPBB(SG),TOSHIBA,"TL Washer 10kg, UFB Wash, 220-230V, 60HZ - Silver",HA,LAUNDRY A,FA TOP LOADING,0-Month,1,1738.26,-173.91,10.0,1564.35,234.65,1799.0
2023-09-10,2311059910,RECA,4207,,INV,SEP,2023,EAC,AH-A12WCS,SHARP,Indoor Split A/C 11600 BTU Cool HI-EER Class D R410A,HVPAC,WALL SPLITS,SAC WALL ROTARY,0-Month,2,890.87,-254.3,14.27,1527.44,229.12,1756.56
2023-09-11,2328001494,RECA,7233,,CM,SEP,2023,TPC,OLED65A26LA,LG,"LG 4K OLED Smart TV 65"" SeriesA2, a7 Gen5 4K Proc, HGiG DV&A",CE,LCD/LED TV,LED TV,0-Month,-1,5651.0,0.0,0.0,-5651.0,-847.65,-6498.65
2023-09-19,2311062984,RECA,7233,,INV,SEP,2023,EAC,55DYAC40,DORA,"55 Inch, UHD 4K, Android 11, Dolby Audio, 2.1 HDMI",CE,LCD/LED TV,LED TV,0-Month,1,1260.0,-217.39,17.25,1042.61,156.39,1199.0
2023-09-24,2321023254,RECA,7233,,INV,SEP,2023,TPC,LT19HBHSLN,LG,Ref 2D 17.9 Cu. Ft / Bar Handle / Multi Air Flow / Wi-Fi,HA,REFRIGERATORS,TOP MOUNT,0-Month,1,2956.0,0.0,0.0,2956.0,443.4,3399.4
2023-09-25,2311063676,REUI,7596,,INV,SEP,2023,EAC,WWA20K22R,WHITE WESTINGHOUSE,Window A/C 18000 BTU Cool,HVPAC,WAC,WAC ROTARY,0-Month,1,1346.96,-43.49,3.23,1303.47,195.52,1498.99
2023-09-29,2321024483,RECA,7233,,INV,SEP,2023,TPC,AW-DUK1200GUPBB(DS),TOSHIBA,"TL WASHER 11kg,GLASS LID,UFB WASH,SDD INVERTER,DARK SILVER",HA,LAUNDRY A,FA TOP LOADING,0-Month,1,3216.52,-1043.48,32.44,2173.04,325.95,2498.99
2023-10-12,2311071031,REUI,7561,,INV,OCT,2023,EAC,SJ-K135X-SL,SHARP,"90L / 3.2 Cu ft, Single Door Refrigerator, R600a, 60Hz, Silver color",HA,REFRIGERATORS,MINI BAR,0-Month,1,781.74,-86.96,11.12,694.78,104.22,799.0
2023-10-09,2318003438,RECA,4207,,CM,OCT,2023,EAC,WWS30K23I,WHITE WESTINGHOUSE,Indoor split  A/C 27000 BTU Cool - WiFi,HVPAC,WALL SPLITS,SAC WALL ROTARY,0-Month,-1,1738.7,43.49,2.5,-1695.21,-254.28,-1949.49
2023-10-23,2321027038,REUI,7596,,INV,OCT,2023,TPC,DW-14F2ME(BS),TOSHIBA,Dish Washer FS 14 Place Settings 8 Prog Black SS,HA,DISH WASHER,FREE STANDING,0-Month,1,2260.0,-521.74,23.09,1738.26,260.73,1998.99
2023-07-29,2311044089,REUI,7596,,INV,JUL,2023,EAC,EC-CAS2422-Z,SHARP,"VAC CLNR DRUM, 22L, 2400W,METAL TUBE - GOLD",SDA,VACCUM CLEANERS,CANNISTER,0-Month,1,520.87,-86.96,16.7,433.91,65.09,499.0
2023-08-14,2311050191,RECA,7233,,INV,AUG,2023,EAC,DPA20T23R,DORA,Window A/C 18000 BTU Cool HI-EER Class F R410A,HVPAC,WAC,WAC ROTARY,0-Month,1,1216.52,0.0,0.0,1216.52,182.48,1399.0
2023-09-25,2318002756,RECA,7233,,CM,SEP,2023,EAC,SCF-K200H-WH,SHARP,"Chest Freezer,5.1Cft (145L), 230V 60HZ, R600A",HA,FREEZERS,CHEST FREEZERS,0-Month,-1,825.22,0.0,0.0,-825.22,-123.79,-949.01
2023-10-10,2311070583,REUI,7561,,INV,OCT,2023,EAC,DFR21KS,DORA,21 Cu Ft. SS Full Refrigerator Inverter Compressor R600a,HA,REFRIGERATORS,ALL REFRIGERATOR,0-Month,1,3042.61,0.0,0.0,3042.61,456.4,3499.01
2023-07-04,2311041359,REEM,3032,,INV,JUL,2023,EAC,WWS30G22I,WHITE WESTINGHOUSE,Indoor Split A/C 27400 BTU Cool,HVPAC,WALL SPLITS,SAC WALL ROTARY,0-Month,1,1803.91,0.0,0.0,1803.91,270.59,2074.5
2023-07-04,2311041365,RECA,7233,,INV,JUL,2023,EAC,DA20K23R,DORA,Window A/C 18000 BTU Cool Hi-EER Class F R410A,HVPAC,WAC,WAC ROTARY,0-Month,1,1260.0,-43.48,3.45,1216.52,182.47,1398.99
2023-07-04,2311041408,RECA,7233,,INV,JUL,2023,EAC,EK-EEWA7300AR,ELECTROLUX,KETTLE 2400W 1.7L  STAINLESS STEEL,SDA,LHA,ELECTRIC KETTLE,0-Month,1,260.0,-259.97,99.99,0.03,0.0,0.03
2023-07-05,2321016028,REEM,3029,,INV,JUL,2023,TPC,65QNED806QA,LG,"LG QNED 4K Smart TV 65"" Series80, a7 Gen5 4K Proc, HGiG FSG",CE,LCD/LED TV,LED TV,0-Month,1,4347.0,0.0,0.0,4347.0,652.05,4999.05
2023-07-05,2311041534,RECA,7233,,INV,JUL,2023,EAC,EK-EEWA7300AR,ELECTROLUX,KETTLE 2400W 1.7L  STAINLESS STEEL,SDA,LHA,ELECTRIC KETTLE,0-Month,1,260.0,-259.97,99.99,0.03,0.0,0.03
2023-07-06,2311041621,RECA,7233,,INV,JUL,2023,EAC,WWS18G22C,WHITE WESTINGHOUSE,Outdoor Split A/C 17800 BTU Cool,HVPAC,WALL SPLITS,SAC WALL ROTARY,0-Month,9,1130.0,0.0,0.0,10170.0,1525.5,11695.5
2023-07-06,2311041621,RECA,7233,,INV,JUL,2023,EAC,WWS18G22I,WHITE WESTINGHOUSE,Indoor Split A/C 17800 BTU Cool,HVPAC,WALL SPLITS,SAC WALL ROTARY,0-Month,9,1130.0,0.0,0.0,10170.0,1525.5,11695.5
2023-07-09,2311041961,RECA,7233,,INV,JUL,2023,EAC,E7TS1-60BP,ELECTROLUX,"Toaster, Black - Explore 7",SDA,LHA,TOASTER,0-Month,1,303.48,-303.45,99.99,0.03,0.01,0.04
2023-07-12,2321016345,REUI,7561,,INV,JUL,2023,TPC,MM-EG34PB(BK),TOSHIBA,"34L GRILL MICROWAVE, DIGITAL, STEEL, 220V, 60HZ - Black",SDA,MICROWAVE,GRILL,0-Month,1,607.83,-130.44,21.46,477.39,71.61,549.0
2023-07-11,2311042182,RECO,7183,,INV,JUL,2023,EAC,PIPE-30,WHITE WESTINGHOUSE,5 Meter copper pipe for 30K Split AC,HVPAC,ACCESSORIES,PIPE,0-Month,1,0.01,0.0,0.0,0.01,0.01,0.02
2023-07-11,2318002180,REUI,7561,,CM,JUL,2023,EAC,WWFL9VS10,WHITE WESTINGHOUSE,"FL WASHER 10KG, BLDC INVERTER, WITH PUMP, 1600RPM SILVER",HA,LAUNDRY,FA FRONT LOADING,0-Month,-1,2086.09,260.87,12.51,-1825.22,-273.78,-2099.0
2023-07-13,2311042411,RECA,7233,,INV,JUL,2023,EAC,PIPE V-12/18,WHITE WESTINGHOUSE,4 Meter copper pipe for 12K/18K Split AC,HVPAC,ACCESSORIES,PIPE,0-Month,1,0.01,0.0,0.0,0.01,0.01,0.02
2023-07-15,2311042487,REUI,7596,,INV,JUL,2023,EAC,WWFLD10VW08,WHITE WESTINGHOUSE,"FRONT LOAD CONDENSOR DRYER 8KG, WITH PUMP",HA,LAUNDRY A,DRYER,0-Month,1,1738.26,-347.83,20.01,1390.43,208.56,1598.99
2023-07-15,2311042527,RECA,7233,,INV,JUL,2023,EAC,EO-42NK-3,SHARP,E. Oven 42L 1800W Rotisserie,SDA,LHA,DEEP FRYER,0-Month,1,520.87,-104.35,20.03,416.52,62.48,479.0
2023-07-16,2311042931,RECA,7233,,INV,JUL,2023,EAC,R-77AS(ST),SHARP,"34L GRILL MICROWAVE, STEEL, 220V/60HZ - Stainless Steel",SDA,MICROWAVE,BASIC,0-Month,1,607.83,-43.48,7.15,564.35,84.65,649.0
2023-07-16,2311042928,RECA,7233,,INV,JUL,2023,EAC,PIPE V-12/18,WHITE WESTINGHOUSE,4 Meter copper pipe for 12K/18K Split AC,HVPAC,ACCESSORIES,PIPE,0-Month,1,0.01,0.0,0.0,0.01,0.01,0.02
2023-07-16,2311042886,RECA,7233,,INV,JUL,2023,EAC,WWR9VS650,WHITE WESTINGHOUSE,Fridge 22.96 Cu Ft/650 Ltr SS Inverter Compressor,HA,REFRIGERATORS,TOP MOUNT,0-Month,1,3738.26,-695.65,18.61,3042.61,456.39,3499.0
2023-07-18,2311043055,RECA,7233,,INV,JUL,2023,EAC,PIPE-36,WHITE WESTINGHOUSE,5 Meter copper pipe for 36K Split AC,HVPAC,ACCESSORIES,PIPE,0-Month,1,0.01,0.0,0.0,0.01,0.01,0.02
2023-07-19,2311043270,RECA,7233,,INV,JUL,2023,EAC,AU-A18ATS,SHARP,Outdoor Split A/C 18000 BTU Cool HI-EER Class D R410A.,HVPAC,WALL SPLITS,SAC WALL ROTARY,0-Month,3,1064.78,-65.22,2.04,3129.12,469.37,3598.49
2023-07-19,2311043475,REUI,7596,,INV,JUL,2023,EAC,WWRAK560(S),WHITE WESTINGHOUSE,"Fridge 19.9 CuFt, 564 Ltr, Inverter, R600a, Silver",HA,REFRIGERATORS,TOP MOUNT,0-Month,1,2868.69,-608.69,21.22,2260.0,339.0,2599.0
2023-07-21,2311043560,RECA,7233,,INV,JUL,2023,EAC,WWFLD10VW08,WHITE WESTINGHOUSE,"FRONT LOAD CONDENSOR DRYER 8KG, WITH PUMP",HA,LAUNDRY A,DRYER,0-Month,1,1738.26,-347.83,20.01,1390.43,208.56,1598.99
2023-07-22,2311043568,RECA,7233,,INV,JUL,2023,EAC,DRAMS400,DORA,"14.5 CuFt, 410L Fridge 230V 60HZ - R600a, Black",HA,REFRIGERATORS,TOP MOUNT,0-Month,1,1912.17,-86.95,4.55,1825.22,273.78,2099.0
2023-07-22,2321017125,RECA,4207,,INV,JUL,2023,TPC,TBA-24BMG4G089KS-SA,TOSHIBA,"Gas Cooker 60x60, 4 burner, Auto Ignition & Oven Light - SS",HA,COOKING RANGE,GAS COOKER,0-Month,1,1129.57,-112.96,10.0,1016.61,152.49,1169.1
2023-07-24,2311043710,RECA,7233,,INV,JUL,2023,EAC,DWD76TDS,DORA,"Top and Bottom Loading Water Dispenser, black with SS DWD76TDS",SDA,WATER DISPENSER,FREE STANDING,0-Month,1,1042.61,-365.22,35.03,677.39,101.61,779.0
2023-07-24,2311043771,RECA,4207,,INV,JUL,2023,EAC,WWS36T22PI,WHITE WESTINGHOUSE,Indoor Split A/C 30600 BTU Cool,HVPAC,WALL SPLITS,SAC WALL ROTARY,0-Month,2,2760.43,-2133.9,38.65,3386.96,508.04,3895.0
2023-07-26,2311043933,RECA,7233,,INV,JUL,2023,EAC,WWCFAK550,WHITE WESTINGHOUSE,"CHEST FREEZER 18.4 CU FT, 230V 60HZ, R600A",HA,FREEZERS,CHEST FREEZERS,0-Month,1,2607.83,-260.87,10.0,2346.96,352.04,2699.0
2023-07-25,2321017193,RECO,7183,,INV,JUL,2023,TPC,VC-DR220ABF(G),TOSHIBA,"VAC CLNR DRUM, 22L, 2200W,S Steel Tube - Blck/Grey",SDA,VACCUM CLEANERS,DRUM,0-Month,1,564.35,-36.92,6.54,527.43,79.12,606.55
2023-07-25,2321017194,REEM,3064,,INV,JUL,2023,TPC,DW-14F1ME(W),TOSHIBA,Dish Washer FS 14 Place Settings 6 Prog White,HA,DISH WASHER,FREE STANDING,0-Month,1,1390.43,-86.95,6.25,1303.48,195.52,1499.0
2023-07-26,2321017231,RECA,7233,,INV,JUL,2023,TPC,AW-DK1775WUPBB(WK),TOSHIBA,"TL WASHER 15 KG,UFB WASH,SDD INVERTER,60HZ - WHITE/BLACK",HA,LAUNDRY A,FA TOP LOADING,0-Month,1,2433.91,-260.87,10.72,2173.04,325.95,2498.99
2023-07-28,2321017264,RECA,7233,,INV,JUL,2023,TPC,LTT7CBBWI,LG,Ref 1D 6.9 Cu. Ft / Pocket Handle / Inverter Compressor,HA,REFRIGERATORS,MINI BAR,0-Month,1,1434.0,0.0,0.0,1434.0,215.1,1649.1
2023-07-28,2311044059,REUI,7596,,INV,JUL,2023,EAC,R-75AS(S),SHARP,"25L GRILL MICROWAVE, STEEL, 220V/60HZ - Stainless Steel",SDA,MICROWAVE,BASIC,0-Month,1,520.87,-520.86,100.0,0.01,0.01,0.02
2023-07-28,2311044058,RECA,7233,,INV,JUL,2023,EAC,50SUE9520,SKYWORTH,"Skyworth 50"" QLED TV 4K UHD Smart (Google TV)",CE,LCD/LED TV,LED TV,0-Month,1,1303.0,0.0,0.0,1303.0,195.45,1498.45
2023-07-31,2311044224,RECA,4207,,INV,JUL,2023,EAC,DWD77TDP,DORA,"Top and Bottom Loading Water Dispenser, black with SS",SDA,WATER DISPENSER,FREE STANDING,0-Month,1,1042.61,-432.96,41.53,609.65,91.45,701.1
2023-07-30,2311044174,REEM,3029,,INV,JUL,2023,EAC,MQ9E3AH/A,APPLE MACINTOSH,iPhone 14 Pro Max 256GB Deep Purple,TELECOM,MOBILES,SMART PHONES,0-Month,1,5042.61,-434.78,8.62,4607.83,691.18,5299.01
2023-07-31,2311044203,RECA,7233,,INV,JUL,2023,EAC,EK-EJP5000AR,ELECTROLUX,"Citrus press 85W, Stainless Steel body, 0.8l capacity",SDA,LHA,CITRUS PRESS,0-Month,1,164.35,-83.03,50.52,81.32,12.2,93.52
2023-08-01,2318002414,RECA,7233,,CM,AUG,2023,EAC,50SUE9520,SKYWORTH,"Skyworth 50"" QLED TV 4K UHD Smart (Google TV)",CE,LCD/LED TV,LED TV,0-Month,-1,1303.0,0.0,0.0,-1303.0,-195.45,-1498.45
2023-08-02,2321018084,REEM,3064,,INV,AUG,2023,TPC,AW-DUK2217WUPBB(SS),TOSHIBA,"TL WASHER 15kg,GLASS LID,UFB WASH,SDD INVERTER,STAINLESS STL",HA,LAUNDRY A,FA TOP LOADING,0-Month,1,3651.3,-695.65,19.05,2955.65,443.35,3399.0
2023-08-02,2311048407,REUI,7596,,INV,AUG,2023,EAC,WWS18G22C,WHITE WESTINGHOUSE,Outdoor Split A/C 17800 BTU Cool,HVPAC,WALL SPLITS,SAC WALL ROTARY,0-Month,1,1130.0,0.0,0.0,1130.0,169.5,1299.5
2023-08-03,2311048503,RECA,7233,,INV,AUG,2023,EAC,PIPE V-30/36,WHITE WESTINGHOUSE,5 Meter copper pipe for 30K/36K Split AC,HVPAC,ACCESSORIES,PIPE,0-Month,1,0.01,0.0,0.0,0.01,0.01,0.02
2023-08-05,2311048578,RECA,7233,,INV,AUG,2023,EAC,WWS24G23WC,WHITE WESTINGHOUSE,Outdoor Split A/C 22100 BTU Cool WiFi,HVPAC,WALL SPLITS,SAC WALL ROTARY,0-Month,1,1303.91,0.0,0.0,1303.91,195.59,1499.5
2023-08-05,2311048559,REUI,7561,,INV,AUG,2023,EAC,WWS30T22PI,WHITE WESTINGHOUSE,Indoor Split A/C 27800 BTU Cool,HVPAC,WALL SPLITS,SAC WALL ROTARY,0-Month,1,2260.43,-739.13,32.7,1521.3,228.2,1749.5
2023-08-07,2311048751,RECA,7233,,INV,AUG,2023,EAC,PIPE V-30/36,WHITE WESTINGHOUSE,5 Meter copper pipe for 30K/36K Split AC,HVPAC,ACCESSORIES,PIPE,0-Month,1,0.01,0.0,0.0,0.01,0.01,0.02
2023-08-09,2318002470,REUI,7561,,CM,AUG,2023,EAC,PIPE V-30/36,WHITE WESTINGHOUSE,5 Meter copper pipe for 30K/36K Split AC,HVPAC,ACCESSORIES,PIPE,0-Month,-1,0.01,0.0,0.0,-0.01,-0.01,-0.02
2023-08-09,2311049442,RECA,7233,,INV,AUG,2023,EAC,WWS24G23WI,WHITE WESTINGHOUSE,Indoor Split A/C 22100 BTU Cool,HVPAC,WALL SPLITS,SAC WALL ROTARY,0-Month,2,1303.91,0.0,0.0,2607.82,391.18,2999.0
2023-08-09,2311049403,RECA,7233,,INV,AUG,2023,EAC,DWD60UBW,DORA,"Bottom Loading UV Lamp Sterilizer, White, SS Tank",SDA,WATER DISPENSER,FREE STANDING,0-Month,1,1042.61,-304.35,29.19,738.26,110.74,849.0
2023-08-10,2311049642,RECA,4207,,INV,AUG,2023,EAC,AH-A12WCS,SHARP,Indoor Split A/C 11600 BTU Cool HI-EER Class D R410A,HVPAC,WALL SPLITS,SAC WALL ROTARY,0-Month,1,1216.96,-453.49,37.26,763.47,114.52,877.99
2023-08-11,2311049661,REUI,7596,,INV,AUG,2023,EAC,55DYAC40,DORA,"55 Inch, UHD 4K, Android 11, Dolby Audio, 2.1 HDMI",CE,LCD/LED TV,LED TV,0-Month,1,1260.0,-130.43,10.35,1129.57,169.43,1299.0
2023-08-11,2321018765,REUI,7596,,INV,AUG,2023,TPC,TBA-36LMG5G089KS-SA,TOSHIBA,"Gas Cooker 90x60, 5 burner with Rotisserie & Convection - SS",HA,COOKING RANGE,GAS COOKER,0-Month,1,1999.13,0.0,0.0,1999.13,299.87,2299.0
2023-08-13,2311049940,RECA,4207,,INV,AUG,2023,EAC,DUF21KS,DORA,21 Cu Ft. SS Upright Freezer Inverter Compressor R600a,HA,FREEZERS,UPRIGHT FREEZER,0-Month,1,3042.61,-695.57,22.86,2347.04,352.06,2699.1
2023-08-15,2321019076,RECA,4207,,INV,AUG,2023,TPC,GR-RS780WI-PGU(22),TOSHIBA,"SBS 19.4 Cf-549L,Inverter,PBIO,Max Humid,Alloy Cool-Bk Glass",HA,REFRIGERATORS,SIDE BY SIDE,0-Month,2,3738.26,-1217.4,16.28,6259.12,938.87,7197.99
2023-08-19,2311050947,REUI,7561,,INV,AUG,2023,EAC,65SUE9500,SKYWORTH,"SKYWORTH  65"" QLED Google TV UHD 4K HDR SMART TV",CE,LCD/LED TV,LED TV,0-Month,1,2086.0,-260.79,12.5,1825.21,273.78,2098.99
2023-08-17,2311050842,RECA,4207,,INV,AUG,2023,EAC,DWD77TDP,DORA,"Top and Bottom Loading Water Dispenser, black with SS",SDA,WATER DISPENSER,FREE STANDING,0-Month,1,1042.61,-432.96,41.53,609.65,91.45,701.1
2023-08-17,2311050905,RECA,7233,,INV,AUG,2023,EAC,DS18T23WC,DORA,Outdoor Split A/C 18000 BTU Cool WiFi HI-EER Class D R410A.,HVPAC,WALL SPLITS,SAC WALL ROTARY,0-Month,1,977.83,-65.22,6.67,912.61,136.89,1049.5
2023-08-20,2321019721,RECA,7233,,INV,AUG,2023,TPC,MM-EG25PB(BK),TOSHIBA,"25L GRILL MICROWAVE, DIGITAL, STEEL, 220V, 60HZ - Black",SDA,MICROWAVE,GRILL,0-Month,1,433.91,0.0,0.0,433.91,65.09,499.0
2023-08-22,2321019868,RECA,7233,,INV,AUG,2023,TPC,VH-K110WBB,TOSHIBA,"TWIN TUB WASHER 10.0 KG, 220-230V 60HZ",HA,LAUNDRY TT,TWIN-TUB,0-Month,1,1477.39,-447.72,30.3,1029.67,154.45,1184.12
2023-08-23,2311051596,REUI,7596,,INV,AUG,2023,EAC,FS-5003,LOCAL,FujiStar HDMI Cable 3M,CE,OTHERS,OTHERS,0-Month,1,25.21,0.0,0.0,25.21,3.79,29.0
2023-08-26,2311051856,RECA,7233,,INV,AUG,2023,EAC,WWS36G22I,WHITE WESTINGHOUSE,Indoor Split A/C 32200 BTU Cool,HVPAC,WALL SPLITS,SAC WALL ROTARY,0-Month,1,2173.48,0.0,0.0,2173.48,326.03,2499.51
2023-08-26,2311051945,RECA,7233,,INV,AUG,2023,EAC,WWA20K22R,WHITE WESTINGHOUSE,Window A/C 18000 BTU Cool,HVPAC,WAC,WAC ROTARY,0-Month,1,1303.48,-0.01,0.0,1303.47,195.52,1498.99
2023-08-27,2311052592,RECA,7233,,INV,AUG,2023,EAC,WWFR21KS,WHITE WESTINGHOUSE,21 Cu Ft. SS Full Refrigerator Inverter Compressor R600a,HA,REFRIGERATORS,ALL REFRIGERATOR,0-Month,1,3216.52,-173.91,5.41,3042.61,456.39,3499.0
2023-08-28,2311052652,RECA,7233,,INV,AUG,2023,EAC,PIPE V-12/18,WHITE WESTINGHOUSE,4 Meter copper pipe for 12K/18K Split AC,HVPAC,ACCESSORIES,PIPE,0-Month,10,0.01,0.0,0.0,0.1,0.02,0.12
2023-08-28,2311052655,REEM,3029,,INV,AUG,2023,EAC,WWS30K23I,WHITE WESTINGHOUSE,Indoor split  A/C 27000 BTU Cool - WiFi,HVPAC,WALL SPLITS,SAC WALL ROTARY,0-Month,1,1738.7,-43.48,2.5,1695.22,254.28,1949.5
2023-08-29,2311052880,RECA,7233,,INV,AUG,2023,EAC,WWRAKS510,WHITE WESTINGHOUSE,"Fridge 17.9 CuFt, 230V 60HZ - R600a, Silver, Recessed Handle",HA,REFRIGERATORS,TOP MOUNT,0-Month,1,2346.96,-347.83,14.82,1999.13,299.87,2299.0
2023-08-30,2311053112,REUI,7561,,INV,AUG,2023,EAC,MPUD3AH/A,APPLE MACINTOSH,iPhone 14 128GB Midnight,TELECOM,MOBILES,SMART PHONES,0-Month,1,3607.83,-695.66,19.28,2912.17,436.83,3349.0
2023-08-31,2311053235,RECA,7233,,INV,AUG,2023,EAC,65SUE9600,SKYWORTH,"Skyworth 65"" 4K UHD MiniLED TV (Google TV) - 120Hz",CE,LCD/LED TV,LED TV,0-Month,1,3738.26,-1130.44,30.24,2607.82,391.17,2998.99
2023-09-05,2311054665,RECA,7233,,INV,SEP,2023,EAC,DN-COOLPURIFIER-TP09,DYSON,Dyson Cool Purifier White & Gold,SDA,AIR PURIFIER,PURIFYING FAN,0-Month,1,2694.78,0.0,0.0,2694.78,404.22,3099.0
2023-09-07,2321021824,RECA,7233,,INV,SEP,2023,TPC,OLED65A26LA,LG,"LG 4K OLED Smart TV 65"" SeriesA2, a7 Gen5 4K Proc, HGiG DV&A",CE,LCD/LED TV,LED TV,0-Month,1,5651.0,0.0,0.0,5651.0,847.65,6498.65
2023-09-10,2321021846,RECA,7233,,INV,SEP,2023,TPC,VH-K130WBB,TOSHIBA,"TWIN TUB WASHER 12.0 KG, 220-230V 60HZ",HA,LAUNDRY TT,TWIN-TUB,0-Month,1,1651.3,-434.77,26.33,1216.53,182.48,1399.01
2023-09-13,2311062278,REUI,7596,,INV,SEP,2023,EAC,WWS24K23C,WHITE WESTINGHOUSE,Outdoor split  A/C 23000 BTU Cool - WiFi,HVPAC,WALL SPLITS,SAC WALL ROTARY,0-Month,1,1260.43,-43.47,3.45,1216.96,182.54,1399.5
2023-09-14,2311062309,REUI,7561,,INV,SEP,2023,EAC,WWS24K23I,WHITE WESTINGHOUSE,Indoor split  A/C 23000 BTU Cool - WiFi,HVPAC,WALL SPLITS,SAC WALL ROTARY,0-Month,1,1260.43,-43.47,3.45,1216.96,182.54,1399.5
2023-09-13,2311062261,RECA,7233,,INV,SEP,2023,EAC,WWS36T22PI,WHITE WESTINGHOUSE,Indoor Split A/C 30600 BTU Cool,HVPAC,WALL SPLITS,SAC WALL ROTARY,0-Month,1,2760.43,-978.26,35.44,1782.17,267.33,2049.5
2023-09-20,2311063157,RECA,7233,,INV,SEP,2023,EAC,FA31-202GY,ELECTROLUX,Flow A3 - Air Purifier with Anti-bacterial HEPA & Touch UI,SDA,AIR PURIFIER,RESIDENTIAL,0-Month,1,651.3,-651.23,99.99,0.07,0.01,0.08
2023-09-20,2321023093,RECA,7233,,INV,SEP,2023,TPC,LS19GBBDI,LG,Ref SxS 17.9 Cu. Ft / Pocket Handle / Inverter Compressor,HA,REFRIGERATORS,SIDE BY SIDE,0-Month,1,3217.0,0.0,0.0,3217.0,482.55,3699.55
2023-09-21,2321023134,REUI,7596,,INV,SEP,2023,TPC,DFB425FW,LG,14 Place Setting/Steam/Wi-fi/Smart Rack/3rd Rack,HA,DISH WASHER,FREE STANDING,0-Month,1,2434.0,0.0,0.0,2434.0,365.1,2799.1
2023-09-23,2311063435,RECA,7233,,INV,SEP,2023,EAC,HW18CA23,HISENSE,Window A/C 18000 BTU Cool,HVPAC,WAC,WAC ROTARY,0-Month,1,1346.96,-43.48,3.23,1303.48,195.52,1499.0
2023-09-25,2321023351,REEM,3028,,INV,SEP,2023,TPC,WS1308XMT,LG,"WM FL Combo (13/7kg) with AI DD™ ,White color,ThinQ™ (Wi-Fi)",HA,LAUNDRY A,WASHER DRYER COMBO,0-Month,1,4086.0,0.0,0.0,4086.0,612.9,4698.9
2023-09-26,2311063858,RECA,7233,,INV,SEP,2023,EAC,DS24T23WC,DORA,Outdoor Split A/C 22000 BTU Cool WiFi HI-EER Class D R410A,HVPAC,WALL SPLITS,SAC WALL ROTARY,0-Month,7,1216.96,-608.72,7.15,7910.0,1186.5,9096.5
2023-09-27,2311064488,RECA,7233,,INV,SEP,2023,EAC,EHH3320NVK,ELECTROLUX,B.I 30 Cm Electric Domino Hob (Induction),HA,BUILT-IN,HOB,0-Month,2,1807.83,-2184.52,60.42,1431.14,214.67,1645.81
2023-09-26,2311064462,RECA,7233,,INV,SEP,2023,EAC,EK-EJP5000AR,ELECTROLUX,"Citrus press 85W, Stainless Steel body, 0.8l capacity",SDA,LHA,CITRUS PRESS,0-Month,1,164.35,-83.03,50.52,81.32,12.2,93.52
2023-09-27,2311064609,RECA,7233,,INV,SEP,2023,EAC,DS24T23WC,DORA,Outdoor Split A/C 22000 BTU Cool WiFi HI-EER Class D R410A,HVPAC,WALL SPLITS,SAC WALL ROTARY,0-Month,1,1216.96,-86.96,7.15,1130.0,169.5,1299.5
2023-09-27,2311064773,RECA,7233,,INV,SEP,2023,EAC,EK-EER73DB,ELECTROLUX,FLOOR STICK RECHARGEABLE 14.4V,SDA,VACCUM CLEANERS,CANNISTER,0-Month,1,668.7,-668.69,100.0,0.01,0.0,0.01
2023-09-30,2321024540,RECA,7233,,INV,SEP,2023,TPC,AW-DK1775WUPBB(WK),TOSHIBA,"TL WASHER 15 KG,UFB WASH,SDD INVERTER,60HZ - WHITE/BLACK",HA,LAUNDRY A,FA TOP LOADING,0-Month,1,2433.91,-478.26,19.65,1955.65,293.35,2249.0
2023-09-30,2321024732,REUI,7596,,INV,SEP,2023,TPC,AW-UK1100HUPBB(SG),TOSHIBA,"TL Washer 10kg, UFB Wash, 220-230V, 60HZ - Silver",HA,LAUNDRY A,FA TOP LOADING,0-Month,1,1738.26,-330.43,19.01,1407.83,211.17,1619.0
2023-09-30,2321024768,RECA,4207,,INV,SEP,2023,TPC,GR-A820ATE(BS),TOSHIBA,"FRIDGE 21.50 CFT (608L),INVERTER, 230V, 50/60HZ - BS STEEL",HA,REFRIGERATORS,TOP MOUNT,0-Month,1,4346.96,-982.62,22.6,3364.34,504.65,3868.99
2023-09-30,2311066008,RECA,4207,,INV,SEP,2023,EAC,WWS24G23WI,WHITE WESTINGHOUSE,Indoor Split A/C 22100 BTU Cool,HVPAC,WALL SPLITS,SAC WALL ROTARY,0-Month,4,1303.91,-260.8,5.0,4954.84,743.23,5698.07
2023-10-03,2311066515,RECA,4207,,INV,OCT,2023,EAC,WWRAKS510,WHITE WESTINGHOUSE,"Fridge 17.9 CuFt, 230V 60HZ - R600a, Silver, Recessed Handle",HA,REFRIGERATORS,TOP MOUNT,0-Month,1,2346.96,-546.96,23.31,1800.0,270.0,2070.0
2023-10-04,2321025233,RECA,7233,,INV,OCT,2023,TPC,WSV1107WHT,LG,WM FL Combo (10.5/7KG)/Steam+/1400 RPM/Wi-Fi/AI DD Motor,HA,LAUNDRY A,WASHER DRYER COMBO,0-Month,1,5912.0,-2435.0,41.19,3477.0,521.55,3998.55
2023-10-06,2311070066,RECA,7233,,INV,OCT,2023,EAC,PIPE-30,WHITE WESTINGHOUSE,5 Meter copper pipe for 30K Split AC,HVPAC,ACCESSORIES,PIPE,0-Month,1,0.01,0.0,0.0,0.01,0.01,0.02
2023-10-09,2311070384,RECA,4207,,INV,OCT,2023,EAC,WWRAKS510,WHITE WESTINGHOUSE,"Fridge 17.9 CuFt, 230V 60HZ - R600a, Silver, Recessed Handle",HA,REFRIGERATORS,TOP MOUNT,0-Month,1,2346.96,-547.83,23.34,1799.13,269.87,2069.0
2023-10-08,2318003382,RECA,7233,,CM,OCT,2023,EAC,WWS18K23C,WHITE WESTINGHOUSE,Outdoor split  A/C 18400 BTU Cool - WiFi,HVPAC,WALL SPLITS,SAC WALL ROTARY,0-Month,-1,999.57,43.48,4.35,-956.09,-143.41,-1099.5
2023-10-13,2311071048,REUI,7561,,INV,OCT,2023,EAC,WWS18K23C,WHITE WESTINGHOUSE,Outdoor split  A/C 18400 BTU Cool - WiFi,HVPAC,WALL SPLITS,SAC WALL ROTARY,0-Month,1,999.57,-43.48,4.35,956.09,143.41,1099.5
2023-10-11,2318003443,RECA,7233,,CM,OCT,2023,EAC,EHH3320NVK,ELECTROLUX,B.I 30 Cm Electric Domino Hob (Induction),HA,BUILT-IN,HOB,0-Month,-1,1807.83,1092.26,60.42,-715.57,-107.34,-822.91
2023-10-22,2311072127,REUI,7561,,INV,OCT,2023,EAC,WWTLAVS16,WHITE WESTINGHOUSE,TL Washer 16KG with Pump Silver Color,HA,LAUNDRY A,FA TOP LOADING,0-Month,1,1738.26,0.0,0.0,1738.26,260.74,1999.0
2023-10-23,2321026927,RECA,7233,,INV,OCT,2023,TPC,AW-DK1775WUPBB(WK),TOSHIBA,"TL WASHER 15 KG,UFB WASH,SDD INVERTER,60HZ - WHITE/BLACK",HA,LAUNDRY A,FA TOP LOADING,0-Month,1,2433.91,-260.87,10.72,2173.04,325.95,2498.99
2023-10-24,2311072389,RECA,7233,,INV,OCT,2023,EAC,32STD4000,SKYWORTH,"Skyworth 32"" Smart LED TV",CE,LCD/LED TV,LED TV,0-Month,2,782.0,-696.0,44.5,868.0,130.2,998.2
2023-10-24,2321027126,RECA,4207,,INV,OCT,2023,TPC,GR-A33AS(SK),TOSHIBA,"FRIDGE 8.1 CFT (231L), 230V 60HZ - Metallic Grey",HA,REFRIGERATORS,TOP MOUNT,0-Month,1,1825.22,-421.74,23.11,1403.48,210.52,1614.0
2023-10-29,2311073114,RECA,7233,,INV,OCT,2023,EAC,WWS36T22PC,WHITE WESTINGHOUSE,Outdoor Split A/C 30600 BTU Cool,HVPAC,WALL SPLITS,SAC WALL ROTARY,0-Month,1,2760.43,-978.26,35.44,1782.17,267.33,2049.5
2023-10-29,2311073101,REEM,3029,,INV,OCT,2023,EAC,MTUG3AH/A,APPLE MACINTOSH,iPhone 15 Pro 256GB Blue,TELECOM,MOBILES,SMART PHONES,0-Month,1,4928.0,-189.74,3.85,4738.26,710.73,5448.99
2023-10-31,2321027885,RECA,7233,,INV,OCT,2023,TPC,TBA-36LMG5G089KS-SA,TOSHIBA,"Gas Cooker 90x60, 5 burner with Rotisserie & Convection - SS",HA,COOKING RANGE,GAS COOKER,0-Month,1,1999.13,-447.83,22.4,1551.3,232.69,1783.99
2023-07-03,2321015849,RECA,7233,,INV,JUL,2023,TPC,AW-DK1775WUPBB(WK),TOSHIBA,"TL WASHER 15 KG,UFB WASH,SDD INVERTER,60HZ - WHITE/BLACK",HA,LAUNDRY A,FA TOP LOADING,0-Month,1,2433.91,-434.78,17.86,1999.13,299.87,2299.0
2023-07-05,2321016040,RECA,7233,,INV,JUL,2023,TPC,GR-RT468WE-PMU(37),TOSHIBA,"Fridge 12.0 Cft (338L), Inverter - Satin Grey",HA,REFRIGERATORS,TOP MOUNT,0-Month,1,1999.13,-260.87,13.05,1738.26,260.73,1998.99
2023-07-05,2311041537,RECA,7233,,INV,JUL,2023,EAC,PIPE V-12/18,WHITE WESTINGHOUSE,4 Meter copper pipe for 12K/18K Split AC,HVPAC,ACCESSORIES,PIPE,0-Month,1,0.01,0.0,0.0,0.01,0.01,0.02
2023-07-09,2311041965,RECA,7233,,INV,JUL,2023,EAC,WWS18G22I,WHITE WESTINGHOUSE,Indoor Split A/C 17800 BTU Cool,HVPAC,WALL SPLITS,SAC WALL ROTARY,0-Month,2,1130.0,0.0,0.0,2260.0,339.0,2599.0
2023-07-11,2311042071,RECA,7233,,INV,JUL,2023,EAC,AU-A18ATS,SHARP,Outdoor Split A/C 18000 BTU Cool HI-EER Class D R410A.,HVPAC,WALL SPLITS,SAC WALL ROTARY,0-Month,3,1064.78,-65.22,2.04,3129.12,469.37,3598.49
2023-07-13,2311042362,RECA,7233,,INV,JUL,2023,EAC,WWS18G22I,WHITE WESTINGHOUSE,Indoor Split A/C 17800 BTU Cool,HVPAC,WALL SPLITS,SAC WALL ROTARY,0-Month,3,1130.0,0.0,0.0,3390.0,508.5,3898.5
2023-07-15,2321016450,RECA,7233,,INV,JUL,2023,TPC,65QNED806QA,LG,"LG QNED 4K Smart TV 65"" Series80, a7 Gen5 4K Proc, HGiG FSG",CE,LCD/LED TV,LED TV,0-Month,1,3912.0,0.0,0.0,3912.0,586.8,4498.8
2023-07-15,2321016466,REUI,7596,,INV,JUL,2023,TPC,TBA-36LMG5G089KS-SA,TOSHIBA,"Gas Cooker 90x60, 5 burner with Rotisserie & Convection - SS",HA,COOKING RANGE,GAS COOKER,0-Month,1,1999.13,0.0,0.0,1999.13,299.87,2299.0
2023-07-16,2311042867,RECA,7233,,INV,JUL,2023,EAC,WWS24G23WC,WHITE WESTINGHOUSE,Outdoor Split A/C 22100 BTU Cool WiFi,HVPAC,WALL SPLITS,SAC WALL ROTARY,0-Month,1,1303.91,0.0,0.0,1303.91,195.59,1499.5
2023-07-16,2311042867,RECA,7233,,INV,JUL,2023,EAC,WWS18G22I,WHITE WESTINGHOUSE,Indoor Split A/C 17800 BTU Cool,HVPAC,WALL SPLITS,SAC WALL ROTARY,0-Month,1,1130.0,0.0,0.0,1130.0,169.5,1299.5
2023-07-17,2321016809,REUI,7596,,INV,JUL,2023,TPC,WTS16HHDK,LG,WM TL 16KG/TurboWash3D™/Wi-Fi/Tub Clean/Steam/DD Motor,HA,LAUNDRY A,FA TOP LOADING,0-Month,1,3564.0,-434.43,12.19,3129.57,469.43,3599.0
2023-07-19,2311043230,REUI,7287,,INV,JUL,2023,EAC,MQ9E3AH/A,APPLE MACINTOSH,iPhone 14 Pro Max 256GB Deep Purple,TELECOM,MOBILES,SMART PHONES,0-Month,2,5042.61,0.0,0.0,10085.22,1512.79,11598.01
2023-07-20,2311043545,RECA,7233,,INV,JUL,2023,EAC,WWR9VS650,WHITE WESTINGHOUSE,Fridge 22.96 Cu Ft/650 Ltr SS Inverter Compressor,HA,REFRIGERATORS,TOP MOUNT,0-Month,1,3738.26,-695.65,18.61,3042.61,456.39,3499.0
2023-07-22,2311043595,RECA,7233,,INV,JUL,2023,EAC,WWFR21KS,WHITE WESTINGHOUSE,21 Cu Ft. SS Full Refrigerator Inverter Compressor R600a,HA,REFRIGERATORS,ALL REFRIGERATOR,0-Month,1,3216.52,-173.91,5.41,3042.61,456.39,3499.0
2023-07-24,2311043766,REEM,3029,,INV,JUL,2023,EAC,AU-A12WCS,SHARP,Outdoor Split A/C 11600 BTU Cool HI-EER Class D R410A,HVPAC,WALL SPLITS,SAC WALL ROTARY,0-Month,1,1216.96,-413.04,33.94,803.92,120.59,924.51
2023-07-26,2311043935,RECA,7233,,INV,JUL,2023,EAC,DS24T23WC,DORA,Outdoor Split A/C 22000 BTU Cool WiFi HI-EER Class D R410A,HVPAC,WALL SPLITS,SAC WALL ROTARY,0-Month,2,1216.96,-173.92,7.15,2260.0,339.0,2599.0
2023-08-03,2311048523,RECA,7233,,INV,AUG,2023,EAC,PIPE-36,WHITE WESTINGHOUSE,5 Meter copper pipe for 36K Split AC,HVPAC,ACCESSORIES,PIPE,0-Month,5,0.01,0.0,0.0,0.05,0.01,0.06
2023-08-06,2311048655,RECA,4207,,INV,AUG,2023,EAC,75DYAC40,DORA,"75 Inch, UHD 4K, Android 11, Dolby Vision, Dolby Atmos, 2.1 HDMI, Metal Frame",CE,LCD/LED TV,LED TV,0-Month,1,2607.83,-378.22,14.5,2229.61,334.44,2564.05
2023-08-07,2311048791,REUI,7286,,INV,AUG,2023,EAC,MQ9E3AH/A,APPLE MACINTOSH,iPhone 14 Pro Max 256GB Deep Purple,TELECOM,MOBILES,SMART PHONES,0-Month,2,5042.61,0.0,0.0,10085.22,1512.79,11598.01
2023-08-07,2311048730,RECA,7233,,INV,AUG,2023,EAC,WWS36T22PC,WHITE WESTINGHOUSE,Outdoor Split A/C 30600 BTU Cool,HVPAC,WALL SPLITS,SAC WALL ROTARY,0-Month,1,2760.43,-978.26,35.44,1782.17,267.33,2049.5
2023-08-07,2311048804,REUI,7596,,INV,AUG,2023,EAC,PIPE V-12/18,WHITE WESTINGHOUSE,4 Meter copper pipe for 12K/18K Split AC,HVPAC,ACCESSORIES,PIPE,0-Month,1,0.01,0.0,0.0,0.01,0.01,0.02
2023-08-07,2311048872,REUI,7286,,INV,AUG,2023,EAC,IPHONE11-128GB-W,APPLE MACINTOSH,iPhone 11 128GB White,TELECOM,MOBILES,SMART PHONES,0-Month,1,1781.74,0.0,0.0,1781.74,267.27,2049.01
2023-08-06,2318002465,RECA,7233,,CM,AUG,2023,EAC,PIPE V-12/18,WHITE WESTINGHOUSE,4 Meter copper pipe for 12K/18K Split AC,HVPAC,ACCESSORIES,PIPE,0-Month,-1,0.01,0.0,0.0,-0.01,-0.01,-0.02
2023-08-10,2311049460,REUI,7287,,INV,AUG,2023,EAC,MQ9E3AH/A,APPLE MACINTOSH,iPhone 14 Pro Max 256GB Deep Purple,TELECOM,MOBILES,SMART PHONES,0-Month,5,5042.61,0.0,0.0,25213.05,3781.96,28995.01
2023-08-13,2311049902,RECA,4207,,INV,AUG,2023,EAC,WWS18G22C,WHITE WESTINGHOUSE,Outdoor Split A/C 17800 BTU Cool,HVPAC,WALL SPLITS,SAC WALL ROTARY,0-Month,3,1130.0,-169.5,5.0,3220.5,483.07,3703.57
2023-08-14,2311050217,REUI,7561,,INV,AUG,2023,EAC,DS24T23WI,DORA,Indoor Split A/C 22000 BTU Cool WiFi HI-EER Class D R410A,HVPAC,WALL SPLITS,SAC WALL ROTARY,0-Month,1,1216.96,-86.96,7.15,1130.0,169.5,1299.5
2023-08-15,2311050299,REUI,7561,,INV,AUG,2023,EAC,AH-A18ATS,SHARP,Indoor Split A/C 18000 BTU Cool HI-EER Class D R410A,HVPAC,WALL SPLITS,SAC WALL ROTARY,0-Month,1,1064.78,-21.74,2.04,1043.04,156.45,1199.49
2023-08-16,2321019472,RECA,7233,,INV,AUG,2023,TPC,GR-A33AS(SK),TOSHIBA,"FRIDGE 8.1 CFT (231L), 230V 60HZ - Metallic Grey",HA,REFRIGERATORS,TOP MOUNT,0-Month,1,1825.22,-130.44,7.15,1694.78,254.22,1949.0
2023-08-19,2311050940,RECA,7233,,INV,AUG,2023,EAC,AH-A12WCS,SHARP,Indoor Split A/C 11600 BTU Cool HI-EER Class D R410A,HVPAC,WALL SPLITS,SAC WALL ROTARY,0-Month,1,1216.96,-413.05,33.94,803.91,120.59,924.5
2023-08-19,2311050982,RECA,4207,,INV,AUG,2023,EAC,PIPE V-12/18,WHITE WESTINGHOUSE,4 Meter copper pipe for 12K/18K Split AC,HVPAC,ACCESSORIES,PIPE,0-Month,1,0.01,0.0,0.0,0.01,0.01,0.02
2023-08-22,2311051498,RECA,7233,,INV,AUG,2023,EAC,WWS30G22C,WHITE WESTINGHOUSE,Outdoor Split A/C 27400 BTU Cool,HVPAC,WALL SPLITS,SAC WALL ROTARY,0-Month,1,1803.91,-22.38,1.24,1781.53,267.23,2048.76
2023-08-24,2311051773,RECA,7233,,INV,AUG,2023,EAC,PIPE V-30/36,WHITE WESTINGHOUSE,5 Meter copper pipe for 30K/36K Split AC,HVPAC,ACCESSORIES,PIPE,0-Month,1,0.01,0.0,0.0,0.01,0.01,0.02
2023-08-26,2311051852,RECA,7233,,INV,AUG,2023,EAC,ES-FS812DLZSA-S,SHARP,"FL Washer 8kg,1200RPM,8+Prg,Rapid Wash,Chrome Door-S Steel",HA,LAUNDRY A,FA FRONT LOADING,0-Month,1,1477.39,-173.91,11.77,1303.48,195.52,1499.0
2023-08-27,2311051972,RECA,7233,,INV,AUG,2023,EAC,EC-CAS2121-Z,SHARP,"VAC CLNR DRUM, 21L, 2100W,METAL TUBE - RED",SDA,VACCUM CLEANERS,CANNISTER,0-Month,1,460.0,-89.56,19.47,370.44,55.56,426.0
2023-08-27,2311052605,RECA,7233,,INV,AUG,2023,EAC,WWS24K23I,WHITE WESTINGHOUSE,Indoor split  A/C 23000 BTU Cool - WiFi,HVPAC,WALL SPLITS,SAC WALL ROTARY,0-Month,1,1260.43,-43.47,3.45,1216.96,182.54,1399.5
2023-08-28,2311052689,RECA,7233,,INV,AUG,2023,EAC,ES-FS812DLZSA-S,SHARP,"FL Washer 8kg,1200RPM,8+Prg,Rapid Wash,Chrome Door-S Steel",HA,LAUNDRY A,FA FRONT LOADING,0-Month,11,1477.39,-1913.01,11.77,14338.28,2150.74,16489.02
2023-08-28,2311052766,RECA,7233,,INV,AUG,2023,EAC,WWS18G22I,WHITE WESTINGHOUSE,Indoor Split A/C 17800 BTU Cool,HVPAC,WALL SPLITS,SAC WALL ROTARY,0-Month,1,1130.0,-169.5,15.0,960.5,144.07,1104.57
2023-08-30,2321020828,REUI,7561,,INV,AUG,2023,TPC,GR-RT624WE-PMU(37),TOSHIBA,"Fridge 16.40 Cft (463L), Inverter - Satin Grey",HA,REFRIGERATORS,TOP MOUNT,0-Month,1,2607.83,-173.92,6.67,2433.91,365.09,2799.0
2023-08-30,2311053160,REUI,7596,,INV,AUG,2023,EAC,WWRAK560(S),WHITE WESTINGHOUSE,"Fridge 19.9 CuFt, 564 Ltr, Inverter, R600a, Silver",HA,REFRIGERATORS,TOP MOUNT,0-Month,1,2868.69,-608.69,21.22,2260.0,339.0,2599.0
2023-08-30,2311053161,RECA,7233,,INV,AUG,2023,EAC,WWA20K22R,WHITE WESTINGHOUSE,Window A/C 18000 BTU Cool,HVPAC,WAC,WAC ROTARY,0-Month,1,1346.96,-43.49,3.23,1303.47,195.52,1498.99
2023-08-30,2311053221,RECA,7233,,INV,AUG,2023,EAC,WWS30T22PI,WHITE WESTINGHOUSE,Indoor Split A/C 27800 BTU Cool,HVPAC,WALL SPLITS,SAC WALL ROTARY,0-Month,2,2260.43,-1478.26,32.7,3042.6,456.39,3498.99
2023-09-10,2311059875,RECA,7233,,INV,SEP,2023,EAC,WWS12K23HC,WHITE WESTINGHOUSE,Outdoor split  A/C 12000 BTU Heat Cool - WiFi,HVPAC,WALL SPLITS,SAC WALL ROTARY,0-Month,3,890.87,-130.44,4.88,2542.17,381.33,2923.5
2023-09-10,2321021847,RECA,4207,,INV,SEP,2023,TPC,AW-UK1100HUPBB(SG),TOSHIBA,"TL Washer 10kg, UFB Wash, 220-230V, 60HZ - Silver",HA,LAUNDRY A,FA TOP LOADING,0-Month,1,1738.26,-330.34,19.0,1407.92,211.18,1619.1
2023-09-11,2321021904,REUI,7596,,INV,SEP,2023,TPC,GR-A33AS(SK),TOSHIBA,"FRIDGE 8.1 CFT (231L), 230V 60HZ - Metallic Grey",HA,REFRIGERATORS,TOP MOUNT,0-Month,1,1825.22,-86.96,4.76,1738.26,260.74,1999.0
2023-09-10,2311059940,RECA,7233,,INV,SEP,2023,EAC,WWS30G22C,WHITE WESTINGHOUSE,Outdoor Split A/C 27400 BTU Cool,HVPAC,WALL SPLITS,SAC WALL ROTARY,0-Month,1,1803.91,0.0,0.0,1803.91,270.59,2074.5
2023-09-12,2311062054,RECA,7233,,INV,SEP,2023,EAC,DA20K23R,DORA,Window A/C 18000 BTU Cool Hi-EER Class F R410A,HVPAC,WAC,WAC ROTARY,0-Month,1,1260.0,-43.48,3.45,1216.52,182.47,1398.99
2023-09-16,2311062478,REUI,7596,,INV,SEP,2023,EAC,DWD60UBW,DORA,"Bottom Loading UV Lamp Sterilizer, White, SS Tank",SDA,WATER DISPENSER,FREE STANDING,0-Month,1,1042.61,-304.35,29.19,738.26,110.74,849.0
2023-09-17,2311062569,RECA,7233,,INV,SEP,2023,EAC,WWS24K23C,WHITE WESTINGHOUSE,Outdoor split  A/C 23000 BTU Cool - WiFi,HVPAC,WALL SPLITS,SAC WALL ROTARY,0-Month,1,1260.43,-43.47,3.45,1216.96,182.54,1399.5
2023-09-13,2318002685,RECA,7233,,CM,SEP,2023,EAC,WWS12K23C,WHITE WESTINGHOUSE,Outdoor split  A/C 12000 BTU Cool - WiFi,HVPAC,WALL SPLITS,SAC WALL ROTARY,0-Month,-1,847.39,43.48,5.13,-803.91,-120.58,-924.49
2023-09-20,2311063162,RECA,7233,,INV,SEP,2023,EAC,EK-EER73DB,ELECTROLUX,FLOOR STICK RECHARGEABLE 14.4V,SDA,VACCUM CLEANERS,CANNISTER,0-Month,1,668.7,-668.63,99.99,0.07,0.01,0.08
2023-09-20,2321023069,RECA,7233,,INV,SEP,2023,TPC,WTS14HHWK,LG,WM TL 14KG / TurboDrum / Full STS Drum /  Wi-Fi / DD Motor,HA,LAUNDRY A,FA TOP LOADING,0-Month,1,2782.0,-0.26,0.01,2781.74,417.26,3199.0
2023-09-21,2311063311,REUI,7561,,INV,SEP,2023,EAC,E7CM1-50GB,ELECTROLUX,"Coffee Maker, Black with Aroma - Explore 7",SDA,LHA,COFFEE MAKER,0-Month,1,433.91,-433.9,100.0,0.01,0.0,0.01
2023-09-21,2311063295,RECA,7233,,INV,SEP,2023,EAC,65SUE9500,SKYWORTH,"SKYWORTH  65"" QLED Google TV UHD 4K HDR SMART TV",CE,LCD/LED TV,LED TV,0-Month,1,2086.0,-173.83,8.33,1912.17,286.82,2198.99
2023-09-21,2321023212,RECA,7233,,INV,SEP,2023,TPC,VH-K130WBB,TOSHIBA,"TWIN TUB WASHER 12.0 KG, 220-230V 60HZ",HA,LAUNDRY TT,TWIN-TUB,0-Month,1,1390.43,-173.91,12.51,1216.52,182.48,1399.0
2023-09-22,2321023228,REUI,7596,,INV,SEP,2023,TPC,GR-RF610WE-PMU(37),TOSHIBA,"FRENCH DOOR 16.20 CFT (457L), INVERTER, 230V - SATIN GREY",HA,REFRIGERATORS,TOP MOUNT,0-Month,1,3738.26,-260.87,6.98,3477.39,521.6,3998.99
2023-09-25,2311063688,RECA,7233,,INV,SEP,2023,EAC,SJ-K135X-SL,SHARP,"90L / 3.2 Cu ft, Single Door Refrigerator, R600a, 60Hz, Silver color",HA,REFRIGERATORS,MINI BAR,0-Month,1,781.74,-86.96,11.12,694.78,104.22,799.0
2023-09-25,2311063735,REUI,7596,,INV,SEP,2023,EAC,E7CM1-50GB,ELECTROLUX,"Coffee Maker, Black with Aroma - Explore 7",SDA,LHA,COFFEE MAKER,0-Month,2,433.91,-867.74,99.99,0.08,0.01,0.09
2023-09-26,2311063858,RECA,7233,,INV,SEP,2023,EAC,PIPE V-24,WHITE WESTINGHOUSE,4 Meter copper pipe for 24K Split AC,HVPAC,ACCESSORIES,PIPE,0-Month,7,0.01,0.0,0.0,0.07,0.02,0.09
2023-09-27,2311064608,RECA,7233,,INV,SEP,2023,EAC,DWD77TDP,DORA,"Top and Bottom Loading Water Dispenser, black with SS",SDA,WATER DISPENSER,FREE STANDING,0-Month,1,1042.61,-365.22,35.03,677.39,101.61,779.0
2023-09-27,2311064615,RECA,7233,,INV,SEP,2023,EAC,EK-EER73DB,ELECTROLUX,FLOOR STICK RECHARGEABLE 14.4V,SDA,VACCUM CLEANERS,CANNISTER,0-Month,1,668.7,-668.63,99.99,0.07,0.01,0.08
2023-09-29,2311065506,RECA,7233,,INV,SEP,2023,EAC,E7CM1-50GB,ELECTROLUX,"Coffee Maker, Black with Aroma - Explore 7",SDA,LHA,COFFEE MAKER,0-Month,1,433.91,-433.9,100.0,0.01,0.0,0.01
2023-09-30,2311065704,REEM,3029,,INV,SEP,2023,EAC,65DYW50,DORA,"65"" 4K HDR, LG WEBOS SMART TV, 2.1 HDMI, MAGIC REMOTE",CE,LCD/LED TV,LED,0-Month,1,2086.09,0.0,0.0,2086.09,312.92,2399.01
2023-09-28,2318003102,RECA,7233,,CM,SEP,2023,EAC,PIPE-30,WHITE WESTINGHOUSE,5 Meter copper pipe for 30K Split AC,HVPAC,ACCESSORIES,PIPE,0-Month,-1,0.01,0.0,0.0,-0.01,-0.01,-0.02
2023-09-30,2321024747,RECA,7233,,INV,SEP,2023,TPC,MW-MM20PB(BK)-P,TOSHIBA,"20L MICROWAVE, 220V, 60HZ - Black",SDA,MICROWAVE,BASIC,0-Month,1,286.09,0.0,0.0,286.09,42.92,329.01
2023-09-30,2321024766,RECA,4207,,INV,SEP,2023,TPC,GR-RT830WE-PMU(49),TOSHIBA,"FRIDGE 21.50 CFT (608L), INVERTER, 230V, 50/60HZ - SILVER",HA,REFRIGERATORS,TOP MOUNT,0-Month,1,3564.35,-356.44,10.0,3207.91,481.19,3689.1
2023-10-02,2311066207,RECA,7233,,INV,OCT,2023,EAC,43STD4000,SKYWORTH,"Skyworth 43"" Smart LED TV",CE,LCD/LED TV,LED TV,0-Month,1,1303.0,-608.22,46.68,694.78,104.21,798.99
2023-10-03,2321025035,REEM,3029,,INV,OCT,2023,TPC,VH-J150WBB,TOSHIBA,"TWIN TUB WASHER 14.0 KG, 220-230V 60HZ",HA,LAUNDRY TT,TWIN-TUB,0-Month,1,1564.35,0.0,0.0,1564.35,234.66,1799.01
2023-10-08,2311070105,RECA,7233,,INV,OCT,2023,EAC,ECC9151S,ELECTROLUX,BI 90cm Traditional Chimney Hood,HA,BUILT-IN,HOOD,0-Month,1,1042.61,-491.31,47.12,551.3,82.7,634.0
2023-10-05,2311070053,REUI,7596,,INV,OCT,2023,EAC,55DYAC40,DORA,"55 Inch, UHD 4K, Android 11, Dolby Audio, 2.1 HDMI",CE,LCD/LED TV,LED TV,0-Month,1,1260.0,-217.39,17.25,1042.61,156.39,1199.0
2023-10-05,2311070061,REUI,7596,,INV,OCT,2023,EAC,WW1200MT11,WHITE WESTINGHOUSE,WASHING MACHINE 10KG 220V 50/60HZ HIGH EER,HA,LAUNDRY TT,TWIN-TUB,0-Month,1,738.26,0.0,0.0,738.26,110.74,849.0
2023-10-11,2311070803,RECA,7233,,INV,OCT,2023,EAC,WWS18K23C,WHITE WESTINGHOUSE,Outdoor split  A/C 18400 BTU Cool - WiFi,HVPAC,WALL SPLITS,SAC WALL ROTARY,0-Month,4,999.57,-173.92,4.35,3824.36,573.66,4398.02
2023-10-12,2311070893,RECA,7233,,INV,OCT,2023,EAC,EO-60NK-3,SHARP,"E. Oven 60L 2000W Rotisserie, Interior Light",SDA,LHA,DEEP FRYER,0-Month,1,520.87,0.0,0.0,520.87,78.14,599.01
2023-10-13,2311071042,REUI,7596,,INV,OCT,2023,EAC,AU-A36ZCS,SHARP,Outdoor Split A/C 32200 BTU Cool HI-EER Class D R410A,HVPAC,WALL SPLITS,SAC WALL ROTARY,0-Month,1,2303.91,-304.34,13.21,1999.57,299.93,2299.5
2023-10-13,2311071042,REUI,7596,,INV,OCT,2023,EAC,PIPE V-30/36,WHITE WESTINGHOUSE,5 Meter copper pipe for 30K/36K Split AC,HVPAC,ACCESSORIES,PIPE,0-Month,1,0.01,0.0,0.0,0.01,0.01,0.02
2023-10-13,2311071047,REUI,7596,,INV,OCT,2023,EAC,WWS18K23I,WHITE WESTINGHOUSE,Indoor split  A/C 18400 BTU Cool - WiFi,HVPAC,WALL SPLITS,SAC WALL ROTARY,0-Month,1,999.57,-43.48,4.35,956.09,143.41,1099.5
2023-10-16,2321026441,RECA,7233,,INV,OCT,2023,TPC,GR-RT830WE-PMU(49),TOSHIBA,"FRIDGE 21.50 CFT (608L), INVERTER, 230V, 50/60HZ - SILVER",HA,REFRIGERATORS,TOP MOUNT,0-Month,1,3564.35,-173.92,4.88,3390.43,508.57,3899.0
2023-10-23,2318003547,RECA,7233,,CM,OCT,2023,EAC,HS24HPVI23,HISENSE,Indoor Split A/C 24000 BTU Heat Cool - Inverter - WiFi,HVPAC,WALL SPLITS,SAC WALL ROTARY,0-Month,-1,1608.26,0.0,0.0,-1608.26,-241.24,-1849.5
2023-10-30,2311073187,RECA,4207,,INV,OCT,2023,EAC,WWS24K23I,WHITE WESTINGHOUSE,Indoor split  A/C 23000 BTU Cool - WiFi,HVPAC,WALL SPLITS,SAC WALL ROTARY,0-Month,2,1260.43,-208.7,8.28,2312.16,346.82,2658.98
2023-10-31,2311073482,REUI,7596,,INV,OCT,2023,EAC,WWS30T22PC,WHITE WESTINGHOUSE,Outdoor Split A/C 27800 BTU Cool,HVPAC,WALL SPLITS,SAC WALL ROTARY,0-Month,1,2260.43,-739.13,32.7,1521.3,228.2,1749.5
2023-10-31,2321027910,RECA,7233,,INV,OCT,2023,TPC,GR-A720ATE(W),TOSHIBA,"FRIDGE 19.60 CFT (554L), INVERTER, 230V, 50/60HZ - WHITE",HA,REFRIGERATORS,TOP MOUNT,0-Month,1,3738.26,-869.56,23.26,2868.7,430.3,3299.0
2023-10-30,2328002001,RECA,7233,,CM,OCT,2023,TPC,TBA-36LMG5G089KS-SA,TOSHIBA,"Gas Cooker 90x60, 5 burner with Rotisserie & Convection - SS",HA,COOKING RANGE,GAS COOKER,0-Month,-1,1999.13,173.91,8.7,-1825.22,-273.78,-2099.0
2023-10-31,2321027946,RECA,7233,,INV,OCT,2023,TPC,MM-EG25PB(BK),TOSHIBA,"25L GRILL MICROWAVE, DIGITAL, STEEL, 220V, 60HZ - Black",SDA,MICROWAVE,GRILL,0-Month,1,433.91,0.0,0.0,433.91,65.09,499.0
2023-07-03,2311038655,RECA,7233,,INV,JUL,2023,EAC,WWFLD10VW08,WHITE WESTINGHOUSE,"FRONT LOAD CONDENSOR DRYER 8KG, WITH PUMP",HA,LAUNDRY A,DRYER,0-Month,1,1738.26,-347.83,20.01,1390.43,208.56,1598.99
2023-07-04,2311041359,REEM,3032,,INV,JUL,2023,EAC,WWS36G22C,WHITE WESTINGHOUSE,Outdoor Split A/C 32200 BTU Cool,HVPAC,WALL SPLITS,SAC WALL ROTARY,0-Month,1,2173.48,0.0,0.0,2173.48,326.03,2499.51
2023-07-06,2311041621,RECA,7233,,INV,JUL,2023,EAC,WWS36G22C,WHITE WESTINGHOUSE,Outdoor Split A/C 32200 BTU Cool,HVPAC,WALL SPLITS,SAC WALL ROTARY,0-Month,2,2173.48,0.0,0.0,4346.96,652.05,4999.01
2023-07-06,2311041621,RECA,7233,,INV,JUL,2023,EAC,WWS30G22I,WHITE WESTINGHOUSE,Indoor Split A/C 27400 BTU Cool,HVPAC,WALL SPLITS,SAC WALL ROTARY,0-Month,1,1803.91,0.0,0.0,1803.91,270.59,2074.5
2023-07-11,2311042160,RECA,7233,,INV,JUL,2023,EAC,WWS36T22PC,WHITE WESTINGHOUSE,Outdoor Split A/C 30600 BTU Cool,HVPAC,WALL SPLITS,SAC WALL ROTARY,0-Month,1,2760.43,-978.26,35.44,1782.17,267.33,2049.5
2023-07-12,2311042240,REUI,7561,,INV,JUL,2023,EAC,QW-MB612K-SS3,SHARP,"Dish Washer, 12 Place Setting, 6 Programs - Silver",HA,DISH WASHER,FREE STANDING,0-Month,1,1390.43,-173.91,12.51,1216.52,182.48,1399.0
2023-07-16,2311042863,REUI,7596,,INV,JUL,2023,EAC,MPVJ3AH/A,APPLE MACINTOSH,iPhone 14 128GB Blue,TELECOM,MOBILES,SMART PHONES,0-Month,2,3303.48,-782.6,11.85,5824.36,873.66,6698.02
2023-07-16,2311042890,RECA,7233,,INV,JUL,2023,EAC,PIPE V-12/18,WHITE WESTINGHOUSE,4 Meter copper pipe for 12K/18K Split AC,HVPAC,ACCESSORIES,PIPE,0-Month,5,0.01,0.0,0.0,0.05,0.01,0.06
2023-07-17,2311042953,RECA,4207,,INV,JUL,2023,EAC,WWS36T22PI,WHITE WESTINGHOUSE,Indoor Split A/C 30600 BTU Cool,HVPAC,WALL SPLITS,SAC WALL ROTARY,0-Month,1,2760.43,-1067.36,38.67,1693.07,253.96,1947.03
2023-07-16,2311042875,RECA,7233,,INV,JUL,2023,EAC,43STD4000,SKYWORTH,"Skyworth 43"" Smart LED TV",CE,LCD/LED TV,LED TV,0-Month,1,694.78,-86.95,12.51,607.83,91.17,699.0
2023-07-16,2311042876,RECA,7233,,INV,JUL,2023,EAC,ESL7540RO,ELECTROLUX,BI 60cm 13PS Fully Integrated ComfortLift Dishwasher,HA,DISH WASHER,BUILT-IN,0-Month,1,5042.61,-2391.31,47.42,2651.3,397.7,3049.0
2023-07-17,2318002203,RECA,7233,,CM,JUL,2023,EAC,DWD77TDP,DORA,"Top and Bottom Loading Water Dispenser, black with SS",SDA,WATER DISPENSER,FREE STANDING,0-Month,-1,1042.61,365.22,35.03,-677.39,-101.61,-779.0
2023-07-20,2311043531,REUI,7287,,INV,JUL,2023,EAC,WWA25G22R,WHITE WESTINGHOUSE,Window A/C 21800 BTU Cool,HVPAC,WAC,WAC ROTARY,0-Month,4,1738.26,0.0,0.0,6953.04,1042.96,7996.0
2023-07-22,2311043593,RECA,7233,,INV,JUL,2023,EAC,DWD77TDP,DORA,"Top and Bottom Loading Water Dispenser, black with SS",SDA,WATER DISPENSER,FREE STANDING,0-Month,1,1042.61,-365.22,35.03,677.39,101.61,779.0
2023-07-21,2311043557,REUI,7596,,INV,JUL,2023,EAC,PIPE V-12/18,WHITE WESTINGHOUSE,4 Meter copper pipe for 12K/18K Split AC,HVPAC,ACCESSORIES,PIPE,0-Month,1,0.01,0.0,0.0,0.01,0.01,0.02
2023-07-22,2311043591,RECA,7233,,INV,JUL,2023,EAC,DWD40TBS,DORA,"Bottom Loading Water Dispenser, Black SS, SS Tank",SDA,WATER DISPENSER,FREE STANDING,0-Month,1,868.7,-173.92,20.02,694.78,104.22,799.0
2023-07-24,2311043723,RECA,7233,,INV,JUL,2023,EAC,PIPE V-30/36,WHITE WESTINGHOUSE,5 Meter copper pipe for 30K/36K Split AC,HVPAC,ACCESSORIES,PIPE,0-Month,1,0.01,0.0,0.0,0.01,0.01,0.02
2023-07-25,2311043869,REUI,7287,,INV,JUL,2023,EAC,MQ9E3AH/A,APPLE MACINTOSH,iPhone 14 Pro Max 256GB Deep Purple,TELECOM,MOBILES,SMART PHONES,0-Month,1,5042.61,0.0,0.0,5042.61,756.4,5799.01
2023-07-29,2321017279,RECA,7233,,INV,JUL,2023,TPC,MM-EG25PB(BK),TOSHIBA,"25L GRILL MICROWAVE, DIGITAL, STEEL, 220V, 60HZ - Black",SDA,MICROWAVE,GRILL,0-Month,1,520.87,-86.96,16.7,433.91,65.09,499.0
2023-07-29,2321017274,RECA,7233,,INV,JUL,2023,TPC,RWF-W1615BU(K),TOSHIBA,"Water Cooler,BL,3 taps,50/60HZ,SS Tank,ICED-COLD Technology",SDA,WATER DISPENSER,FREE STANDING,0-Month,1,868.7,-86.96,10.01,781.74,117.26,899.0
2023-08-01,2311045526,RECA,7233,,INV,AUG,2023,EAC,SJ-K155X-SL,SHARP,"122L / 4.3 Cu ft, Single Door Refrigerator, R600a, 60Hz, Silver color",HA,REFRIGERATORS,MINI BAR,0-Month,1,955.65,-86.95,9.1,868.7,130.3,999.0
2023-08-03,2311048452,RECA,7233,,INV,AUG,2023,EAC,DWD77TDP,DORA,"Top and Bottom Loading Water Dispenser, black with SS",SDA,WATER DISPENSER,FREE STANDING,0-Month,1,1042.61,-365.22,35.03,677.39,101.61,779.0
2023-08-03,2311048523,RECA,7233,,INV,AUG,2023,EAC,WWS24G23WI,WHITE WESTINGHOUSE,Indoor Split A/C 22100 BTU Cool,HVPAC,WALL SPLITS,SAC WALL ROTARY,0-Month,2,1303.91,0.0,0.0,2607.82,391.18,2999.0
2023-08-03,2311048523,RECA,7233,,INV,AUG,2023,EAC,WWS18G22C,WHITE WESTINGHOUSE,Outdoor Split A/C 17800 BTU Cool,HVPAC,WALL SPLITS,SAC WALL ROTARY,0-Month,3,1130.0,0.0,0.0,3390.0,508.5,3898.5
2023-08-04,2311048553,REUI,7596,,INV,AUG,2023,EAC,WWS30T22PI,WHITE WESTINGHOUSE,Indoor Split A/C 27800 BTU Cool,HVPAC,WALL SPLITS,SAC WALL ROTARY,0-Month,1,2260.43,-739.13,32.7,1521.3,228.2,1749.5
2023-08-05,2311048568,REUI,7561,,INV,AUG,2023,EAC,WWS24G23WI,WHITE WESTINGHOUSE,Indoor Split A/C 22100 BTU Cool,HVPAC,WALL SPLITS,SAC WALL ROTARY,0-Month,1,1303.91,0.0,0.0,1303.91,195.59,1499.5
2023-08-06,2321018268,RECA,7233,,INV,AUG,2023,TPC,MM-EG34PB(BK),TOSHIBA,"34L GRILL MICROWAVE, DIGITAL, STEEL, 220V, 60HZ - Black",SDA,MICROWAVE,GRILL,0-Month,1,520.87,-43.48,8.35,477.39,71.61,549.0
2023-08-14,2311050215,RECA,7233,,INV,AUG,2023,EAC,WWS30T22PI,WHITE WESTINGHOUSE,Indoor Split A/C 27800 BTU Cool,HVPAC,WALL SPLITS,SAC WALL ROTARY,0-Month,1,2260.43,-739.13,32.7,1521.3,228.2,1749.5
2023-08-15,2311050390,RECA,7233,,INV,AUG,2023,EAC,PIPE V-12/18,WHITE WESTINGHOUSE,4 Meter copper pipe for 12K/18K Split AC,HVPAC,ACCESSORIES,PIPE,0-Month,2,0.01,0.0,0.0,0.02,0.01,0.03
2023-08-20,2311051289,RECA,7233,,INV,AUG,2023,EAC,WWCFAK450,WHITE WESTINGHOUSE,"CHEST FREEZER 14.8 CU FT, 230V 60HZ, R600A",HA,FREEZERS,CHEST FREEZERS,0-Month,1,1738.26,-152.16,8.75,1586.1,237.91,1824.01
2023-08-28,2311052649,RECA,4207,,INV,AUG,2023,EAC,PIPE V-30/36,WHITE WESTINGHOUSE,5 Meter copper pipe for 30K/36K Split AC,HVPAC,ACCESSORIES,PIPE,0-Month,1,0.01,0.0,0.0,0.01,0.01,0.02
2023-08-28,2311052655,REEM,3029,,INV,AUG,2023,EAC,WWS24K23I,WHITE WESTINGHOUSE,Indoor split  A/C 23000 BTU Cool - WiFi,HVPAC,WALL SPLITS,SAC WALL ROTARY,0-Month,3,1260.43,-130.41,3.45,3650.88,547.63,4198.51
2023-08-30,2311053166,RECA,7233,,INV,AUG,2023,EAC,DS18T23WC,DORA,Outdoor Split A/C 18000 BTU Cool WiFi HI-EER Class D R410A.,HVPAC,WALL SPLITS,SAC WALL ROTARY,0-Month,2,977.83,-130.44,6.67,1825.22,273.78,2099.0
2023-08-31,2311053750,RECA,7233,,INV,AUG,2023,EAC,WWS24K23C,WHITE WESTINGHOUSE,Outdoor split  A/C 23000 BTU Cool - WiFi,HVPAC,WALL SPLITS,SAC WALL ROTARY,0-Month,1,1260.43,-43.47,3.45,1216.96,182.54,1399.5
2023-09-02,2311054366,RECA,7233,,INV,SEP,2023,EAC,65DYAC40,DORA,"65 Inch, UHD 4K, Android 11, Dolby Audio, 2.1 HDMI",CE,LCD/LED TV,LED TV,0-Month,1,1825.22,-173.92,9.53,1651.3,247.7,1899.0
2023-09-03,2311054390,REEM,3064,,INV,SEP,2023,EAC,WWS18K23I,WHITE WESTINGHOUSE,Indoor split  A/C 18400 BTU Cool - WiFi,HVPAC,WALL SPLITS,SAC WALL ROTARY,0-Month,1,999.57,-43.49,4.35,956.08,143.41,1099.49
2023-09-05,2311054645,REEM,3540,,INV,SEP,2023,EAC,70SUE9350F,SKYWORTH,"SKYWORTH 70"" Google TV UHD 4K HDR SMART LED TV",CE,LCD/LED TV,LED TV,0-Month,2,2260.0,-521.74,11.54,3998.26,599.73,4597.99
2023-09-17,2321022800,RECA,7233,,INV,SEP,2023,TPC,GR-A820ATE(W),TOSHIBA,"FRIDGE 21.50 CFT (608L), INVERTER, 230V, 50/60HZ - WHITE",HA,REFRIGERATORS,TOP MOUNT,0-Month,1,4086.09,-869.57,21.28,3216.52,482.48,3699.0
2023-09-21,2321023155,RECA,7233,,INV,SEP,2023,TPC,WTS14HHWK,LG,WM TL 14KG / TurboDrum / Full STS Drum /  Wi-Fi / DD Motor,HA,LAUNDRY A,FA TOP LOADING,0-Month,1,2782.0,0.0,0.0,2782.0,417.3,3199.3
2023-09-23,2311063431,RECA,7233,,INV,SEP,2023,EAC,E7CM1-50GB,ELECTROLUX,"Coffee Maker, Black with Aroma - Explore 7",SDA,LHA,COFFEE MAKER,0-Month,1,433.91,-433.9,100.0,0.01,0.0,0.01
2023-09-26,2311063858,RECA,7233,,INV,SEP,2023,EAC,EK-EER73DB,ELECTROLUX,FLOOR STICK RECHARGEABLE 14.4V,SDA,VACCUM CLEANERS,CANNISTER,0-Month,1,668.7,-668.69,100.0,0.01,0.0,0.01
2023-09-28,2311065273,RECA,4207,,INV,SEP,2023,EAC,WWA25G22R,WHITE WESTINGHOUSE,Window A/C 21800 BTU Cool,HVPAC,WAC,WAC ROTARY,0-Month,1,1738.26,-86.91,5.0,1651.35,247.7,1899.05
2023-09-30,2311065923,RECA,4207,,INV,SEP,2023,EAC,WWS24G23WC,WHITE WESTINGHOUSE,Outdoor Split A/C 22100 BTU Cool WiFi,HVPAC,WALL SPLITS,SAC WALL ROTARY,0-Month,1,1303.91,-65.22,5.0,1238.69,185.8,1424.49
2023-09-30,2311066008,RECA,4207,,INV,SEP,2023,EAC,WWS24G23WC,WHITE WESTINGHOUSE,Outdoor Split A/C 22100 BTU Cool WiFi,HVPAC,WALL SPLITS,SAC WALL ROTARY,0-Month,4,1303.91,-260.8,5.0,4954.84,743.23,5698.07
2023-10-17,2311071466,RECA,7233,,INV,OCT,2023,EAC,WWS24K23C,WHITE WESTINGHOUSE,Outdoor split  A/C 23000 BTU Cool - WiFi,HVPAC,WALL SPLITS,SAC WALL ROTARY,0-Month,2,1260.43,-451.3,17.9,2069.56,310.43,2379.99
2023-10-17,2311071466,RECA,7233,,INV,OCT,2023,EAC,WWS24K23I,WHITE WESTINGHOUSE,Indoor split  A/C 23000 BTU Cool - WiFi,HVPAC,WALL SPLITS,SAC WALL ROTARY,0-Month,2,1260.43,-451.3,17.9,2069.56,310.43,2379.99
2023-10-21,2311071965,RECA,7233,,INV,OCT,2023,EAC,DWD60UBW,DORA,"Bottom Loading UV Lamp Sterilizer, White, SS Tank",SDA,WATER DISPENSER,FREE STANDING,0-Month,1,1042.61,-304.35,29.19,738.26,110.74,849.0
2023-10-22,2321026922,RECA,7233,,INV,OCT,2023,TPC,AW-K900DUPBB(SG),TOSHIBA,"TL Washer 8kg,Pump,Great Wave,Glass Lid,60hz - Silver",HA,LAUNDRY A,FA TOP LOADING,0-Month,1,1738.26,-173.91,10.0,1564.35,234.65,1799.0
2023-10-30,2311073237,RECO,7183,,INV,OCT,2023,EAC,WWUF17TVS,WHITE WESTINGHOUSE,17 CuFt/481 Ltr SS Commercial Upright Freezer,HA,FREEZERS,UPRIGHT FREEZER,0-Month,1,3042.61,0.0,0.0,3042.61,456.4,3499.01
2023-07-06,2311041621,RECA,7233,,INV,JUL,2023,EAC,PIPE-36,WHITE WESTINGHOUSE,5 Meter copper pipe for 36K Split AC,HVPAC,ACCESSORIES,PIPE,0-Month,3,0.01,0.0,0.0,0.03,0.01,0.04
2023-07-06,2321016076,RECA,7233,,INV,JUL,2023,TPC,WFV0914WH,LG,WM FL 9KG / 1400 RPM / Wi-Fi / 6 Motion / AI DD Motor,HA,LAUNDRY A,FA FRONT LOADING,0-Month,1,2260.0,0.0,0.0,2260.0,339.0,2599.0
2023-07-11,2311042235,REUI,7561,,INV,JUL,2023,EAC,EK-EEWA7300AR,ELECTROLUX,KETTLE 2400W 1.7L  STAINLESS STEEL,SDA,LHA,ELECTRIC KETTLE,0-Month,1,260.0,-259.97,99.99,0.03,0.0,0.03
2023-07-11,2311042182,RECO,7183,,INV,JUL,2023,EAC,AU-A24ATS,SHARP,Outdoor Split A/C 21000 BTU Cool HI-EER Class D R410A,HVPAC,WALL SPLITS,SAC WALL ROTARY,0-Month,1,1282.17,-83.88,6.54,1198.29,179.74,1378.03
2023-07-13,2311042376,RECA,7233,,INV,JUL,2023,EAC,WWA25G22R,WHITE WESTINGHOUSE,Window A/C 21800 BTU Cool,HVPAC,WAC,WAC ROTARY,0-Month,1,1738.26,0.0,0.0,1738.26,260.74,1999.0
2023-07-15,2311042533,REUI,7561,,INV,JUL,2023,EAC,HS24CPO23,HISENSE,Outdoor Split A/C 23000 BTU Cool - WiFi,HVPAC,WALL SPLITS,SAC WALL ROTARY,0-Month,1,1325.65,-30.43,2.3,1295.22,194.28,1489.5
2023-07-18,2311043115,RECA,7233,,INV,JUL,2023,EAC,PIPE-30,WHITE WESTINGHOUSE,5 Meter copper pipe for 30K Split AC,HVPAC,ACCESSORIES,PIPE,0-Month,1,0.01,0.0,0.0,0.01,0.01,0.02
2023-07-19,2321016873,RECA,7233,,INV,JUL,2023,TPC,GR-RT624WE-PMU(37),TOSHIBA,"Fridge 16.40 Cft (463L), Inverter - Satin Grey",HA,REFRIGERATORS,TOP MOUNT,0-Month,1,2607.83,0.0,0.0,2607.83,391.18,2999.01
2023-07-20,2311043490,REEM,3027,,INV,JUL,2023,EAC,MQ9E3AH/A,APPLE MACINTOSH,iPhone 14 Pro Max 256GB Deep Purple,TELECOM,MOBILES,SMART PHONES,0-Month,1,5042.61,-434.78,8.62,4607.83,691.18,5299.01
2023-07-22,2311043590,RECA,7233,,INV,JUL,2023,EAC,DWD40TBS,DORA,"Bottom Loading Water Dispenser, Black SS, SS Tank",SDA,WATER DISPENSER,FREE STANDING,0-Month,1,868.7,-173.92,20.02,694.78,104.22,799.0
2023-07-25,2321017193,RECO,7183,,INV,JUL,2023,TPC,GR-H675ABEZZ(W),TOSHIBA,"FRIDGE 18.00 CFT (510L), INVERTER, 230V 60HZ - WHITE",HA,REFRIGERATORS,TOP MOUNT,0-Month,1,2868.7,-187.67,6.54,2681.03,402.15,3083.18
2023-07-31,2311044407,RECA,7233,,INV,JUL,2023,EAC,WWS24G23WC,WHITE WESTINGHOUSE,Outdoor Split A/C 22100 BTU Cool WiFi,HVPAC,WALL SPLITS,SAC WALL ROTARY,0-Month,1,1303.91,0.0,0.0,1303.91,195.59,1499.5
2023-08-01,2321018002,REUI,1879,,INV,AUG,2023,TPC,VH-L90WBB(WW),TOSHIBA,"TWIN TUB WASHER 8.0 KG, 220-230V 60HZ",HA,LAUNDRY TT,TWIN-TUB,0-Month,1,955.65,-86.87,9.09,868.78,130.31,999.09
2023-08-02,2311045623,REEM,3064,,INV,AUG,2023,EAC,WWA25G9R,WHITE WESTINGHOUSE,Window A/C 21800 BTU Cool HI-EER Class F R410A,HVPAC,WAC,WAC ROTARY,0-Month,1,2129.57,-391.31,18.38,1738.26,260.74,1999.0
2023-08-02,2311048300,RECA,4207,,INV,AUG,2023,EAC,DS24T23WI,DORA,Indoor Split A/C 22000 BTU Cool WiFi HI-EER Class D R410A,HVPAC,WALL SPLITS,SAC WALL ROTARY,0-Month,3,1216.96,-429.15,11.75,3221.73,483.26,3704.99
2023-08-03,2311048442,RECA,7233,,INV,AUG,2023,EAC,WWS18G22I,WHITE WESTINGHOUSE,Indoor Split A/C 17800 BTU Cool,HVPAC,WALL SPLITS,SAC WALL ROTARY,0-Month,1,1130.0,0.0,0.0,1130.0,169.5,1299.5
2023-08-05,2311048567,RECA,4207,,INV,AUG,2023,EAC,EC-CAS2121-Z,SHARP,"VAC CLNR DRUM, 21L, 2100W,METAL TUBE - RED",SDA,VACCUM CLEANERS,CANNISTER,0-Month,1,460.0,-108.7,23.63,351.3,52.69,403.99
2023-08-05,2311048558,RECA,7233,,INV,AUG,2023,EAC,WWS24G23WI,WHITE WESTINGHOUSE,Indoor Split A/C 22100 BTU Cool,HVPAC,WALL SPLITS,SAC WALL ROTARY,0-Month,1,1303.91,0.0,0.0,1303.91,195.59,1499.5
2023-08-07,2311048735,REUI,7596,,INV,AUG,2023,EAC,AU-A12WCS,SHARP,Outdoor Split A/C 11600 BTU Cool HI-EER Class D R410A,HVPAC,WALL SPLITS,SAC WALL ROTARY,0-Month,1,1216.96,-413.05,33.94,803.91,120.59,924.5
2023-08-08,2311048915,RECA,4207,,INV,AUG,2023,EAC,WWR9VS650,WHITE WESTINGHOUSE,Fridge 22.96 Cu Ft/650 Ltr SS Inverter Compressor,HA,REFRIGERATORS,TOP MOUNT,0-Month,1,3738.26,-1000.0,26.75,2738.26,410.74,3149.0
2023-08-09,2311049413,REEM,3029,,INV,AUG,2023,EAC,MQ9E3AH/A,APPLE MACINTOSH,iPhone 14 Pro Max 256GB Deep Purple,TELECOM,MOBILES,SMART PHONES,0-Month,2,5042.61,-869.56,8.62,9215.66,1382.35,10598.01
2023-08-17,2311050833,RECA,7233,,INV,AUG,2023,EAC,65SUE9500,SKYWORTH,"SKYWORTH  65"" QLED Google TV UHD 4K HDR SMART TV",CE,LCD/LED TV,LED TV,0-Month,1,2086.0,-260.79,12.5,1825.21,273.78,2098.99
2023-08-23,2311051596,REUI,7596,,INV,AUG,2023,EAC,65SUE9500,SKYWORTH,"SKYWORTH  65"" QLED Google TV UHD 4K HDR SMART TV",CE,LCD/LED TV,LED TV,0-Month,1,2086.0,-260.79,12.5,1825.21,273.78,2098.99
2023-08-26,2311051868,RECA,7233,,INV,AUG,2023,EAC,70SUE9350F,SKYWORTH,"SKYWORTH 70"" Google TV UHD 4K HDR SMART LED TV",CE,LCD/LED TV,LED TV,0-Month,1,2260.0,-260.87,11.54,1999.13,299.86,2298.99
2023-08-27,2311051971,RECA,7233,,INV,AUG,2023,EAC,WWFR21KS,WHITE WESTINGHOUSE,21 Cu Ft. SS Full Refrigerator Inverter Compressor R600a,HA,REFRIGERATORS,ALL REFRIGERATOR,0-Month,1,3216.52,-173.91,5.41,3042.61,456.39,3499.0
2023-08-27,2311052579,REEM,3064,,INV,AUG,2023,EAC,MQ9E3AH/A,APPLE MACINTOSH,iPhone 14 Pro Max 256GB Deep Purple,TELECOM,MOBILES,SMART PHONES,0-Month,1,5042.61,-434.78,8.62,4607.83,691.18,5299.01
2023-09-13,2311062278,REUI,7596,,INV,SEP,2023,EAC,WWS24K23I,WHITE WESTINGHOUSE,Indoor split  A/C 23000 BTU Cool - WiFi,HVPAC,WALL SPLITS,SAC WALL ROTARY,0-Month,1,1260.43,-43.47,3.45,1216.96,182.54,1399.5
2023-09-17,2321022796,RECA,7233,,INV,SEP,2023,TPC,TBA-36LMG5G089KS-SA,TOSHIBA,"Gas Cooker 90x60, 5 burner with Rotisserie & Convection - SS",HA,COOKING RANGE,GAS COOKER,0-Month,1,1999.13,0.0,0.0,1999.13,299.87,2299.0
2023-09-20,2311063167,RECA,7233,,INV,SEP,2023,EAC,E7CM1-50GB,ELECTROLUX,"Coffee Maker, Black with Aroma - Explore 7",SDA,LHA,COFFEE MAKER,0-Month,1,433.91,-433.87,99.99,0.04,0.0,0.04
2023-09-21,2321023164,REUI,7561,,INV,SEP,2023,TPC,AW-DK1775WUPBB(WK),TOSHIBA,"TL WASHER 15 KG,UFB WASH,SDD INVERTER,60HZ - WHITE/BLACK",HA,LAUNDRY A,FA TOP LOADING,0-Month,1,2433.91,-478.26,19.65,1955.65,293.35,2249.0
2023-09-21,2321023157,RECA,4207,,INV,SEP,2023,TPC,TD-K90MEBB(WK),TOSHIBA,"Dryer, 8kg, Inverter, Condensing, 60hz - White",HA,LAUNDRY,DRYER,0-Month,1,2173.04,-695.65,32.01,1477.39,221.61,1699.0
2023-09-20,2311063220,RECA,7233,,INV,SEP,2023,EAC,WWS24G23WC,WHITE WESTINGHOUSE,Outdoor Split A/C 22100 BTU Cool WiFi,HVPAC,WALL SPLITS,SAC WALL ROTARY,0-Month,2,1303.91,0.0,0.0,2607.82,391.18,2999.0
2023-09-20,2311063222,RECA,7233,,INV,SEP,2023,EAC,DPA25T23R,DORA,Window A/C 20000 BTU Cool HI-EER Class F R410A,HVPAC,WAC,WAC ROTARY,0-Month,1,1564.34,0.0,0.0,1564.34,234.66,1799.0
2023-09-21,2321023152,REUI,7287,,INV,SEP,2023,TPC,DW-14F2ME(SS),TOSHIBA,Dish Washer FS 14 Place Settings 8 Prog Stainless Steel,HA,DISH WASHER,FREE STANDING,0-Month,1,2086.09,-173.83,8.33,1912.26,286.84,2199.1
2023-09-22,2311063407,RECA,7233,,INV,SEP,2023,EAC,EK-EER73DB,ELECTROLUX,FLOOR STICK RECHARGEABLE 14.4V,SDA,VACCUM CLEANERS,CANNISTER,0-Month,1,668.7,-668.69,100.0,0.01,0.0,0.01
2023-09-24,2311063449,RECA,7233,,INV,SEP,2023,EAC,WWA20K22R,WHITE WESTINGHOUSE,Window A/C 18000 BTU Cool,HVPAC,WAC,WAC ROTARY,0-Month,1,1346.96,-43.49,3.23,1303.47,195.52,1498.99
2023-09-25,2311063673,RECA,7233,,INV,SEP,2023,EAC,EK-EER73DB,ELECTROLUX,FLOOR STICK RECHARGEABLE 14.4V,SDA,VACCUM CLEANERS,CANNISTER,0-Month,1,668.7,-668.63,99.99,0.07,0.01,0.08
2023-09-26,2321023853,REUI,7561,,INV,SEP,2023,TPC,VC-DR220ABF(G),TOSHIBA,"VAC CLNR DRUM, 22L, 2200W,S Steel Tube - Blck/Grey",SDA,VACCUM CLEANERS,DRUM,0-Month,1,564.35,-130.44,23.11,433.91,65.09,499.0
2023-09-27,2311064615,RECA,7233,,INV,SEP,2023,EAC,HS24CPVO23,HISENSE,Outdoor Split A/C 24000 BTU Cool - Inverter - WiFi,HVPAC,WALL SPLITS,SAC WALL ROTARY,0-Month,1,1543.04,-282.61,18.32,1260.43,189.06,1449.49
2023-09-28,2311064985,RECA,7233,,INV,SEP,2023,EAC,50DYAC40,DORA,"50 Inch, UHD 4K, Android 11, Dolby Audio, 2.1 HDMI",CE,LCD/LED TV,LED TV,0-Month,1,1173.04,-217.39,18.53,955.65,143.35,1099.0
2023-09-30,2311065985,RECA,7233,,INV,SEP,2023,EAC,32STD4000,SKYWORTH,"Skyworth 32"" Smart LED TV",CE,LCD/LED TV,LED TV,0-Month,1,782.0,-348.09,44.51,433.91,65.08,498.99
2023-10-02,2311066195,RECA,4207,,INV,OCT,2023,EAC,WWS12K23I,WHITE WESTINGHOUSE,Indoor split  A/C 12000 BTU Cool - WiFi,HVPAC,WALL SPLITS,SAC WALL ROTARY,0-Month,1,847.39,-83.68,9.88,763.71,114.55,878.26
2023-10-02,2311066242,RECA,4207,,INV,OCT,2023,EAC,EO-42NK-3,SHARP,E. Oven 42L 1800W Rotisserie,SDA,LHA,DEEP FRYER,0-Month,1,433.91,-43.39,10.0,390.52,58.58,449.1
2023-10-18,2311071748,RECA,7233,,INV,OCT,2023,EAC,SJ-K135X-SL,SHARP,"90L / 3.2 Cu ft, Single Door Refrigerator, R600a, 60Hz, Silver color",HA,REFRIGERATORS,MINI BAR,0-Month,1,781.74,-86.96,11.12,694.78,104.22,799.0
2023-10-22,2311072114,REUI,7596,,INV,OCT,2023,EAC,WWTLAVS16,WHITE WESTINGHOUSE,TL Washer 16KG with Pump Silver Color,HA,LAUNDRY A,FA TOP LOADING,0-Month,1,1738.26,0.0,0.0,1738.26,260.74,1999.0
2023-10-27,2321027354,REUI,7561,,INV,OCT,2023,TPC,DW-14F2ME(BS),TOSHIBA,Dish Washer FS 14 Place Settings 8 Prog Black SS,HA,DISH WASHER,FREE STANDING,0-Month,1,2260.0,-521.74,23.09,1738.26,260.73,1998.99
2023-07-02,2311038618,REUI,1879,,INV,JUL,2023,EAC,WWS18G22C,WHITE WESTINGHOUSE,Outdoor Split A/C 17800 BTU Cool,HVPAC,WALL SPLITS,SAC WALL ROTARY,0-Month,3,1130.0,-308.16,9.09,3081.84,462.27,3544.11
2023-07-02,2321015848,REUI,1879,,INV,JUL,2023,TPC,DFB415FP,LG,14 Place Setting / NFC / 9 Wash Cycles / 7 Options,HA,DISH WASHER,FREE STANDING,0-Month,1,2695.0,-244.98,9.09,2450.02,367.5,2817.52
2023-07-05,2311041490,RECA,7233,,INV,JUL,2023,EAC,PIPE V-12/18,WHITE WESTINGHOUSE,4 Meter copper pipe for 12K/18K Split AC,HVPAC,ACCESSORIES,PIPE,0-Month,3,0.01,0.0,0.0,0.03,0.01,0.04
2023-07-12,2311042258,RECA,7233,,INV,JUL,2023,EAC,DS18T23WC,DORA,Outdoor Split A/C 18000 BTU Cool WiFi HI-EER Class D R410A.,HVPAC,WALL SPLITS,SAC WALL ROTARY,0-Month,1,977.83,-65.22,6.67,912.61,136.89,1049.5
2023-07-16,2311042865,RECA,7233,,INV,JUL,2023,EAC,EK-EDBT800AR,ELECTROLUX,STEAM IRON TRAVEL 800W,SDA,LHA,IRON,0-Month,1,94.78,-43.48,45.87,51.3,7.69,58.99
2023-07-19,2311043270,RECA,7233,,INV,JUL,2023,EAC,WWFLC10VW1208(S),WHITE WESTINGHOUSE,"COMBO 12W/8D KG,WITH PUMP,BLDC Inverter Motor,1400RPM-SILVER",HA,LAUNDRY A,FA FRONT LOADING,0-Month,1,2955.65,-347.82,11.77,2607.83,391.17,2999.0
2023-07-19,2311043270,RECA,7233,,INV,JUL,2023,EAC,PIPE V-12/18,WHITE WESTINGHOUSE,4 Meter copper pipe for 12K/18K Split AC,HVPAC,ACCESSORIES,PIPE,0-Month,1,0.01,0.0,0.0,0.01,0.01,0.02
2023-07-20,2321017105,REUI,7287,,INV,JUL,2023,TPC,TBA-36LMG5G089KS-SA,TOSHIBA,"Gas Cooker 90x60, 5 burner with Rotisserie & Convection - SS",HA,COOKING RANGE,GAS COOKER,0-Month,1,1999.13,0.0,0.0,1999.13,299.87,2299.0
2023-07-20,2321017082,REEM,3027,,INV,JUL,2023,TPC,AW-K900DUPBB(SG),TOSHIBA,"TL Washer 8kg,Pump,Great Wave,Glass Lid,60hz - Silver",HA,LAUNDRY A,FA TOP LOADING,0-Month,1,1999.13,-434.78,21.75,1564.35,234.65,1799.0
2023-07-20,2311043502,RECA,7233,,INV,JUL,2023,EAC,EWF1141AESA,ELECTROLUX,11KG UltimateCare FL Washer with Vapour Care Technology,HA,LAUNDRY A,FA FRONT LOADING,0-Month,1,3651.3,-1495.65,40.96,2155.65,323.35,2479.0
2023-07-25,2321017212,RECA,7233,,INV,JUL,2023,TPC,TW-BK80S2BB(WK),TOSHIBA,"FL Washer 7 kg, 1200 RPM, Real Inverter, 50/60HZ, Thailand",HA,LAUNDRY A,FA FRONT LOADING,0-Month,1,1738.26,-86.96,5.0,1651.3,247.69,1898.99
2023-08-02,2311048325,RECA,4207,,INV,AUG,2023,EAC,WWS24G23WI,WHITE WESTINGHOUSE,Indoor Split A/C 22100 BTU Cool,HVPAC,WALL SPLITS,SAC WALL ROTARY,0-Month,1,1303.91,-65.21,5.0,1238.7,185.8,1424.5
2023-08-02,2311048329,RECA,7233,,INV,AUG,2023,EAC,DWD77TDP,DORA,"Top and Bottom Loading Water Dispenser, black with SS",SDA,WATER DISPENSER,FREE STANDING,0-Month,1,1042.61,-365.22,35.03,677.39,101.61,779.0
2023-08-06,2311048655,RECA,4207,,INV,AUG,2023,EAC,DS18T23WC,DORA,Outdoor Split A/C 18000 BTU Cool WiFi HI-EER Class D R410A.,HVPAC,WALL SPLITS,SAC WALL ROTARY,0-Month,5,977.83,-554.25,11.34,4334.9,650.24,4985.14
2023-08-06,2311048655,RECA,4207,,INV,AUG,2023,EAC,DS24T23WI,DORA,Indoor Split A/C 22000 BTU Cool WiFi HI-EER Class D R410A,HVPAC,WALL SPLITS,SAC WALL ROTARY,0-Month,1,1216.96,-143.05,11.75,1073.91,161.09,1235.0
2023-08-07,2311048770,REEM,4250,,INV,AUG,2023,EAC,DS18T23WI,DORA,Indoor Split A/C 18000 BTU Cool WiFi HI-EER Class D R410A,HVPAC,WALL SPLITS,SAC WALL ROTARY,0-Month,1,977.83,-65.22,6.67,912.61,136.89,1049.5
2023-08-09,2318002470,REUI,7561,,CM,AUG,2023,EAC,WWS30T22PC,WHITE WESTINGHOUSE,Outdoor Split A/C 27800 BTU Cool,HVPAC,WALL SPLITS,SAC WALL ROTARY,0-Month,-1,2260.43,739.13,32.7,-1521.3,-228.2,-1749.5
2023-08-09,2311049411,RECA,7233,,INV,AUG,2023,EAC,DA20K23R,DORA,Window A/C 18000 BTU Cool Hi-EER Class F R410A,HVPAC,WAC,WAC ROTARY,0-Month,1,1260.0,-43.48,3.45,1216.52,182.47,1398.99
2023-08-12,2321018769,REUI,7596,,INV,AUG,2023,TPC,WFV0914XM,LG,WM FL 9KG / 1400 RPM / Wi-Fi / 6 Motion / AI DD Motor,HA,LAUNDRY A,FA FRONT LOADING,0-Month,1,2608.0,0.0,0.0,2608.0,391.2,2999.2
2023-08-19,2321019557,RECA,7233,,INV,AUG,2023,TPC,TW-BL90A4BB(SS),TOSHIBA,"FL Washer,T11,8kg,1400RPM,Origin Inverter,Great Waves-Silver",HA,LAUNDRY A,FA FRONT LOADING,0-Month,1,1825.22,-239.12,13.1,1586.1,237.92,1824.02
2023-08-22,2311051496,RECA,7233,,INV,AUG,2023,EAC,PIPE-30,WHITE WESTINGHOUSE,5 Meter copper pipe for 30K Split AC,HVPAC,ACCESSORIES,PIPE,0-Month,1,0.01,0.0,0.0,0.01,0.01,0.02
2023-08-26,2311051855,RECA,7233,,INV,AUG,2023,EAC,AH-A12WCS,SHARP,Indoor Split A/C 11600 BTU Cool HI-EER Class D R410A,HVPAC,WALL SPLITS,SAC WALL ROTARY,0-Month,1,1216.96,-413.05,33.94,803.91,120.59,924.5
2023-08-28,2311052655,REEM,3029,,INV,AUG,2023,EAC,WWS30K23C,WHITE WESTINGHOUSE,Outdoor split  A/C 27000 BTU Cool - WiFi,HVPAC,WALL SPLITS,SAC WALL ROTARY,0-Month,1,1738.7,-43.48,2.5,1695.22,254.28,1949.5
2023-08-29,2318002575,REUI,7596,,CM,AUG,2023,EAC,WWS24K23C,WHITE WESTINGHOUSE,Outdoor split  A/C 23000 BTU Cool - WiFi,HVPAC,WALL SPLITS,SAC WALL ROTARY,0-Month,-1,1260.43,43.47,3.45,-1216.96,-182.54,-1399.5
2023-08-30,2311053131,REUI,7596,,INV,AUG,2023,EAC,WWTLAVS14,WHITE WESTINGHOUSE,TL Washer 14KG with Pump Silver Color,HA,LAUNDRY A,FA TOP LOADING,0-Month,1,1564.35,0.0,0.0,1564.35,234.66,1799.01
2023-09-13,2311062255,RECA,7233,,INV,SEP,2023,EAC,WWA20K22R,WHITE WESTINGHOUSE,Window A/C 18000 BTU Cool,HVPAC,WAC,WAC ROTARY,0-Month,1,1346.96,-43.49,3.23,1303.47,195.52,1498.99
2023-09-20,2311063220,RECA,7233,,INV,SEP,2023,EAC,PIPE V-24,WHITE WESTINGHOUSE,4 Meter copper pipe for 24K Split AC,HVPAC,ACCESSORIES,PIPE,0-Month,2,0.01,0.0,0.0,0.02,0.01,0.03
2023-09-21,2311063286,REUI,7287,,INV,SEP,2023,EAC,WWS12K23C,WHITE WESTINGHOUSE,Outdoor split  A/C 12000 BTU Cool - WiFi,HVPAC,WALL SPLITS,SAC WALL ROTARY,0-Month,2,847.39,-86.96,5.13,1607.82,241.17,1848.99
2023-09-23,2321023242,RECA,7233,,INV,SEP,2023,TPC,LT19HBHSLN,LG,Ref 2D 17.9 Cu. Ft / Bar Handle / Multi Air Flow / Wi-Fi,HA,REFRIGERATORS,TOP MOUNT,0-Month,1,2956.0,0.0,0.0,2956.0,443.4,3399.4
2023-09-25,2311063759,RECA,7233,,INV,SEP,2023,EAC,EK-EER73DB,ELECTROLUX,FLOOR STICK RECHARGEABLE 14.4V,SDA,VACCUM CLEANERS,CANNISTER,0-Month,1,668.7,-668.69,100.0,0.01,0.0,0.01
2023-09-25,2311063744,REUI,7561,,INV,SEP,2023,EAC,HS18CPVO23,HISENSE,Outdoor Split A/C 18400 BTU Cool - Inverter - WiFi,HVPAC,WALL SPLITS,SAC WALL ROTARY,0-Month,2,1325.65,-652.16,24.6,1999.14,299.87,2299.01
2023-09-26,2311064447,RECA,7233,,INV,SEP,2023,EAC,PIPE V-12/18,WHITE WESTINGHOUSE,4 Meter copper pipe for 12K/18K Split AC,HVPAC,ACCESSORIES,PIPE,0-Month,1,0.01,0.0,0.0,0.01,0.01,0.02
2023-10-07,2311070091,RECA,7233,,INV,OCT,2023,EAC,WWA20K22R,WHITE WESTINGHOUSE,Window A/C 18000 BTU Cool,HVPAC,WAC,WAC ROTARY,0-Month,1,1346.96,-43.49,3.23,1303.47,195.52,1498.99
2023-10-08,2311070258,RECA,4207,,INV,OCT,2023,EAC,WWS12K23I,WHITE WESTINGHOUSE,Indoor split  A/C 12000 BTU Cool - WiFi,HVPAC,WALL SPLITS,SAC WALL ROTARY,0-Month,1,847.39,-83.48,9.85,763.91,114.58,878.49
2023-10-10,2321025723,RECA,4207,,INV,OCT,2023,TPC,VH-J150WBB,TOSHIBA,"TWIN TUB WASHER 14.0 KG, 220-230V 60HZ",HA,LAUNDRY TT,TWIN-TUB,0-Month,1,1564.35,-313.05,20.01,1251.3,187.7,1439.0
2023-10-12,2311071027,RECA,7233,,INV,OCT,2023,EAC,R-20AS(W),SHARP,"20L BASIC MICROWAVE, WHITE, 220V/60HZ - White",SDA,MICROWAVE,BASIC,0-Month,1,242.61,0.0,0.0,242.61,36.4,279.01
2023-10-14,2311071106,RECA,7233,,INV,OCT,2023,EAC,WWA25G22HR,WHITE WESTINGHOUSE,Window A/C 21400 BTU H/C,HVPAC,WAC,WAC ROTARY,0-Month,1,1825.22,-43.48,2.38,1781.74,267.26,2049.0
2023-10-16,2311071403,RECA,7233,,INV,OCT,2023,EAC,DWD77TDP,DORA,"Top and Bottom Loading Water Dispenser, black with SS",SDA,WATER DISPENSER,FREE STANDING,0-Month,1,1042.61,-365.22,35.03,677.39,101.61,779.0
2023-10-19,2321026758,REUI,7561,,INV,OCT,2023,TPC,RH16U8EVCW,LG,Dryer 16KG DUAL Inverter Dryer / sensor dry / ThinQ (Wi-Fi),HA,LAUNDRY A,DRYER,0-Month,1,9999.0,-5217.0,52.18,4782.0,717.3,5499.3
2023-10-22,2311072040,RECA,7233,,INV,OCT,2023,EAC,E6AF1-720S,ELECTROLUX,"Air Fryer, Stainless Steel with Touch - Explore 6",SDA,LHA,DEEP FRYER,0-Month,1,477.39,-220.68,46.23,256.71,38.5,295.21
2023-10-25,2311072620,REUI,1879,,INV,OCT,2023,EAC,HS24CPVI23,HISENSE,Indoor Split A/C 24000 BTU Cool - Inverter - WiFi,HVPAC,WALL SPLITS,SAC WALL ROTARY,0-Month,1,1543.04,-282.61,18.32,1260.43,189.06,1449.49
2023-10-30,2311073195,REEM,3035,,INV,OCT,2023,EAC,5109AUDV-PO,HONOR,Honor 90 5G 8GB+256GB Midnight Black With Gifts,TELECOM,MOBILES,SMART PHONES,0-Month,1,1477.0,0.0,0.0,1477.0,221.55,1698.55
2023-10-31,2311073482,REUI,7596,,INV,OCT,2023,EAC,PIPE V-30/36,WHITE WESTINGHOUSE,5 Meter copper pipe for 30K/36K Split AC,HVPAC,ACCESSORIES,PIPE,0-Month,1,0.01,0.0,0.0,0.01,0.01,0.02
2023-10-31,2311073716,RECA,7233,,INV,OCT,2023,EAC,EO-G120-K3,SHARP,"E. Oven 100L 2800W Rotisserie, Convection, Interior Light",SDA,LHA,DEEP FRYER,0-Month,1,694.78,0.0,0.0,694.78,104.22,799.0
2023-07-06,2318002179,RECA,7233,,CM,JUL,2023,EAC,EK-ZSPC2000,ELECTROLUX,2000 W 1.4L  BAGLESS CANISTER VACCUM CLEANER,SDA,VACCUM CLEANERS,CANNISTER,0-Month,-1,538.26,278.26,51.7,-260.0,-39.0,-299.0
2023-07-14,2311042475,RECA,7233,,INV,JUL,2023,EAC,AU-A12WCS,SHARP,Outdoor Split A/C 11600 BTU Cool HI-EER Class D R410A,HVPAC,WALL SPLITS,SAC WALL ROTARY,0-Month,1,1216.96,-413.05,33.94,803.91,120.59,924.5
2023-07-15,2321016468,REUI,7596,,INV,JUL,2023,TPC,DW-14F2ME(SS),TOSHIBA,Dish Washer FS 14 Place Settings 8 Prog Stainless Steel,HA,DISH WASHER,FREE STANDING,0-Month,1,2607.83,-521.74,20.01,2086.09,312.91,2399.0
2023-07-15,2311042525,RECA,7233,,INV,JUL,2023,EAC,WWA20G22R,WHITE WESTINGHOUSE,Window A/C 18000 BTU Cool,HVPAC,WAC,WAC ROTARY,0-Month,1,1433.91,0.0,0.0,1433.91,215.09,1649.0
2023-07-16,2321016737,RECA,7233,,INV,JUL,2023,TPC,GR-A33AS(SK),TOSHIBA,"FRIDGE 8.1 CFT (231L), 230V 60HZ - Metallic Grey",HA,REFRIGERATORS,TOP MOUNT,0-Month,1,1825.22,-370.3,20.29,1454.92,218.24,1673.16
2023-07-19,2311043221,RECA,7233,,INV,JUL,2023,EAC,DWD76TDS,DORA,"Top and Bottom Loading Water Dispenser, black with SS DWD76TDS",SDA,WATER DISPENSER,FREE STANDING,0-Month,1,1042.61,-365.22,35.03,677.39,101.61,779.0
2023-07-27,2321017253,REUI,7596,,INV,JUL,2023,TPC,AW-DK1775WUPBB(WK),TOSHIBA,"TL WASHER 15 KG,UFB WASH,SDD INVERTER,60HZ - WHITE/BLACK",HA,LAUNDRY A,FA TOP LOADING,0-Month,1,2433.91,-260.87,10.72,2173.04,325.95,2498.99
2023-07-30,2311044181,REUI,7561,,INV,JUL,2023,EAC,WWA20K22R,WHITE WESTINGHOUSE,Window A/C 18000 BTU Cool,HVPAC,WAC,WAC ROTARY,0-Month,1,1303.48,-0.01,0.0,1303.47,195.52,1498.99
2023-08-02,2311045631,RECA,7233,,INV,AUG,2023,EAC,WWS30T22PI,WHITE WESTINGHOUSE,Indoor Split A/C 27800 BTU Cool,HVPAC,WALL SPLITS,SAC WALL ROTARY,0-Month,1,2260.43,-739.13,32.7,1521.3,228.2,1749.5
2023-08-03,2311048481,RECA,7233,,INV,AUG,2023,EAC,WWS24G23WC,WHITE WESTINGHOUSE,Outdoor Split A/C 22100 BTU Cool WiFi,HVPAC,WALL SPLITS,SAC WALL ROTARY,0-Month,1,1303.91,0.0,0.0,1303.91,195.59,1499.5
2023-08-14,2321019020,REEM,3063,,INV,AUG,2023,TPC,OLED55CS6LA,LG,"LG 4K OLED Smart TV 55"" SeriesCS, a9 Gen5 4K Proc, G-SyncFSG",CE,LCD/LED TV,LED TV,0-Month,1,4782.0,0.0,0.0,4782.0,717.3,5499.3
2023-08-16,2311050788,REUI,7561,,INV,AUG,2023,EAC,WWA20K22R,WHITE WESTINGHOUSE,Window A/C 18000 BTU Cool,HVPAC,WAC,WAC ROTARY,0-Month,2,1303.48,-0.02,0.0,2606.94,391.04,2997.98
2023-08-18,2321019552,REUI,7561,,INV,AUG,2023,TPC,TW-BK110G4BB(SK),TOSHIBA,"FL Washer 10kg,1400 RPM,Orgn Inverter,Digital Display-Silver",HA,LAUNDRY A,FA FRONT LOADING,0-Month,1,2260.0,-239.11,10.58,2020.89,303.13,2324.02
2023-08-28,2321020672,RECA,7233,,INV,AUG,2023,TPC,VH-L150WBB(WW),TOSHIBA,"TWIN TUB WASHER 14.0 KG, 220-230V 60HZ",HA,LAUNDRY TT,TWIN-TUB,0-Month,1,1390.43,-43.47,3.13,1346.96,202.04,1549.0
2023-08-31,2311053276,RECA,7233,,INV,AUG,2023,EAC,WWS30T22PI,WHITE WESTINGHOUSE,Indoor Split A/C 27800 BTU Cool,HVPAC,WALL SPLITS,SAC WALL ROTARY,0-Month,1,2260.43,-739.13,32.7,1521.3,228.2,1749.5
2023-08-31,2311053731,REUI,7561,,INV,AUG,2023,EAC,WWS24G23WC,WHITE WESTINGHOUSE,Outdoor Split A/C 22100 BTU Cool WiFi,HVPAC,WALL SPLITS,SAC WALL ROTARY,0-Month,1,1303.91,0.0,0.0,1303.91,195.59,1499.5
2023-09-05,2311054697,REUI,7596,,INV,SEP,2023,EAC,HS24CPVO23,HISENSE,Outdoor Split A/C 24000 BTU Cool - Inverter - WiFi,HVPAC,WALL SPLITS,SAC WALL ROTARY,0-Month,1,1543.04,-30.43,1.97,1512.61,226.89,1739.5
2023-09-07,2311059653,RECA,7233,,INV,SEP,2023,EAC,WWTLAVS14,WHITE WESTINGHOUSE,TL Washer 14KG with Pump Silver Color,HA,LAUNDRY A,FA TOP LOADING,0-Month,1,1564.35,0.0,0.0,1564.35,234.66,1799.01
2023-09-11,2321021902,RECA,4207,,INV,SEP,2023,TPC,GR-RS780WI-PGU(22),TOSHIBA,"SBS 19.4 Cf-549L,Inverter,PBIO,Max Humid,Alloy Cool-Bk Glass",HA,REFRIGERATORS,SIDE BY SIDE,0-Month,1,3738.26,-373.91,10.0,3364.35,504.65,3869.0
2023-09-11,2311060185,RECA,7233,,INV,SEP,2023,EAC,EK-EWF9025MQSA,ELECTROLUX,9KG UltimateCare FL Washer with Vapour Care Technology,HA,LAUNDRY A,FA FRONT LOADING,0-Month,1,2390.43,-982.61,41.11,1407.82,211.17,1618.99
2023-10-02,2311066255,REUI,7561,,INV,OCT,2023,EAC,50DYAC40,DORA,"50 Inch, UHD 4K, Android 11, Dolby Audio, 2.1 HDMI",CE,LCD/LED TV,LED TV,0-Month,1,1173.04,-217.39,18.53,955.65,143.35,1099.0
2023-10-02,2311066231,REUI,7596,,INV,OCT,2023,EAC,WWRAK560(S),WHITE WESTINGHOUSE,"Fridge 19.9 CuFt, 564 Ltr, Inverter, R600a, Silver",HA,REFRIGERATORS,TOP MOUNT,0-Month,1,2868.69,-608.69,21.22,2260.0,339.0,2599.0
2023-10-04,2321025240,RECA,7233,,INV,OCT,2023,TPC,LT13CBBSIV,LG,Ref 2D 11.8 Cu. Ft / Inverter Compressor,HA,REFRIGERATORS,TOP MOUNT,0-Month,1,4086.0,-1826.0,44.69,2260.0,339.0,2599.0
2023-10-23,2321026964,RECA,7233,,INV,OCT,2023,TPC,GR-RS780WI-PGU(22),TOSHIBA,"SBS 19.4 Cf-549L,Inverter,PBIO,Max Humid,Alloy Cool-Bk Glass",HA,REFRIGERATORS,SIDE BY SIDE,0-Month,1,3738.26,-521.74,13.96,3216.52,482.47,3698.99
2023-10-25,2311072620,REUI,1879,,INV,OCT,2023,EAC,HS24CPVO23,HISENSE,Outdoor Split A/C 24000 BTU Cool - Inverter - WiFi,HVPAC,WALL SPLITS,SAC WALL ROTARY,0-Month,1,1543.04,-282.61,18.32,1260.43,189.06,1449.49
2023-10-30,2311073368,REUI,1879,,INV,OCT,2023,EAC,MU6T3AH/A,APPLE MACINTOSH,iPhone 15 Pro Max 256GB Blue,TELECOM,MOBILES,SMART PHONES,0-Month,5,5425.0,-1041.6,3.84,26083.4,3912.51,29995.91
2023-07-17,2311042953,RECA,4207,,INV,JUL,2023,EAC,PIPE-36,WHITE WESTINGHOUSE,5 Meter copper pipe for 36K Split AC,HVPAC,ACCESSORIES,PIPE,0-Month,1,0.01,0.0,0.0,0.01,0.01,0.02
2023-07-18,2311043115,RECA,7233,,INV,JUL,2023,EAC,DS18T23WC,DORA,Outdoor Split A/C 18000 BTU Cool WiFi HI-EER Class D R410A.,HVPAC,WALL SPLITS,SAC WALL ROTARY,0-Month,1,977.83,-65.22,6.67,912.61,136.89,1049.5
2023-07-25,2321017211,RECA,4207,,INV,JUL,2023,TPC,MM-EG34PB(BK),TOSHIBA,"34L GRILL MICROWAVE, DIGITAL, STEEL, 220V, 60HZ - Black",SDA,MICROWAVE,GRILL,0-Month,1,607.83,-177.39,29.18,430.44,64.57,495.01
2023-08-07,2311048867,RECA,7233,,INV,AUG,2023,EAC,SJ-K155X-SL,SHARP,"122L / 4.3 Cu ft, Single Door Refrigerator, R600a, 60Hz, Silver color",HA,REFRIGERATORS,MINI BAR,0-Month,1,955.65,-86.95,9.1,868.7,130.3,999.0
2023-09-22,2311063414,REUI,7596,,INV,SEP,2023,EAC,EK-EER73DB,ELECTROLUX,FLOOR STICK RECHARGEABLE 14.4V,SDA,VACCUM CLEANERS,CANNISTER,0-Month,1,668.7,-668.69,100.0,0.01,0.0,0.01
2023-09-25,2321023346,RECA,4207,,INV,SEP,2023,TPC,AW-K800AUPBB(WW),TOSHIBA,"TL Washer 7kg,Pump,Great Wave,Glass Lid,60hz - White",HA,LAUNDRY A,FA TOP LOADING,0-Month,1,1303.48,-364.35,27.95,939.13,140.87,1080.0
2023-09-25,2311063847,REUI,7561,,INV,SEP,2023,EAC,E7CM1-50GB,ELECTROLUX,"Coffee Maker, Black with Aroma - Explore 7",SDA,LHA,COFFEE MAKER,0-Month,1,433.91,-433.87,99.99,0.04,0.0,0.04
2023-10-03,2311066515,RECA,4207,,INV,OCT,2023,EAC,HW18CA23,HISENSE,Window A/C 18000 BTU Cool,HVPAC,WAC,WAC ROTARY,0-Month,1,1346.96,-66.96,4.97,1280.0,192.0,1472.0
2023-10-29,2311072926,RECA,7233,,INV,OCT,2023,EAC,EK-EEWA7300AR,ELECTROLUX,KETTLE 2400W 1.7L  STAINLESS STEEL,SDA,LHA,ELECTRIC KETTLE,0-Month,1,260.0,-132.08,50.8,127.92,19.18,147.1
2023-07-03,2311038621,RECA,7233,,INV,JUL,2023,EAC,E7TS1-60BP,ELECTROLUX,"Toaster, Black - Explore 7",SDA,LHA,TOASTER,0-Month,1,303.48,-303.45,99.99,0.03,0.01,0.04
2023-08-08,2318002460,REUI,7286,,CM,AUG,2023,EAC,SR-W22FGWUA,PANASONIC,"Electric Rice Cooker, 2.2 Liters, 730 W - White",SDA,LHA,RICE COOKER,0-Month,-1,294.78,0.0,0.0,-294.78,-44.22,-339.0
2023-09-25,2311063673,RECA,7233,,INV,SEP,2023,EAC,4T-C75EK2NX,SHARP,"75 Inch, 4K, Android 11, HDR, Dolby Vision, Dolby Atmos, HDMI 2.1, Made In Japan Panel",CE,LCD/LED TV,LED TV,0-Month,1,5216.52,-2347.82,45.01,2868.7,430.3,3299.0
2023-10-12,2311070903,RECA,7233,,INV,OCT,2023,EAC,WWS18G22I,WHITE WESTINGHOUSE,Indoor Split A/C 17800 BTU Cool,HVPAC,WALL SPLITS,SAC WALL ROTARY,0-Month,1,1130.0,0.0,0.0,1130.0,169.5,1299.5
2023-10-12,2311070951,REUI,7561,,INV,OCT,2023,EAC,WWA20K22R,WHITE WESTINGHOUSE,Window A/C 18000 BTU Cool,HVPAC,WAC,WAC ROTARY,0-Month,1,1346.96,-43.49,3.23,1303.47,195.52,1498.99
2023-07-03,2321015871,RECA,4207,,INV,JUL,2023,TPC,TBA-36LMG5G089KS-SA,TOSHIBA,"Gas Cooker 90x60, 5 burner with Rotisserie & Convection - SS",HA,COOKING RANGE,GAS COOKER,0-Month,1,1999.13,-299.87,15.0,1699.26,254.88,1954.14
2023-07-11,2311042188,RECA,7233,,INV,JUL,2023,EAC,DA20K23R,DORA,Window A/C 18000 BTU Cool Hi-EER Class F R410A,HVPAC,WAC,WAC ROTARY,0-Month,1,1260.0,-43.48,3.45,1216.52,182.47,1398.99
2023-07-12,2311042249,REUI,7561,,INV,JUL,2023,EAC,55DYAC40,DORA,"55 Inch, UHD 4K, Android 11, Dolby Audio, 2.1 HDMI",CE,LCD/LED TV,LED TV,0-Month,1,1260.0,-130.43,10.35,1129.57,169.43,1299.0
2023-07-16,2311042867,RECA,7233,,INV,JUL,2023,EAC,PIPE-30,WHITE WESTINGHOUSE,5 Meter copper pipe for 30K Split AC,HVPAC,ACCESSORIES,PIPE,0-Month,1,0.01,0.0,0.0,0.01,0.01,0.02
2023-07-16,2311042928,RECA,7233,,INV,JUL,2023,EAC,WWS12G22C,WHITE WESTINGHOUSE,Outdoor Split A/C 11600 BTU Cool,HVPAC,WALL SPLITS,SAC WALL ROTARY,0-Month,1,934.35,0.0,0.0,934.35,140.16,1074.51
2023-07-16,2311042875,RECA,7233,,INV,JUL,2023,EAC,DWD40TBS,DORA,"Bottom Loading Water Dispenser, Black SS, SS Tank",SDA,WATER DISPENSER,FREE STANDING,0-Month,1,868.7,-173.92,20.02,694.78,104.22,799.0
2023-07-17,2311042956,RECA,7233,,INV,JUL,2023,EAC,WWS36G22C,WHITE WESTINGHOUSE,Outdoor Split A/C 32200 BTU Cool,HVPAC,WALL SPLITS,SAC WALL ROTARY,0-Month,1,2173.48,0.0,0.0,2173.48,326.03,2499.51
2023-07-18,2311043122,RECA,7233,,INV,JUL,2023,EAC,WWS24G23WC,WHITE WESTINGHOUSE,Outdoor Split A/C 22100 BTU Cool WiFi,HVPAC,WALL SPLITS,SAC WALL ROTARY,0-Month,1,1303.91,0.0,0.0,1303.91,195.59,1499.5
2023-07-26,2311043930,RECA,7233,,INV,JUL,2023,EAC,85DYQC40,DORA,"85"" 4K QLED, Android 11, HDR, Dolby Audio, 2.1 HDMI, MEMC, Dolby Atmos, Dolby Vision, DVB T2/S2",CE,LCD/LED TV,LED TV,0-Month,1,6955.65,-3043.48,43.76,3912.17,586.82,4498.99
2023-07-26,2311043935,RECA,7233,,INV,JUL,2023,EAC,DS18T23WI,DORA,Indoor Split A/C 18000 BTU Cool WiFi HI-EER Class D R410A,HVPAC,WALL SPLITS,SAC WALL ROTARY,0-Month,4,977.83,-260.88,6.67,3650.44,547.56,4198.0
2023-07-27,2311043982,RECA,4207,,INV,JUL,2023,EAC,WWA25G22R,WHITE WESTINGHOUSE,Window A/C 21800 BTU Cool,HVPAC,WAC,WAC ROTARY,0-Month,1,1738.26,-86.96,5.0,1651.3,247.69,1898.99
2023-07-27,2321017257,REUI,7561,,INV,JUL,2023,TPC,AW-UK1100HUPBB(SG),TOSHIBA,"TL Washer 10kg, UFB Wash, 220-230V, 60HZ - Silver",HA,LAUNDRY A,FA TOP LOADING,0-Month,1,1912.17,-347.82,18.19,1564.35,234.65,1799.0
2023-07-30,2311044180,RECA,7233,,INV,JUL,2023,EAC,MQ9E3AH/A,APPLE MACINTOSH,iPhone 14 Pro Max 256GB Deep Purple,TELECOM,MOBILES,SMART PHONES,0-Month,1,5042.61,-434.78,8.62,4607.83,691.18,5299.01
2023-07-31,2311044407,RECA,7233,,INV,JUL,2023,EAC,PIPE-30,WHITE WESTINGHOUSE,5 Meter copper pipe for 30K Split AC,HVPAC,ACCESSORIES,PIPE,0-Month,1,0.01,0.0,0.0,0.01,0.01,0.02
2023-08-01,2321018003,REUI,7561,,INV,AUG,2023,TPC,AW-UK1100HUPBB(SG),TOSHIBA,"TL Washer 10kg, UFB Wash, 220-230V, 60HZ - Silver",HA,LAUNDRY A,FA TOP LOADING,0-Month,1,1912.17,-347.82,18.19,1564.35,234.65,1799.0
2023-08-02,2311048403,REUI,7596,,INV,AUG,2023,EAC,PIPE V-30/36,WHITE WESTINGHOUSE,5 Meter copper pipe for 30K/36K Split AC,HVPAC,ACCESSORIES,PIPE,0-Month,1,0.01,0.0,0.0,0.01,0.01,0.02
2023-08-03,2311048502,RECA,7233,,INV,AUG,2023,EAC,WWS24G23WI,WHITE WESTINGHOUSE,Indoor Split A/C 22100 BTU Cool,HVPAC,WALL SPLITS,SAC WALL ROTARY,0-Month,1,1303.91,0.0,0.0,1303.91,195.59,1499.5
2023-08-06,2321018261,REEM,3064,,INV,AUG,2023,TPC,65QNED806QA,LG,"LG QNED 4K Smart TV 65"" Series80, a7 Gen5 4K Proc, HGiG FSG",CE,LCD/LED TV,LED TV,0-Month,1,4782.0,-435.04,9.1,4346.96,652.04,4999.0
2023-08-04,2311048553,REUI,7596,,INV,AUG,2023,EAC,EO-42NK-3,SHARP,E. Oven 42L 1800W Rotisserie,SDA,LHA,DEEP FRYER,0-Month,1,433.91,-17.39,4.01,416.52,62.48,479.0
2023-08-07,2311048751,RECA,7233,,INV,AUG,2023,EAC,WWS36T22PC,WHITE WESTINGHOUSE,Outdoor Split A/C 30600 BTU Cool,HVPAC,WALL SPLITS,SAC WALL ROTARY,0-Month,1,2760.43,-978.26,35.44,1782.17,267.33,2049.5
2023-08-09,2311049395,RECA,4207,,INV,AUG,2023,EAC,DWD40TBS,DORA,"Bottom Loading Water Dispenser, Black SS, SS Tank",SDA,WATER DISPENSER,FREE STANDING,0-Month,1,868.7,-242.61,27.93,626.09,93.91,720.0
2023-08-13,2311050070,RECA,7233,,INV,AUG,2023,EAC,DCFAM200,DORA,"7 CuFt, 199L Chest Freezer 230V 60HZ, R600A",HA,FREEZERS,CHEST FREEZERS,0-Month,1,781.74,0.0,0.0,781.74,117.27,899.01
2023-08-14,2311050095,RECA,7233,,INV,AUG,2023,EAC,DWD77TDP,DORA,"Top and Bottom Loading Water Dispenser, black with SS",SDA,WATER DISPENSER,FREE STANDING,0-Month,1,1042.61,-365.22,35.03,677.39,101.61,779.0
2023-08-14,2311050215,RECA,7233,,INV,AUG,2023,EAC,PIPE V-30/36,WHITE WESTINGHOUSE,5 Meter copper pipe for 30K/36K Split AC,HVPAC,ACCESSORIES,PIPE,0-Month,1,0.01,0.0,0.0,0.01,0.01,0.02
2023-08-16,2321019472,RECA,7233,,INV,AUG,2023,TPC,MW-MM20PB(BK)-P,TOSHIBA,"20L MICROWAVE, 220V, 60HZ - Black",SDA,MICROWAVE,BASIC,0-Month,1,286.09,0.0,0.0,286.09,42.92,329.01
2023-08-17,2321019531,REUI,7596,,INV,AUG,2023,TPC,TW-BK90G4BB(SK),TOSHIBA,"FL Washer 8kg,1400 RPM,Orgn Inverter,Digital Display-Silver",HA,LAUNDRY A,FA FRONT LOADING,0-Month,1,2346.96,-608.7,25.94,1738.26,260.74,1999.0
2023-08-17,2311050905,RECA,7233,,INV,AUG,2023,EAC,DS18T23WI,DORA,Indoor Split A/C 18000 BTU Cool WiFi HI-EER Class D R410A,HVPAC,WALL SPLITS,SAC WALL ROTARY,0-Month,1,977.83,-65.22,6.67,912.61,136.89,1049.5
2023-08-21,2311051354,RECA,7233,,INV,AUG,2023,EAC,WWS36G22I,WHITE WESTINGHOUSE,Indoor Split A/C 32200 BTU Cool,HVPAC,WALL SPLITS,SAC WALL ROTARY,0-Month,1,2173.48,0.0,0.0,2173.48,326.03,2499.51
2023-08-22,2311051498,RECA,7233,,INV,AUG,2023,EAC,PIPE-30,WHITE WESTINGHOUSE,5 Meter copper pipe for 30K Split AC,HVPAC,ACCESSORIES,PIPE,0-Month,1,0.01,0.0,0.0,0.01,0.01,0.02
2023-08-23,2311051639,REUI,7287,,INV,AUG,2023,EAC,WWA20K22R,WHITE WESTINGHOUSE,Window A/C 18000 BTU Cool,HVPAC,WAC,WAC ROTARY,0-Month,3,1303.48,0.0,0.0,3910.44,586.57,4497.01
2023-08-26,2311051854,RECA,7233,,INV,AUG,2023,EAC,EK-EEWA7300AR,ELECTROLUX,KETTLE 2400W 1.7L  STAINLESS STEEL,SDA,LHA,ELECTRIC KETTLE,0-Month,1,260.0,-132.08,50.8,127.92,19.18,147.1
2023-08-23,2318002523,RECA,7233,,CM,AUG,2023,EAC,HUF48HAO23,HISENSE,"Free Stand AC Outdoor Unit 48000 BTU ,Heat Cool, Inverter",HVPAC,FS SPLITS,FS SPLITS,0-Month,-1,3956.09,30.44,0.77,-3925.65,-588.85,-4514.5
2023-08-27,2311052589,REUI,7596,,INV,AUG,2023,EAC,WWS30T22PI,WHITE WESTINGHOUSE,Indoor Split A/C 27800 BTU Cool,HVPAC,WALL SPLITS,SAC WALL ROTARY,0-Month,1,2260.43,-739.13,32.7,1521.3,228.2,1749.5
2023-08-28,2311052649,RECA,4207,,INV,AUG,2023,EAC,WWS18G22I,WHITE WESTINGHOUSE,Indoor Split A/C 17800 BTU Cool,HVPAC,WALL SPLITS,SAC WALL ROTARY,0-Month,2,1130.0,-113.04,5.0,2146.96,322.04,2469.0
2023-08-30,2311053169,REUI,7561,,INV,AUG,2023,EAC,DPA25T23R,DORA,Window A/C 20000 BTU Cool HI-EER Class F R410A,HVPAC,WAC,WAC ROTARY,0-Month,1,1564.34,0.0,0.0,1564.34,234.66,1799.0
2023-08-31,2311054075,REEM,3029,,INV,AUG,2023,EAC,MQ9E3AH/A,APPLE MACINTOSH,iPhone 14 Pro Max 256GB Deep Purple,TELECOM,MOBILES,SMART PHONES,0-Month,1,5042.61,-434.79,8.62,4607.82,691.18,5299.0
2023-09-03,2311054381,RECA,7233,,INV,SEP,2023,EAC,WWS18K23I,WHITE WESTINGHOUSE,Indoor split  A/C 18400 BTU Cool - WiFi,HVPAC,WALL SPLITS,SAC WALL ROTARY,0-Month,1,999.57,-43.49,4.35,956.08,143.41,1099.49
2023-09-07,2321021758,REEM,3029,,INV,SEP,2023,TPC,GR-A820ATE(W),TOSHIBA,"FRIDGE 21.50 CFT (608L), INVERTER, 230V, 50/60HZ - WHITE",HA,REFRIGERATORS,TOP MOUNT,0-Month,1,4086.09,-869.57,21.28,3216.52,482.48,3699.0
2023-09-11,2311060049,REEM,3064,,INV,SEP,2023,EAC,FS-809,LOCAL,"Wall Mount Bracket 32""-70"" LCD/LED TV",CE,OTHERS,OTHERS,0-Month,1,33.92,-33.91,99.97,0.01,0.0,0.01
2023-09-10,2311059940,RECA,7233,,INV,SEP,2023,EAC,WWS24G23WC,WHITE WESTINGHOUSE,Outdoor Split A/C 22100 BTU Cool WiFi,HVPAC,WALL SPLITS,SAC WALL ROTARY,0-Month,1,1303.91,0.0,0.0,1303.91,195.59,1499.5
2023-09-13,2321022619,RECA,7233,,INV,SEP,2023,TPC,GR-A820ATE(W),TOSHIBA,"FRIDGE 21.50 CFT (608L), INVERTER, 230V, 50/60HZ - WHITE",HA,REFRIGERATORS,TOP MOUNT,0-Month,1,4086.09,-869.57,21.28,3216.52,482.48,3699.0
2023-09-17,2321022795,RECA,7233,,INV,SEP,2023,TPC,VC-DR220ABF(G),TOSHIBA,"VAC CLNR DRUM, 22L, 2200W,S Steel Tube - Blck/Grey",SDA,VACCUM CLEANERS,DRUM,0-Month,1,564.35,-95.65,16.95,468.7,70.31,539.01
2023-09-13,2318002685,RECA,7233,,CM,SEP,2023,EAC,WWS30G22C,WHITE WESTINGHOUSE,Outdoor Split A/C 27400 BTU Cool,HVPAC,WALL SPLITS,SAC WALL ROTARY,0-Month,-1,1803.91,0.0,0.0,-1803.91,-270.59,-2074.5
2023-09-19,2311062985,RECA,7233,,INV,SEP,2023,EAC,PA91-406GY,ELECTROLUX,Pure A9-Air Purifier with Wifi Anti-bacterial HEPA & TouchUI,SDA,AIR PURIFIER,RESIDENTIAL,0-Month,1,1825.22,-820.78,44.97,1004.44,150.67,1155.11
2023-09-21,2311063250,RECA,7233,,INV,SEP,2023,EAC,65SUE9500,SKYWORTH,"SKYWORTH  65"" QLED Google TV UHD 4K HDR SMART TV",CE,LCD/LED TV,LED TV,0-Month,1,2086.0,-173.82,8.33,1912.18,286.82,2199.0
2023-09-21,2321023137,RECA,7233,,INV,SEP,2023,TPC,ML-EG42PBB(BS),TOSHIBA,"42L GRILL MICROWAVE, DIGITAL, STEEL, 220V, 60HZ - Black",SDA,MICROWAVE,BASIC,0-Month,1,694.78,0.0,0.0,694.78,104.22,799.0
2023-09-20,2311063222,RECA,7233,,INV,SEP,2023,EAC,WWA20K22R,WHITE WESTINGHOUSE,Window A/C 18000 BTU Cool,HVPAC,WAC,WAC ROTARY,0-Month,1,1346.96,-43.49,3.23,1303.47,195.52,1498.99
2023-09-24,2311063452,RECA,7233,,INV,SEP,2023,EAC,E7CM1-50GB,ELECTROLUX,"Coffee Maker, Black with Aroma - Explore 7",SDA,LHA,COFFEE MAKER,0-Month,1,433.91,-433.9,100.0,0.01,0.0,0.01
2023-09-22,2311063412,REUI,7596,,INV,SEP,2023,EAC,EK-EER73DB,ELECTROLUX,FLOOR STICK RECHARGEABLE 14.4V,SDA,VACCUM CLEANERS,CANNISTER,0-Month,1,668.7,-668.69,100.0,0.01,0.0,0.01
2023-09-21,2311063379,RECA,7233,,INV,SEP,2023,EAC,E7CM1-50GB,ELECTROLUX,"Coffee Maker, Black with Aroma - Explore 7",SDA,LHA,COFFEE MAKER,0-Month,1,433.91,-433.9,100.0,0.01,0.0,0.01
2023-09-25,2311063663,REEM,3540,,INV,SEP,2023,EAC,E7CM1-50GB,ELECTROLUX,"Coffee Maker, Black with Aroma - Explore 7",SDA,LHA,COFFEE MAKER,0-Month,1,433.91,-433.87,99.99,0.04,0.0,0.04
2023-09-25,2311063664,REUI,7596,,INV,SEP,2023,EAC,EK-EWF9025MQSA,ELECTROLUX,9KG UltimateCare FL Washer with Vapour Care Technology,HA,LAUNDRY A,FA FRONT LOADING,0-Month,1,2390.43,-982.61,41.11,1407.82,211.17,1618.99
2023-09-25,2311063664,REUI,7596,,INV,SEP,2023,EAC,55DYAC40,DORA,"55 Inch, UHD 4K, Android 11, Dolby Audio, 2.1 HDMI",CE,LCD/LED TV,LED TV,0-Month,1,1260.0,-217.4,17.25,1042.6,156.39,1198.99
2023-09-25,2311063728,RECA,7233,,INV,SEP,2023,EAC,E7CM1-50GB,ELECTROLUX,"Coffee Maker, Black with Aroma - Explore 7",SDA,LHA,COFFEE MAKER,0-Month,1,433.91,-433.87,99.99,0.04,0.0,0.04
2023-09-26,2311064447,RECA,7233,,INV,SEP,2023,EAC,WWA20K22R,WHITE WESTINGHOUSE,Window A/C 18000 BTU Cool,HVPAC,WAC,WAC ROTARY,0-Month,1,1346.96,-43.49,3.23,1303.47,195.52,1498.99
2023-09-26,2321023849,RECA,7233,,INV,SEP,2023,TPC,TWD-BK90S2(WK),TOSHIBA,"FL Washer 8/5kg Combo, Inverter, Digital - White",HA,LAUNDRY A,WASHER DRYER COMBO,0-Month,1,2173.04,0.0,0.0,2173.04,325.96,2499.0
2023-09-20,2318002748,RECA,7233,,CM,SEP,2023,EAC,EK-EER73DB,ELECTROLUX,FLOOR STICK RECHARGEABLE 14.4V,SDA,VACCUM CLEANERS,CANNISTER,0-Month,-1,668.7,668.63,99.99,-0.07,-0.01,-0.08
2023-09-26,2311065420,RECA,4207,,INV,SEP,2023,EAC,WWFR21KS,WHITE WESTINGHOUSE,21 Cu Ft. SS Full Refrigerator Inverter Compressor R600a,HA,REFRIGERATORS,ALL REFRIGERATOR,0-Month,1,3216.52,-478.26,14.87,2738.26,410.74,3149.0
2023-09-30,2311066006,RECA,7233,,INV,SEP,2023,EAC,E7CM1-50GB,ELECTROLUX,"Coffee Maker, Black with Aroma - Explore 7",SDA,LHA,COFFEE MAKER,0-Month,1,433.91,-433.9,100.0,0.01,0.0,0.01
2023-10-03,2311066520,RECA,7233,,INV,OCT,2023,EAC,WWA20K22R,WHITE WESTINGHOUSE,Window A/C 18000 BTU Cool,HVPAC,WAC,WAC ROTARY,0-Month,1,1346.96,-43.49,3.23,1303.47,195.52,1498.99
2023-10-03,2321025102,RECA,4207,,INV,OCT,2023,TPC,VH-L90WBB(WW),TOSHIBA,"TWIN TUB WASHER 8.0 KG, 220-230V 60HZ",HA,LAUNDRY TT,TWIN-TUB,0-Month,1,868.7,-125.23,14.42,743.47,111.52,854.99
2023-10-07,2311070087,RECA,7233,,INV,OCT,2023,EAC,DS18T23WC,DORA,Outdoor Split A/C 18000 BTU Cool WiFi HI-EER Class D R410A.,HVPAC,WALL SPLITS,SAC WALL ROTARY,0-Month,2,977.83,-130.44,6.67,1825.22,273.78,2099.0
2023-10-08,2311070128,RECA,7233,,INV,OCT,2023,EAC,WWS18K23I,WHITE WESTINGHOUSE,Indoor split  A/C 18400 BTU Cool - WiFi,HVPAC,WALL SPLITS,SAC WALL ROTARY,0-Month,1,999.57,-43.48,4.35,956.09,143.41,1099.5
2023-10-11,2311070695,RECA,7233,,INV,OCT,2023,EAC,WW700MT11,WHITE WESTINGHOUSE,WASHING MACHINE 7KG 220V 50/60HZ HIGH EER,HA,LAUNDRY TT,TWIN-TUB,0-Month,1,607.83,0.0,0.0,607.83,91.18,699.01
2023-10-15,2311071209,RECA,7233,,INV,OCT,2023,EAC,WWUF17TVS,WHITE WESTINGHOUSE,17 CuFt/481 Ltr SS Commercial Upright Freezer,HA,FREEZERS,UPRIGHT FREEZER,0-Month,1,3042.61,-173.91,5.72,2868.7,430.31,3299.01
2023-10-17,2321026539,RECA,4207,,INV,OCT,2023,TPC,AW-DK1775WUPBB(WK),TOSHIBA,"TL WASHER 15 KG,UFB WASH,SDD INVERTER,60HZ - WHITE/BLACK",HA,LAUNDRY A,FA TOP LOADING,0-Month,1,2433.91,-478.18,19.65,1955.73,293.36,2249.09
2023-10-17,2311071544,REUI,7561,,INV,OCT,2023,EAC,DS18T23WI,DORA,Indoor Split A/C 18000 BTU Cool WiFi HI-EER Class D R410A,HVPAC,WALL SPLITS,SAC WALL ROTARY,0-Month,1,977.83,-65.22,6.67,912.61,136.89,1049.5
2023-10-18,2311071667,RECA,7233,,INV,OCT,2023,EAC,R-20AS(W),SHARP,"20L BASIC MICROWAVE, WHITE, 220V/60HZ - White",SDA,MICROWAVE,BASIC,0-Month,1,242.61,0.0,0.0,242.61,36.4,279.01
2023-10-11,2318003443,RECA,7233,,CM,OCT,2023,EAC,EHH3320NVK,ELECTROLUX,B.I 30 Cm Electric Domino Hob (Induction),HA,BUILT-IN,HOB,0-Month,-2,1807.83,2184.52,60.42,-1431.14,-214.67,-1645.81
2023-10-23,2321026966,RECA,7233,,INV,OCT,2023,TPC,VH-K130WBB(WW),TOSHIBA,"TWIN TUB WASHER 12.0 KG, 220-230V 60HZ",HA,LAUNDRY TT,TWIN-TUB,0-Month,1,1216.52,-43.48,3.57,1173.04,175.95,1348.99
2023-10-24,2321027125,RECA,7233,,INV,OCT,2023,TPC,GR-RT624WE-PMU(37),TOSHIBA,"Fridge 16.40 Cft (463L), Inverter - Satin Grey",HA,REFRIGERATORS,TOP MOUNT,0-Month,1,2607.83,-260.87,10.0,2346.96,352.04,2699.0
2023-10-22,2318003546,RECA,4207,,CM,OCT,2023,EAC,WWS36G22C,WHITE WESTINGHOUSE,Outdoor Split A/C 32200 BTU Cool,HVPAC,WALL SPLITS,SAC WALL ROTARY,0-Month,-1,2173.48,108.67,5.0,-2064.81,-309.72,-2374.53
2023-10-29,2321027481,RECA,7233,,INV,OCT,2023,TPC,ML-EG42PBB(BS),TOSHIBA,"42L GRILL MICROWAVE, DIGITAL, STEEL, 220V, 60HZ - Black",SDA,MICROWAVE,BASIC,0-Month,1,694.78,-43.48,6.26,651.3,97.69,748.99
2023-10-30,2311073381,REEM,3540,,INV,OCT,2023,EAC,MU6T3AH/A,APPLE MACINTOSH,iPhone 15 Pro Max 256GB Blue,TELECOM,MOBILES,SMART PHONES,0-Month,1,5425.0,-208.48,3.84,5216.52,782.47,5998.99
2023-07-02,2311038616,RECA,7233,,INV,JUL,2023,EAC,WWA25G22R,WHITE WESTINGHOUSE,Window A/C 21800 BTU Cool,HVPAC,WAC,WAC ROTARY,0-Month,2,1738.26,0.0,0.0,3476.52,521.48,3998.0
2023-07-04,2311041409,RECA,7233,,INV,JUL,2023,EAC,DS24T23WC,DORA,Outdoor Split A/C 22000 BTU Cool WiFi HI-EER Class D R410A,HVPAC,WALL SPLITS,SAC WALL ROTARY,0-Month,1,1216.96,-86.96,7.15,1130.0,169.5,1299.5
2023-07-05,2311041414,RECA,7233,,INV,JUL,2023,EAC,WWA25G22R,WHITE WESTINGHOUSE,Window A/C 21800 BTU Cool,HVPAC,WAC,WAC ROTARY,0-Month,1,1738.26,0.0,0.0,1738.26,260.74,1999.0
2023-07-04,2311041373,RECA,7233,,INV,JUL,2023,EAC,WWS30G22C,WHITE WESTINGHOUSE,Outdoor Split A/C 27400 BTU Cool,HVPAC,WALL SPLITS,SAC WALL ROTARY,0-Month,1,1803.91,0.0,0.0,1803.91,270.59,2074.5
2023-07-06,2311041606,RECA,7233,,INV,JUL,2023,EAC,SR-W18GWUA,PANASONIC,"Electric Rice Cooker, 1.8 Liters, 600W - White",SDA,LHA,RICE COOKER,0-Month,1,260.0,-130.0,50.0,130.0,19.5,149.5
2023-07-10,2311041969,RECA,7233,,INV,JUL,2023,EAC,WWRAKS510,WHITE WESTINGHOUSE,"Fridge 17.9 CuFt, 230V 60HZ - R600a, Silver, Recessed Handle",HA,REFRIGERATORS,TOP MOUNT,0-Month,1,2346.96,-347.83,14.82,1999.13,299.87,2299.0
2023-07-11,2311042174,RECA,7233,,INV,JUL,2023,EAC,WWS18G22I,WHITE WESTINGHOUSE,Indoor Split A/C 17800 BTU Cool,HVPAC,WALL SPLITS,SAC WALL ROTARY,0-Month,1,1130.0,0.0,0.0,1130.0,169.5,1299.5
2023-07-13,2311042359,REUI,7286,,INV,JUL,2023,EAC,WWS18G22I,WHITE WESTINGHOUSE,Indoor Split A/C 17800 BTU Cool,HVPAC,WALL SPLITS,SAC WALL ROTARY,0-Month,5,1130.0,0.0,0.0,5650.0,847.5,6497.5
2023-07-12,2321016378,RECA,7233,,INV,JUL,2023,TPC,MM-EG25PB(BK),TOSHIBA,"25L GRILL MICROWAVE, DIGITAL, STEEL, 220V, 60HZ - Black",SDA,MICROWAVE,GRILL,0-Month,1,520.87,-86.96,16.7,433.91,65.09,499.0
2023-07-16,2311042536,RECA,7233,,INV,JUL,2023,EAC,4T-C75EK2NX,SHARP,"75 Inch, 4K, Android 11, HDR, Dolby Vision, Dolby Atmos, HDMI 2.1, Made In Japan Panel",CE,LCD/LED TV,LED TV,0-Month,1,3912.17,-434.78,11.11,3477.39,521.61,3999.0
2023-07-17,2311042937,REEM,3029,,INV,JUL,2023,EAC,WWRAKS510,WHITE WESTINGHOUSE,"Fridge 17.9 CuFt, 230V 60HZ - R600a, Silver, Recessed Handle",HA,REFRIGERATORS,TOP MOUNT,0-Month,1,2346.96,-347.83,14.82,1999.13,299.87,2299.0
2023-07-17,2311043018,RECA,7233,,INV,JUL,2023,EAC,PIPE-36,WHITE WESTINGHOUSE,5 Meter copper pipe for 36K Split AC,HVPAC,ACCESSORIES,PIPE,0-Month,4,0.01,0.0,0.0,0.04,0.01,0.05
2023-07-17,2311043018,RECA,7233,,INV,JUL,2023,EAC,WWS36T22PI,WHITE WESTINGHOUSE,Indoor Split A/C 30600 BTU Cool,HVPAC,WALL SPLITS,SAC WALL ROTARY,0-Month,4,2760.43,-3913.04,35.44,7128.68,1069.3,8197.98
2023-07-20,2311043532,RECA,7233,,INV,JUL,2023,EAC,AU-A24ATS,SHARP,Outdoor Split A/C 21000 BTU Cool HI-EER Class D R410A,HVPAC,WALL SPLITS,SAC WALL ROTARY,0-Month,2,1282.17,-43.48,1.7,2520.86,378.13,2898.99
2023-07-23,2321017141,RECA,7233,,INV,JUL,2023,TPC,VH-J150WBB,TOSHIBA,"TWIN TUB WASHER 14.0 KG, 220-230V 60HZ",HA,LAUNDRY TT,TWIN-TUB,0-Month,1,1738.26,-347.83,20.01,1390.43,208.56,1598.99
2023-07-23,2311043645,REEM,3064,,INV,JUL,2023,EAC,MQ9E3AH/A,APPLE MACINTOSH,iPhone 14 Pro Max 256GB Deep Purple,TELECOM,MOBILES,SMART PHONES,0-Month,1,5042.61,-434.78,8.62,4607.83,691.18,5299.01
2023-07-24,2311043766,REEM,3029,,INV,JUL,2023,EAC,PIPE-30,WHITE WESTINGHOUSE,5 Meter copper pipe for 30K Split AC,HVPAC,ACCESSORIES,PIPE,0-Month,1,0.01,0.0,0.0,0.01,0.01,0.02
2023-07-24,2311043766,REEM,3029,,INV,JUL,2023,EAC,WWS30G22I,WHITE WESTINGHOUSE,Indoor Split A/C 27400 BTU Cool,HVPAC,WALL SPLITS,SAC WALL ROTARY,0-Month,1,1803.91,0.0,0.0,1803.91,270.59,2074.5
2023-07-25,2311043828,RECA,7233,,INV,JUL,2023,EAC,WWFR21KS,WHITE WESTINGHOUSE,21 Cu Ft. SS Full Refrigerator Inverter Compressor R600a,HA,REFRIGERATORS,ALL REFRIGERATOR,0-Month,1,3216.52,-173.91,5.41,3042.61,456.39,3499.0
2023-07-25,2311043834,RECO,7183,,INV,JUL,2023,EAC,55DYAC40,DORA,"55 Inch, UHD 4K, Android 11, Dolby Audio, 2.1 HDMI",CE,LCD/LED TV,LED TV,0-Month,1,1260.0,-82.43,6.54,1177.57,176.63,1354.2
2023-07-30,2311044134,REUI,7596,,INV,JUL,2023,EAC,DA20K23R,DORA,Window A/C 18000 BTU Cool Hi-EER Class F R410A,HVPAC,WAC,WAC ROTARY,0-Month,1,1260.0,-43.48,3.45,1216.52,182.47,1398.99
2023-07-26,2311043935,RECA,7233,,INV,JUL,2023,EAC,AU-A12WCS,SHARP,Outdoor Split A/C 11600 BTU Cool HI-EER Class D R410A,HVPAC,WALL SPLITS,SAC WALL ROTARY,0-Month,2,1216.96,-826.1,33.94,1607.82,241.17,1848.99
2023-07-30,2311044159,REEM,3029,,INV,JUL,2023,EAC,MQ9E3AH/A,APPLE MACINTOSH,iPhone 14 Pro Max 256GB Deep Purple,TELECOM,MOBILES,SMART PHONES,0-Month,1,5042.61,-434.78,8.62,4607.83,691.18,5299.01
2023-07-31,2321017381,RECA,4207,,INV,JUL,2023,TPC,TBA-24BMG4G089KS-SA,TOSHIBA,"Gas Cooker 60x60, 4 burner, Auto Ignition & Oven Light - SS",HA,COOKING RANGE,GAS COOKER,0-Month,1,1129.57,-112.96,10.0,1016.61,152.49,1169.1
2023-08-01,2311045414,RECA,7233,,INV,AUG,2023,EAC,WWUF21KS,WHITE WESTINGHOUSE,21 Cu Ft. SS Upright Freezer Inverter Compressor R600a,HA,FREEZERS,UPRIGHT FREEZER,0-Month,1,3216.52,-173.91,5.41,3042.61,456.39,3499.0
2023-08-01,2318002415,RECA,7233,,CM,AUG,2023,EAC,WWA20K22R,WHITE WESTINGHOUSE,Window A/C 18000 BTU Cool,HVPAC,WAC,WAC ROTARY,0-Month,-1,1303.48,0.01,0.0,-1303.47,-195.52,-1498.99
2023-08-01,2311045527,RECA,7233,,INV,AUG,2023,EAC,AH-A12WCS,SHARP,Indoor Split A/C 11600 BTU Cool HI-EER Class D R410A,HVPAC,WALL SPLITS,SAC WALL ROTARY,0-Month,1,1216.96,-413.05,33.94,803.91,120.59,924.5
2023-08-02,2311048326,RECA,7233,,INV,AUG,2023,EAC,AH-A12WCS,SHARP,Indoor Split A/C 11600 BTU Cool HI-EER Class D R410A,HVPAC,WALL SPLITS,SAC WALL ROTARY,0-Month,1,1216.96,-413.05,33.94,803.91,120.59,924.5
2023-08-03,2311048439,RECO,7183,,INV,AUG,2023,EAC,WWA25G22R,WHITE WESTINGHOUSE,Window A/C 21800 BTU Cool,HVPAC,WAC,WAC ROTARY,0-Month,2,1738.26,-227.44,6.54,3249.08,487.36,3736.44
2023-08-04,2311048542,RECA,7233,,INV,AUG,2023,EAC,WWA20K22R,WHITE WESTINGHOUSE,Window A/C 18000 BTU Cool,HVPAC,WAC,WAC ROTARY,0-Month,1,1303.48,-0.01,0.0,1303.47,195.52,1498.99
2023-08-05,2311048568,REUI,7561,,INV,AUG,2023,EAC,WWS24G23WC,WHITE WESTINGHOUSE,Outdoor Split A/C 22100 BTU Cool WiFi,HVPAC,WALL SPLITS,SAC WALL ROTARY,0-Month,1,1303.91,0.0,0.0,1303.91,195.59,1499.5
2023-08-08,2311048915,RECA,4207,,INV,AUG,2023,EAC,PIPE V-12/18,WHITE WESTINGHOUSE,4 Meter copper pipe for 12K/18K Split AC,HVPAC,ACCESSORIES,PIPE,0-Month,5,0.01,0.0,0.0,0.05,0.01,0.06
2023-08-08,2311048915,RECA,4207,,INV,AUG,2023,EAC,AU-A12WCS,SHARP,Outdoor Split A/C 11600 BTU Cool HI-EER Class D R410A,HVPAC,WALL SPLITS,SAC WALL ROTARY,0-Month,5,1216.96,-2266.2,37.24,3818.6,572.79,4391.39
2023-08-09,2311049009,RECA,7233,,INV,AUG,2023,EAC,X1500EP-BQ647W,ASUS,"ASUS 15.6""/i5-1135G7/8GB/512+32/MX330/W11/BLK",IT,NOTEBOOKS,NOTEBOOKS,0-Month,9,2781.74,-9078.3,36.26,15957.36,2393.6,18350.96
2023-08-10,2311049477,RECA,7233,,INV,AUG,2023,EAC,WWA25G22R,WHITE WESTINGHOUSE,Window A/C 21800 BTU Cool,HVPAC,WAC,WAC ROTARY,0-Month,1,1738.26,0.0,0.0,1738.26,260.74,1999.0
2023-08-10,2311049642,RECA,4207,,INV,AUG,2023,EAC,AH-A24ATS,SHARP,Indoor Split A/C 21000 BTU Cool HI-EER Class D R410A,HVPAC,WALL SPLITS,SAC WALL ROTARY,0-Month,3,1282.17,-254.34,6.61,3592.17,538.82,4130.99
2023-08-10,2311049642,RECA,4207,,INV,AUG,2023,EAC,AU-A12WCS,SHARP,Outdoor Split A/C 11600 BTU Cool HI-EER Class D R410A,HVPAC,WALL SPLITS,SAC WALL ROTARY,0-Month,1,1216.96,-453.49,37.26,763.47,114.52,877.99
2023-08-13,2311049900,RECA,7233,,INV,AUG,2023,EAC,WWS18G22C,WHITE WESTINGHOUSE,Outdoor Split A/C 17800 BTU Cool,HVPAC,WALL SPLITS,SAC WALL ROTARY,0-Month,3,1130.0,0.0,0.0,3390.0,508.5,3898.5
2023-08-13,2311049902,RECA,4207,,INV,AUG,2023,EAC,WWS18G22I,WHITE WESTINGHOUSE,Indoor Split A/C 17800 BTU Cool,HVPAC,WALL SPLITS,SAC WALL ROTARY,0-Month,3,1130.0,-169.5,5.0,3220.5,483.07,3703.57
2023-08-13,2321018975,REUI,7561,,INV,AUG,2023,TPC,LT22HBHSIN,LG,Ref 2D 20.9 Cu. Ft / Bar Handle / Smart Inverter Compressor,HA,REFRIGERATORS,TOP MOUNT,0-Month,1,4173.0,0.0,0.0,4173.0,625.95,4798.95
2023-08-14,2311050188,RECA,4207,,INV,AUG,2023,EAC,WWUF17KS,WHITE WESTINGHOUSE,17 Cu Ft. SS Upright Freezer Inverter Compressor R600a,HA,FREEZERS,UPRIGHT FREEZER,0-Month,1,2868.7,-521.66,18.18,2347.04,352.06,2699.1
2023-08-17,2311050835,REEM,3064,,INV,AUG,2023,EAC,MPVJ3AH/A,APPLE MACINTOSH,iPhone 14 128GB Blue,TELECOM,MOBILES,SMART PHONES,0-Month,1,3303.48,-391.31,11.85,2912.17,436.83,3349.0
2023-08-17,2321019525,RECA,7233,,INV,AUG,2023,TPC,RWF-W1615BU(K),TOSHIBA,"Water Cooler,BL,3 taps,50/60HZ,SS Tank,ICED-COLD Technology",SDA,WATER DISPENSER,FREE STANDING,0-Month,1,781.74,0.0,0.0,781.74,117.27,899.01
2023-08-17,2311050834,REEM,3029,,INV,AUG,2023,EAC,PIPE V-12/18,WHITE WESTINGHOUSE,4 Meter copper pipe for 12K/18K Split AC,HVPAC,ACCESSORIES,PIPE,0-Month,1,0.01,0.0,0.0,0.01,0.01,0.02
2023-08-17,2311050837,RECA,7233,,INV,AUG,2023,EAC,WWA25K22R,WHITE WESTINGHOUSE,Window A/C 21800 BTU Cool Hi-EER Class F R410A,HVPAC,WAC,WAC ROTARY,0-Month,1,1651.3,-65.2,3.95,1586.1,237.92,1824.02
2023-08-21,2321019791,RECA,7233,,INV,AUG,2023,TPC,MM-EG34PB(BK),TOSHIBA,"34L GRILL MICROWAVE, DIGITAL, STEEL, 220V, 60HZ - Black",SDA,MICROWAVE,GRILL,0-Month,1,520.87,-60.96,11.7,459.91,68.99,528.9
2023-08-23,2321019928,REUI,7287,,INV,AUG,2023,TPC,GR-RS780WI-PGU(22),TOSHIBA,"SBS 19.4 Cf-549L,Inverter,PBIO,Max Humid,Alloy Cool-Bk Glass",HA,REFRIGERATORS,SIDE BY SIDE,0-Month,1,3738.26,0.0,0.0,3738.26,560.74,4299.0
2023-08-23,2321019919,REUI,7561,,INV,AUG,2023,TPC,TW-BK110G4BB(SK),TOSHIBA,"FL Washer 10kg,1400 RPM,Orgn Inverter,Digital Display-Silver",HA,LAUNDRY A,FA FRONT LOADING,0-Month,1,2173.04,-152.15,7.0,2020.89,303.13,2324.02
2023-08-27,2311052592,RECA,7233,,INV,AUG,2023,EAC,WWS24K23I,WHITE WESTINGHOUSE,Indoor split  A/C 23000 BTU Cool - WiFi,HVPAC,WALL SPLITS,SAC WALL ROTARY,0-Month,1,1260.43,-43.47,3.45,1216.96,182.54,1399.5
2023-08-29,2321020733,RECA,7233,,INV,AUG,2023,TPC,DW-14F1ME(S),TOSHIBA,Dish Washer FS 14 Place Settings 6 Prog Silver,HA,DISH WASHER,FREE STANDING,0-Month,1,1390.43,-86.95,6.25,1303.48,195.52,1499.0
2023-09-02,2321021494,REUI,7561,,INV,SEP,2023,TPC,VC-DR180ABF(R),TOSHIBA,"VAC CLNR DRUM, 20L, 1800W,S Steel Tube - Blck/Red",SDA,VACCUM CLEANERS,DRUM,0-Month,1,390.43,-43.48,11.14,346.95,52.04,398.99
2023-09-05,2321021639,RECA,7233,,INV,SEP,2023,TPC,VH-K130WBB(WW),TOSHIBA,"TWIN TUB WASHER 12.0 KG, 220-230V 60HZ",HA,LAUNDRY TT,TWIN-TUB,0-Month,1,1216.52,-182.61,15.01,1033.91,155.08,1188.99
2023-09-06,2311059566,REUI,7596,,INV,SEP,2023,EAC,WWS24K23C,WHITE WESTINGHOUSE,Outdoor split  A/C 23000 BTU Cool - WiFi,HVPAC,WALL SPLITS,SAC WALL ROTARY,0-Month,2,1260.43,-86.94,3.45,2433.92,365.08,2799.0
2023-09-11,2311060183,RECA,4207,,INV,SEP,2023,EAC,PIPE V-30/36,WHITE WESTINGHOUSE,5 Meter copper pipe for 30K/36K Split AC,HVPAC,ACCESSORIES,PIPE,0-Month,2,0.01,0.0,0.0,0.02,0.01,0.03
2023-09-13,2311062276,REUI,7596,,INV,SEP,2023,EAC,WWA20K22R,WHITE WESTINGHOUSE,Window A/C 18000 BTU Cool,HVPAC,WAC,WAC ROTARY,0-Month,1,1346.96,-43.49,3.23,1303.47,195.52,1498.99
2023-09-13,2318002685,RECA,7233,,CM,SEP,2023,EAC,PIPE V-30/36,WHITE WESTINGHOUSE,5 Meter copper pipe for 30K/36K Split AC,HVPAC,ACCESSORIES,PIPE,0-Month,-2,0.01,0.0,0.0,-0.02,-0.01,-0.03
2023-09-21,2311063305,RECA,7233,,INV,SEP,2023,EAC,E7CM1-50GB,ELECTROLUX,"Coffee Maker, Black with Aroma - Explore 7",SDA,LHA,COFFEE MAKER,0-Month,1,433.91,-433.87,99.99,0.04,0.0,0.04
2023-09-24,2321023266,REUI,7596,,INV,SEP,2023,TPC,AW-UK1100HUPBB(SG),TOSHIBA,"TL Washer 10kg, UFB Wash, 220-230V, 60HZ - Silver",HA,LAUNDRY A,FA TOP LOADING,0-Month,1,1738.26,-330.43,19.01,1407.83,211.17,1619.0
2023-09-25,2311063744,REUI,7561,,INV,SEP,2023,EAC,HS18CPVI23,HISENSE,Indoor Split A/C 18400 BTU Cool - Inverter - WiFi,HVPAC,WALL SPLITS,SAC WALL ROTARY,0-Month,2,1325.65,-652.16,24.6,1999.14,299.87,2299.01
2023-09-26,2321023406,RECA,7233,,INV,SEP,2023,TPC,AW-UK1100HUPBB(SG),TOSHIBA,"TL Washer 10kg, UFB Wash, 220-230V, 60HZ - Silver",HA,LAUNDRY A,FA TOP LOADING,0-Month,1,1738.26,-330.43,19.01,1407.83,211.17,1619.0
2023-09-26,2311063858,RECA,7233,,INV,SEP,2023,EAC,DS24T23WI,DORA,Indoor Split A/C 22000 BTU Cool WiFi HI-EER Class D R410A,HVPAC,WALL SPLITS,SAC WALL ROTARY,0-Month,7,1216.96,-608.72,7.15,7910.0,1186.5,9096.5
2023-09-27,2311064606,RECA,7233,,INV,SEP,2023,EAC,EK-EEWA7300AR,ELECTROLUX,KETTLE 2400W 1.7L  STAINLESS STEEL,SDA,LHA,ELECTRIC KETTLE,0-Month,1,260.0,-132.08,50.8,127.92,19.18,147.1
2023-09-27,2311064808,REEM,3029,,INV,SEP,2023,EAC,55SUE9350F,SKYWORTH,"Skyworth 55"" 4K UHD LED TV (Google TV)",CE,LCD/LED TV,LED TV,0-Month,1,1303.48,0.0,0.0,1303.48,195.53,1499.01
2023-09-29,2311065495,RECA,7233,,INV,SEP,2023,EAC,E7CM1-50GB,ELECTROLUX,"Coffee Maker, Black with Aroma - Explore 7",SDA,LHA,COFFEE MAKER,0-Month,1,433.91,-433.9,100.0,0.01,0.0,0.01
2023-09-28,2311065488,REUI,7561,,INV,SEP,2023,EAC,E7CM1-50GB,ELECTROLUX,"Coffee Maker, Black with Aroma - Explore 7",SDA,LHA,COFFEE MAKER,0-Month,1,433.91,-433.9,100.0,0.01,0.0,0.01
2023-09-30,2311065704,REEM,3029,,INV,SEP,2023,EAC,4T-C75EK2NX,SHARP,"75 Inch, 4K, Android 11, HDR, Dolby Vision, Dolby Atmos, HDMI 2.1, Made In Japan Panel",CE,LCD/LED TV,LED TV,0-Month,1,5216.52,-2347.83,45.01,2868.69,430.3,3298.99
2023-09-30,2311065826,REUI,1879,,INV,SEP,2023,EAC,55DYAC40,DORA,"55 Inch, UHD 4K, Android 11, Dolby Audio, 2.1 HDMI",CE,LCD/LED TV,LED TV,0-Month,1,1260.0,-217.4,17.25,1042.6,156.39,1198.99
2023-09-30,2321024763,RECA,7233,,INV,SEP,2023,TPC,TW-BK80S2BB(WK),TOSHIBA,"FL Washer 7 kg, 1200 RPM, Real Inverter, 50/60HZ, Thailand",HA,LAUNDRY A,FA FRONT LOADING,0-Month,8,1651.3,-1982.64,15.01,11227.76,1684.16,12911.92
2023-10-02,2321024928,RECA,7233,,INV,OCT,2023,TPC,WF1711XMT,LG,WM FL 17KG / 6 Motion / TurboWash / Wi-Fi / DD Motor,HA,LAUNDRY A,FA FRONT LOADING,0-Month,1,9217.0,-4522.0,49.06,4695.0,704.25,5399.25
2023-10-02,2318003384,RECA,7233,,CM,OCT,2023,EAC,65SUE9500,SKYWORTH,"SKYWORTH  65"" QLED Google TV UHD 4K HDR SMART TV",CE,LCD/LED TV,LED TV,0-Month,-1,3999.0,2087.0,52.19,-1912.0,-286.8,-2198.8
2023-10-14,2311071107,RECA,7233,,INV,OCT,2023,EAC,EC-CAS1820-Z,SHARP,"VAC CLNR DRUM, 20L, 1800W,METAL TUBE - BLUE",SDA,VACCUM CLEANERS,CANNISTER,0-Month,1,390.43,-43.47,11.13,346.96,52.04,399.0
2023-10-16,2311071328,RECA,7233,,INV,OCT,2023,EAC,75SUE9600,SKYWORTH,"Skyworth 75"" 4K UHD MiniLED TV (Google TV) - 120Hz",CE,LCD/LED TV,LED TV,0-Month,1,6956.0,-3479.0,50.01,3477.0,521.55,3998.55
2023-10-18,2311071752,RECA,7233,,INV,OCT,2023,EAC,WWS18K23I,WHITE WESTINGHOUSE,Indoor split  A/C 18400 BTU Cool - WiFi,HVPAC,WALL SPLITS,SAC WALL ROTARY,0-Month,1,999.57,-43.48,4.35,956.09,143.41,1099.5
2023-10-26,2311072654,RECA,7233,,INV,OCT,2023,EAC,HS18CPVO23,HISENSE,Outdoor Split A/C 18400 BTU Cool - Inverter - WiFi,HVPAC,WALL SPLITS,SAC WALL ROTARY,0-Month,1,1325.65,-326.08,24.6,999.57,149.93,1149.5
2023-10-29,2311073087,RECA,7233,,INV,OCT,2023,EAC,DWD40TBS,DORA,"Bottom Loading Water Dispenser, Black SS, SS Tank",SDA,WATER DISPENSER,FREE STANDING,0-Month,2,868.7,-347.84,20.02,1389.56,208.43,1597.99
2023-10-30,2311073229,RECA,7233,,INV,OCT,2023,EAC,EK-EER73DB,ELECTROLUX,FLOOR STICK RECHARGEABLE 14.4V,SDA,VACCUM CLEANERS,CANNISTER,0-Month,1,668.7,0.0,0.0,668.7,100.31,769.01
2023-10-30,2311073380,RECA,4207,,INV,OCT,2023,EAC,DWD77TDP,DORA,"Top and Bottom Loading Water Dispenser, black with SS",SDA,WATER DISPENSER,FREE STANDING,0-Month,1,1042.61,-432.96,41.53,609.65,91.45,701.1
2023-07-03,2311038635,REEM,3032,,INV,JUL,2023,EAC,X1500EP-BQ647W,ASUS,"ASUS 15.6""/i5-1135G7/8GB/512+32/MX330/W11/BLK",IT,NOTEBOOKS,NOTEBOOKS,0-Month,1,2781.74,-957.51,34.42,1824.23,273.64,2097.87
2023-07-02,2311038617,RECA,7233,,INV,JUL,2023,EAC,WWRAKS510,WHITE WESTINGHOUSE,"Fridge 17.9 CuFt, 230V 60HZ - R600a, Silver, Recessed Handle",HA,REFRIGERATORS,TOP MOUNT,0-Month,1,2346.96,0.0,0.0,2346.96,352.05,2699.01
2023-07-04,2311041373,RECA,7233,,INV,JUL,2023,EAC,WWS30G22I,WHITE WESTINGHOUSE,Indoor Split A/C 27400 BTU Cool,HVPAC,WALL SPLITS,SAC WALL ROTARY,0-Month,1,1803.91,0.0,0.0,1803.91,270.59,2074.5
2023-07-09,2321016220,RECA,7233,,INV,JUL,2023,TPC,VH-J90WBB,TOSHIBA,"TWIN TUB WASHER 8.0 KG, 220-230V 60HZ",HA,LAUNDRY TT,TWIN-TUB,0-Month,1,1303.48,-434.78,33.36,868.7,130.31,999.01
2023-07-09,2311041963,RECA,7233,,INV,JUL,2023,EAC,DS18T23WI,DORA,Indoor Split A/C 18000 BTU Cool WiFi HI-EER Class D R410A,HVPAC,WALL SPLITS,SAC WALL ROTARY,0-Month,5,977.83,-326.1,6.67,4563.05,684.46,5247.51
2023-07-09,2311041963,RECA,7233,,INV,JUL,2023,EAC,DS18T23WC,DORA,Outdoor Split A/C 18000 BTU Cool WiFi HI-EER Class D R410A.,HVPAC,WALL SPLITS,SAC WALL ROTARY,0-Month,5,977.83,-326.1,6.67,4563.05,684.46,5247.51
2023-07-12,2311042243,RECA,7233,,INV,JUL,2023,EAC,R-20AS(W),SHARP,"20L BASIC MICROWAVE, WHITE, 220V/60HZ - White",SDA,MICROWAVE,BASIC,0-Month,1,286.09,-43.48,15.2,242.61,36.39,279.0
2023-07-11,2311042191,REUI,7561,,INV,JUL,2023,EAC,PIPE V-30/36,WHITE WESTINGHOUSE,5 Meter copper pipe for 30K/36K Split AC,HVPAC,ACCESSORIES,PIPE,0-Month,1,0.01,0.0,0.0,0.01,0.01,0.02
2023-07-11,2311042176,REEM,3029,,INV,JUL,2023,EAC,4T-C65DL6NX,SHARP,"65"" 4K LED TV WITH ANDROID 10.0 HDR",CE,LCD/LED TV,LED TV,0-Month,1,2694.78,-347.82,12.91,2346.96,352.04,2699.0
2023-07-13,2311042362,RECA,7233,,INV,JUL,2023,EAC,WWS24G23WI,WHITE WESTINGHOUSE,Indoor Split A/C 22100 BTU Cool,HVPAC,WALL SPLITS,SAC WALL ROTARY,0-Month,1,1303.91,0.0,0.0,1303.91,195.59,1499.5
2023-07-13,2311042411,RECA,7233,,INV,JUL,2023,EAC,DS18T23WI,DORA,Indoor Split A/C 18000 BTU Cool WiFi HI-EER Class D R410A,HVPAC,WALL SPLITS,SAC WALL ROTARY,0-Month,1,977.83,-65.22,6.67,912.61,136.89,1049.5
2023-07-18,2311043055,RECA,7233,,INV,JUL,2023,EAC,AU-A36ZCS,SHARP,Outdoor Split A/C 32200 BTU Cool HI-EER Class D R410A,HVPAC,WALL SPLITS,SAC WALL ROTARY,0-Month,1,2956.08,-956.51,32.36,1999.57,299.94,2299.51
2023-07-22,2321017126,RECA,7233,,INV,JUL,2023,TPC,LD141BBSIT,LG,Fridge 1D 13.6 Cu. Ft / Multi Air Flow / Express Cool,HA,REFRIGERATORS,ALL REFRIGERATOR,0-Month,1,3390.0,0.0,0.0,3390.0,508.5,3898.5
2023-07-25,2311043868,RECA,7233,,INV,JUL,2023,EAC,WWA25G22R,WHITE WESTINGHOUSE,Window A/C 21800 BTU Cool,HVPAC,WAC,WAC ROTARY,0-Month,1,1738.26,0.0,0.0,1738.26,260.74,1999.0
2023-07-26,2311043901,RECA,7233,,INV,JUL,2023,EAC,WWS24G23WI,WHITE WESTINGHOUSE,Indoor Split A/C 22100 BTU Cool,HVPAC,WALL SPLITS,SAC WALL ROTARY,0-Month,1,1303.91,0.0,0.0,1303.91,195.59,1499.5
2023-07-25,2311043833,RECA,7233,,INV,JUL,2023,EAC,WWA25G22R,WHITE WESTINGHOUSE,Window A/C 21800 BTU Cool,HVPAC,WAC,WAC ROTARY,0-Month,1,1738.26,0.0,0.0,1738.26,260.74,1999.0
2023-07-27,2311044032,RECA,7233,,INV,JUL,2023,EAC,GX40Q17228,LENOVO,"LENOVO 15.6"" Laptop Casual Backpack B210 Green-ROW",IT,ACCESSORIES,CARRY CASE,0-Month,1,86.0,-86.0,100.0,0.0,0.0,0.0
2023-07-28,2311044059,REUI,7596,,INV,JUL,2023,EAC,WWA20K22R,WHITE WESTINGHOUSE,Window A/C 18000 BTU Cool,HVPAC,WAC,WAC ROTARY,0-Month,1,1303.48,-0.01,0.0,1303.47,195.52,1498.99
2023-08-02,2311045626,REUI,7561,,INV,AUG,2023,EAC,WWS24G23WI,WHITE WESTINGHOUSE,Indoor Split A/C 22100 BTU Cool,HVPAC,WALL SPLITS,SAC WALL ROTARY,0-Month,1,1303.91,0.0,0.0,1303.91,195.59,1499.5
2023-08-03,2311048524,REUI,1879,,INV,AUG,2023,EAC,WWS18G22C,WHITE WESTINGHOUSE,Outdoor Split A/C 17800 BTU Cool,HVPAC,WALL SPLITS,SAC WALL ROTARY,0-Month,5,1130.0,-513.6,9.09,5136.4,770.46,5906.86
2023-08-05,2311048579,RECA,7233,,INV,AUG,2023,EAC,PIPE V-30/36,WHITE WESTINGHOUSE,5 Meter copper pipe for 30K/36K Split AC,HVPAC,ACCESSORIES,PIPE,0-Month,1,0.01,0.0,0.0,0.01,0.01,0.02
2023-08-09,2311049419,RECA,4207,,INV,AUG,2023,EAC,AU-A12WCS,SHARP,Outdoor Split A/C 11600 BTU Cool HI-EER Class D R410A,HVPAC,WALL SPLITS,SAC WALL ROTARY,0-Month,1,1216.96,-453.24,37.24,763.72,114.56,878.28
2023-08-15,2321019092,RECA,7233,,INV,AUG,2023,TPC,DW-14F1ME(S),TOSHIBA,Dish Washer FS 14 Place Settings 6 Prog Silver,HA,DISH WASHER,FREE STANDING,0-Month,1,1390.43,-86.95,6.25,1303.48,195.52,1499.0
2023-08-19,2311050921,RECA,7233,,INV,AUG,2023,EAC,WWA20K22R,WHITE WESTINGHOUSE,Window A/C 18000 BTU Cool,HVPAC,WAC,WAC ROTARY,0-Month,1,1303.48,-0.01,0.0,1303.47,195.52,1498.99
2023-08-23,2311051577,RECA,7233,,INV,AUG,2023,EAC,WWS30G22I,WHITE WESTINGHOUSE,Indoor Split A/C 27400 BTU Cool,HVPAC,WALL SPLITS,SAC WALL ROTARY,0-Month,1,1803.91,0.0,0.0,1803.91,270.59,2074.5
2023-08-24,2311051733,RECA,7233,,INV,AUG,2023,EAC,EC-CAS2422-Z,SHARP,"VAC CLNR DRUM, 22L, 2400W,METAL TUBE - GOLD",SDA,VACCUM CLEANERS,CANNISTER,0-Month,1,520.87,-86.96,16.7,433.91,65.09,499.0
2023-08-25,2321020003,RECA,7233,,INV,AUG,2023,TPC,GR-RS780WI-PGU(22),TOSHIBA,"SBS 19.4 Cf-549L,Inverter,PBIO,Max Humid,Alloy Cool-Bk Glass",HA,REFRIGERATORS,SIDE BY SIDE,0-Month,1,3738.26,-260.87,6.98,3477.39,521.6,3998.99
2023-08-26,2311051875,RECA,4207,,INV,AUG,2023,EAC,WWA20K22R,WHITE WESTINGHOUSE,Window A/C 18000 BTU Cool,HVPAC,WAC,WAC ROTARY,0-Month,1,1303.48,-65.17,5.0,1238.31,185.75,1424.06
2023-08-27,2311052595,RECA,7233,,INV,AUG,2023,EAC,FS-5003,LOCAL,FujiStar HDMI Cable 3M,CE,OTHERS,OTHERS,0-Month,1,25.21,0.0,0.0,25.21,3.79,29.0
2023-08-30,2311053166,RECA,7233,,INV,AUG,2023,EAC,DS18T23WI,DORA,Indoor Split A/C 18000 BTU Cool WiFi HI-EER Class D R410A,HVPAC,WALL SPLITS,SAC WALL ROTARY,0-Month,2,977.83,-130.44,6.67,1825.22,273.78,2099.0
2023-09-04,2321021540,RECA,7233,,INV,SEP,2023,TPC,VH-K130WBB,TOSHIBA,"TWIN TUB WASHER 12.0 KG, 220-230V 60HZ",HA,LAUNDRY TT,TWIN-TUB,0-Month,1,1651.3,-434.78,26.33,1216.52,182.48,1399.0
2023-09-10,2311059940,RECA,7233,,INV,SEP,2023,EAC,WWS12K23C,WHITE WESTINGHOUSE,Outdoor split  A/C 12000 BTU Cool - WiFi,HVPAC,WALL SPLITS,SAC WALL ROTARY,0-Month,1,847.39,-43.48,5.13,803.91,120.58,924.49
2023-09-11,2311060082,REEM,3064,,INV,SEP,2023,EAC,MQ9E3AH/A,APPLE MACINTOSH,iPhone 14 Pro Max 256GB Deep Purple,TELECOM,MOBILES,SMART PHONES,0-Month,1,5042.61,-434.78,8.62,4607.83,691.18,5299.01
2023-09-13,2311062261,RECA,7233,,INV,SEP,2023,EAC,PIPE V-30/36,WHITE WESTINGHOUSE,5 Meter copper pipe for 30K/36K Split AC,HVPAC,ACCESSORIES,PIPE,0-Month,1,0.01,0.0,0.0,0.01,0.01,0.02
2023-09-16,2311062475,RECA,7233,,INV,SEP,2023,EAC,WWS24G23WI,WHITE WESTINGHOUSE,Indoor Split A/C 22100 BTU Cool,HVPAC,WALL SPLITS,SAC WALL ROTARY,0-Month,1,1303.91,0.0,0.0,1303.91,195.59,1499.5
2023-09-17,2311062525,RECA,7233,,INV,SEP,2023,EAC,WWS24K23C,WHITE WESTINGHOUSE,Outdoor split  A/C 23000 BTU Cool - WiFi,HVPAC,WALL SPLITS,SAC WALL ROTARY,0-Month,1,1260.43,-43.47,3.45,1216.96,182.54,1399.5
2023-09-13,2318002685,RECA,7233,,CM,SEP,2023,EAC,WWS24G23WC,WHITE WESTINGHOUSE,Outdoor Split A/C 22100 BTU Cool WiFi,HVPAC,WALL SPLITS,SAC WALL ROTARY,0-Month,-1,1303.91,0.0,0.0,-1303.91,-195.59,-1499.5
2023-09-19,2311062970,RECA,7233,,INV,SEP,2023,EAC,FA41-402GY,ELECTROLUX,Flow A4 - Air Purifier with Anti-bacterial HEPA & Touch UI,SDA,AIR PURIFIER,RESIDENTIAL,0-Month,1,1129.57,-565.22,50.04,564.35,84.65,649.0
2023-09-21,2311063294,RECA,7233,,INV,SEP,2023,EAC,WWS24G23WI,WHITE WESTINGHOUSE,Indoor Split A/C 22100 BTU Cool,HVPAC,WALL SPLITS,SAC WALL ROTARY,0-Month,1,1303.91,0.0,0.0,1303.91,195.59,1499.5
2023-09-20,2311063222,RECA,7233,,INV,SEP,2023,EAC,EK-EER73DB,ELECTROLUX,FLOOR STICK RECHARGEABLE 14.4V,SDA,VACCUM CLEANERS,CANNISTER,0-Month,1,668.7,-668.63,99.99,0.07,0.01,0.08
2023-09-24,2311063453,RECA,7233,,INV,SEP,2023,EAC,EK-EER73DB,ELECTROLUX,FLOOR STICK RECHARGEABLE 14.4V,SDA,VACCUM CLEANERS,CANNISTER,0-Month,1,668.7,-668.69,100.0,0.01,0.0,0.01
2023-09-24,2321023255,RECA,7233,,INV,SEP,2023,TPC,DW-14F1ME(S),TOSHIBA,Dish Washer FS 14 Place Settings 6 Prog Silver,HA,DISH WASHER,FREE STANDING,0-Month,1,1390.43,-86.95,6.25,1303.48,195.52,1499.0
2023-09-22,2321023226,RECA,7233,,INV,SEP,2023,TPC,DFB425FW,LG,14 Place Setting/Steam/Wi-fi/Smart Rack/3rd Rack,HA,DISH WASHER,FREE STANDING,0-Month,1,2434.0,0.0,0.0,2434.0,365.1,2799.1
2023-09-26,2311064448,RECA,7233,,INV,SEP,2023,EAC,85DYQC40,DORA,"85"" 4K QLED, Android 11, HDR, Dolby Audio, 2.1 HDMI, MEMC, Dolby Atmos, Dolby Vision, DVB T2/S2",CE,LCD/LED TV,LED TV,0-Month,1,6955.65,-3043.48,43.76,3912.17,586.82,4498.99
2023-09-27,2311064615,RECA,7233,,INV,SEP,2023,EAC,E7CM1-50GB,ELECTROLUX,"Coffee Maker, Black with Aroma - Explore 7",SDA,LHA,COFFEE MAKER,0-Month,1,433.91,-433.87,99.99,0.04,0.0,0.04
2023-09-27,2311064810,REUI,7561,,INV,SEP,2023,EAC,E7CM1-50GB,ELECTROLUX,"Coffee Maker, Black with Aroma - Explore 7",SDA,LHA,COFFEE MAKER,0-Month,1,433.91,-433.9,100.0,0.01,0.0,0.01
2023-09-28,2311065035,RECA,7233,,INV,SEP,2023,EAC,EM-CP31-W3,SHARP,"Chopper, 350W, 1.2Ltr, Glass Bowl",SDA,LHA,CHOPPER,0-Month,1,129.57,-17.4,13.43,112.17,16.83,129.0
2023-09-28,2311065403,RECA,7233,,INV,SEP,2023,EAC,EK-EER73DB,ELECTROLUX,FLOOR STICK RECHARGEABLE 14.4V,SDA,VACCUM CLEANERS,CANNISTER,0-Month,1,668.7,-668.69,100.0,0.01,0.0,0.01
2023-09-30,2311065826,REUI,1879,,INV,SEP,2023,EAC,WWS24G23WC,WHITE WESTINGHOUSE,Outdoor Split A/C 22100 BTU Cool WiFi,HVPAC,WALL SPLITS,SAC WALL ROTARY,0-Month,1,1303.91,0.0,0.0,1303.91,195.59,1499.5
2023-09-30,2321024746,RECA,7233,,INV,SEP,2023,TPC,WTS16HHDK,LG,WM TL 16KG/TurboWash3D™/Wi-Fi/Tub Clean/Steam/DD Motor,HA,LAUNDRY A,FA TOP LOADING,0-Month,1,5608.0,-2044.0,36.45,3564.0,534.6,4098.6
2023-09-30,2311065998,RECA,7233,,INV,SEP,2023,EAC,WWS36G22I,WHITE WESTINGHOUSE,Indoor Split A/C 32200 BTU Cool,HVPAC,WALL SPLITS,SAC WALL ROTARY,0-Month,2,2173.48,-217.4,5.0,4129.56,619.44,4749.0
2023-10-01,2311066059,RECA,7233,,INV,OCT,2023,EAC,EK-EEWA7300AR,ELECTROLUX,KETTLE 2400W 1.7L  STAINLESS STEEL,SDA,LHA,ELECTRIC KETTLE,0-Month,1,260.0,-132.08,50.8,127.92,19.18,147.1
2023-10-06,2311070063,RECA,7233,,INV,OCT,2023,EAC,WWS18K23C,WHITE WESTINGHOUSE,Outdoor split  A/C 18400 BTU Cool - WiFi,HVPAC,WALL SPLITS,SAC WALL ROTARY,0-Month,1,999.57,-43.48,4.35,956.09,143.41,1099.5
2023-10-08,2311070199,REUI,7561,,INV,OCT,2023,EAC,55DYAC40,DORA,"55 Inch, UHD 4K, Android 11, Dolby Audio, 2.1 HDMI",CE,LCD/LED TV,LED TV,0-Month,1,1260.0,-217.39,17.25,1042.61,156.39,1199.0
2023-10-09,2311070384,RECA,4207,,INV,OCT,2023,EAC,WWS30K23C,WHITE WESTINGHOUSE,Outdoor split  A/C 27000 BTU Cool - WiFi,HVPAC,WALL SPLITS,SAC WALL ROTARY,0-Month,1,1738.7,-128.27,7.38,1610.43,241.56,1851.99
2023-10-10,2311070590,RECO,7183,,INV,OCT,2023,EAC,WWS18G22I,WHITE WESTINGHOUSE,Indoor Split A/C 17800 BTU Cool,HVPAC,WALL SPLITS,SAC WALL ROTARY,0-Month,1,1130.0,0.0,0.0,1130.0,169.5,1299.5
2023-10-10,2311070585,RECA,7233,,INV,OCT,2023,EAC,WWS24G23WC,WHITE WESTINGHOUSE,Outdoor Split A/C 22100 BTU Cool WiFi,HVPAC,WALL SPLITS,SAC WALL ROTARY,0-Month,1,1303.91,0.0,0.0,1303.91,195.59,1499.5
2023-10-13,2311071048,REUI,7561,,INV,OCT,2023,EAC,WWS18K23I,WHITE WESTINGHOUSE,Indoor split  A/C 18400 BTU Cool - WiFi,HVPAC,WALL SPLITS,SAC WALL ROTARY,0-Month,1,999.57,-43.48,4.35,956.09,143.41,1099.5
2023-10-12,2311071039,RECA,7233,,INV,OCT,2023,EAC,55DYAC40,DORA,"55 Inch, UHD 4K, Android 11, Dolby Audio, 2.1 HDMI",CE,LCD/LED TV,LED TV,0-Month,1,1260.0,-217.39,17.25,1042.61,156.39,1199.0
2023-10-14,2321026191,REUI,7596,,INV,OCT,2023,TPC,AW-UK1100HUPBB(SG),TOSHIBA,"TL Washer 10kg, UFB Wash, 220-230V, 60HZ - Silver",HA,LAUNDRY A,FA TOP LOADING,0-Month,1,1738.26,-173.91,10.0,1564.35,234.65,1799.0
2023-10-17,2311071537,REUI,7561,,INV,OCT,2023,EAC,WWA20K22R,WHITE WESTINGHOUSE,Window A/C 18000 BTU Cool,HVPAC,WAC,WAC ROTARY,0-Month,1,1346.96,-43.48,3.23,1303.48,195.52,1499.0
2023-10-25,2321027232,RECA,7233,,INV,OCT,2023,TPC,TBA-36LMG5G089KS-SA,TOSHIBA,"Gas Cooker 90x60, 5 burner with Rotisserie & Convection - SS",HA,COOKING RANGE,GAS COOKER,0-Month,1,1999.13,-173.91,8.7,1825.22,273.78,2099.0
2023-10-28,2321027428,REUI,7596,,INV,OCT,2023,TPC,GR-RT624WE-PMU(37),TOSHIBA,"Fridge 16.40 Cft (463L), Inverter - Satin Grey",HA,REFRIGERATORS,TOP MOUNT,0-Month,1,2607.83,-260.87,10.0,2346.96,352.04,2699.0
2023-10-30,2311073187,RECA,4207,,INV,OCT,2023,EAC,WWS24K23C,WHITE WESTINGHOUSE,Outdoor split  A/C 23000 BTU Cool - WiFi,HVPAC,WALL SPLITS,SAC WALL ROTARY,0-Month,2,1260.43,-208.66,8.28,2312.2,346.83,2659.03
2023-10-31,2321027841,REUI,7561,,INV,OCT,2023,TPC,WFV0812WH,LG,WM FL 8KG/Elegant Metal Knob/Wi-Fi/Tempered Glass Door,HA,LAUNDRY A,FA FRONT LOADING,0-Month,1,3303.0,-1217.0,36.85,2086.0,312.9,2398.9
2023-07-02,2311038618,REUI,1879,,INV,JUL,2023,EAC,WWS18G22I,WHITE WESTINGHOUSE,Indoor Split A/C 17800 BTU Cool,HVPAC,WALL SPLITS,SAC WALL ROTARY,0-Month,3,1130.0,-308.16,9.09,3081.84,462.27,3544.11
2023-07-10,2311041982,RECA,7233,,INV,JUL,2023,EAC,WWA20K22R,WHITE WESTINGHOUSE,Window A/C 18000 BTU Cool,HVPAC,WAC,WAC ROTARY,0-Month,1,1303.48,-346.95,26.62,956.53,143.48,1100.01
2023-07-16,2311042867,RECA,7233,,INV,JUL,2023,EAC,WWS30G22C,WHITE WESTINGHOUSE,Outdoor Split A/C 27400 BTU Cool,HVPAC,WALL SPLITS,SAC WALL ROTARY,0-Month,1,1803.91,0.0,0.0,1803.91,270.59,2074.5
2023-07-16,2311042888,RECA,4207,,INV,JUL,2023,EAC,WWS24G23WC,WHITE WESTINGHOUSE,Outdoor Split A/C 22100 BTU Cool WiFi,HVPAC,WALL SPLITS,SAC WALL ROTARY,0-Month,1,1303.91,-65.19,5.0,1238.72,185.81,1424.53
2023-07-18,2311043084,REUI,7286,,INV,JUL,2023,EAC,MQ9E3AH/A,APPLE MACINTOSH,iPhone 14 Pro Max 256GB Deep Purple,TELECOM,MOBILES,SMART PHONES,0-Month,4,5042.61,0.0,0.0,20170.44,3025.57,23196.01
2023-07-20,2311043488,REEM,3027,,INV,JUL,2023,EAC,WWA25G22R,WHITE WESTINGHOUSE,Window A/C 21800 BTU Cool,HVPAC,WAC,WAC ROTARY,0-Month,2,1738.26,0.0,0.0,3476.52,521.48,3998.0
2023-07-23,2311043632,RECA,7233,,INV,JUL,2023,EAC,WWCFAK550,WHITE WESTINGHOUSE,"CHEST FREEZER 18.4 CU FT, 230V 60HZ, R600A",HA,FREEZERS,CHEST FREEZERS,0-Month,1,2607.83,-913.05,35.01,1694.78,254.22,1949.0
2023-07-24,2321017157,REEM,4986,,INV,JUL,2023,TPC,GR-A33AS(SK),TOSHIBA,"FRIDGE 8.1 CFT (231L), 230V 60HZ - Metallic Grey",HA,REFRIGERATORS,TOP MOUNT,0-Month,1,1825.22,-86.96,4.76,1738.26,260.74,1999.0
2023-07-24,2311043789,RECA,7233,,INV,JUL,2023,EAC,WWS30T22PI,WHITE WESTINGHOUSE,Indoor Split A/C 27800 BTU Cool,HVPAC,WALL SPLITS,SAC WALL ROTARY,0-Month,1,2260.43,-739.13,32.7,1521.3,228.2,1749.5
2023-07-27,2321017261,RECA,7233,,INV,JUL,2023,TPC,DW-14F1ME(W),TOSHIBA,Dish Washer FS 14 Place Settings 6 Prog White,HA,DISH WASHER,FREE STANDING,0-Month,1,1390.43,-173.91,12.51,1216.52,182.48,1399.0
2023-08-06,2311048650,REUI,7596,,INV,AUG,2023,EAC,WWA25G9R,WHITE WESTINGHOUSE,Window A/C 21800 BTU Cool HI-EER Class F R410A,HVPAC,WAC,WAC ROTARY,0-Month,1,2129.57,-434.79,20.42,1694.78,254.22,1949.0
2023-08-05,2311048558,RECA,7233,,INV,AUG,2023,EAC,PIPE V-12/18,WHITE WESTINGHOUSE,4 Meter copper pipe for 12K/18K Split AC,HVPAC,ACCESSORIES,PIPE,0-Month,1,0.01,0.0,0.0,0.01,0.01,0.02
2023-08-08,2311048915,RECA,4207,,INV,AUG,2023,EAC,AH-A12WCS,SHARP,Indoor Split A/C 11600 BTU Cool HI-EER Class D R410A,HVPAC,WALL SPLITS,SAC WALL ROTARY,0-Month,5,1216.96,-2266.2,37.24,3818.6,572.79,4391.39
2023-08-14,2311050212,REUI,7596,,INV,AUG,2023,EAC,PIPE V-12/18,WHITE WESTINGHOUSE,4 Meter copper pipe for 12K/18K Split AC,HVPAC,ACCESSORIES,PIPE,0-Month,1,0.01,0.0,0.0,0.01,0.01,0.02
2023-08-17,2311050797,REUI,7561,,INV,AUG,2023,EAC,DS18T23WC,DORA,Outdoor Split A/C 18000 BTU Cool WiFi HI-EER Class D R410A.,HVPAC,WALL SPLITS,SAC WALL ROTARY,0-Month,2,977.83,-163.06,8.34,1792.6,268.89,2061.49
2023-08-20,2311051198,REEM,3064,,INV,AUG,2023,EAC,MNP13AE/A,APPLE MACINTOSH,Apple Watch S8 GPS 45mm Midnight Al Case W/MN Band,TELECOM,WEARABLES,WATCHES,0-Month,1,1712.17,-60.87,3.56,1651.3,247.69,1898.99
2023-08-22,2311051487,RECA,7233,,INV,AUG,2023,EAC,WWA20K22R,WHITE WESTINGHOUSE,Window A/C 18000 BTU Cool,HVPAC,WAC,WAC ROTARY,0-Month,1,1303.48,-0.01,0.0,1303.47,195.52,1498.99
2023-08-26,2321020026,RECA,7233,,INV,AUG,2023,TPC,75U7880EE,TOSHIBA,"75"" ULTRA HD 4K LED TV WITH ANDROID 8.0",CE,LCD/LED TV,ULTRA HD,0-Month,1,7173.04,-5521.73,76.98,1651.31,247.7,1899.01
2023-08-27,2311052592,RECA,7233,,INV,AUG,2023,EAC,WWS18K23C,WHITE WESTINGHOUSE,Outdoor split  A/C 18400 BTU Cool - WiFi,HVPAC,WALL SPLITS,SAC WALL ROTARY,0-Month,1,999.57,-43.48,4.35,956.09,143.41,1099.5
2023-08-27,2311052592,RECA,7233,,INV,AUG,2023,EAC,WWS24K23C,WHITE WESTINGHOUSE,Outdoor split  A/C 23000 BTU Cool - WiFi,HVPAC,WALL SPLITS,SAC WALL ROTARY,0-Month,1,1260.43,-43.47,3.45,1216.96,182.54,1399.5
2023-08-30,2311053221,RECA,7233,,INV,AUG,2023,EAC,PIPE V-30/36,WHITE WESTINGHOUSE,5 Meter copper pipe for 30K/36K Split AC,HVPAC,ACCESSORIES,PIPE,0-Month,3,0.01,0.0,0.0,0.03,0.01,0.04
2023-09-04,2311054482,RECA,4207,,INV,SEP,2023,EAC,DS18T23WC,DORA,Outdoor Split A/C 18000 BTU Cool WiFi HI-EER Class D R410A.,HVPAC,WALL SPLITS,SAC WALL ROTARY,0-Month,1,977.83,-110.88,11.34,866.95,130.04,996.99
2023-09-06,2311054759,RECA,7233,,INV,SEP,2023,EAC,DWD40TBS,DORA,"Bottom Loading Water Dispenser, Black SS, SS Tank",SDA,WATER DISPENSER,FREE STANDING,0-Month,1,868.7,-173.92,20.02,694.78,104.22,799.0
2023-09-07,2321021778,RECA,7233,,INV,SEP,2023,TPC,VC-DR180ABF(R),TOSHIBA,"VAC CLNR DRUM, 20L, 1800W,S Steel Tube - Blck/Red",SDA,VACCUM CLEANERS,DRUM,0-Month,1,390.43,-43.47,11.13,346.96,52.04,399.0
2023-09-10,2311059875,RECA,7233,,INV,SEP,2023,EAC,WWS24K23HI,WHITE WESTINGHOUSE,Indoor split  A/C 23000 BTU Heat Cool - WiFi,HVPAC,WALL SPLITS,SAC WALL ROTARY,0-Month,1,1347.39,-43.48,3.23,1303.91,195.58,1499.49
2023-09-10,2311059889,RECA,7233,,INV,SEP,2023,EAC,R-75AS(S),SHARP,"25L GRILL MICROWAVE, STEEL, 220V/60HZ - Stainless Steel",SDA,MICROWAVE,BASIC,0-Month,1,477.39,-477.34,99.99,0.05,0.0,0.05
2023-09-16,2311062482,REUI,7561,,INV,SEP,2023,EAC,DPA20T23R,DORA,Window A/C 18000 BTU Cool HI-EER Class F R410A,HVPAC,WAC,WAC ROTARY,0-Month,1,1216.52,0.0,0.0,1216.52,182.48,1399.0
2023-09-20,2321023094,RECA,7233,,INV,SEP,2023,TPC,AW-DK1775WUPBB(WK),TOSHIBA,"TL WASHER 15 KG,UFB WASH,SDD INVERTER,60HZ - WHITE/BLACK",HA,LAUNDRY A,FA TOP LOADING,0-Month,1,2433.91,-478.26,19.65,1955.65,293.35,2249.0
2023-09-21,2321023136,RECA,4207,,INV,SEP,2023,TPC,TW-BK90G4BB(SK),TOSHIBA,"FL Washer 8kg,1400 RPM,Orgn Inverter,Digital Display-Silver",HA,LAUNDRY A,FA FRONT LOADING,0-Month,1,2346.96,-781.74,33.31,1565.22,234.78,1800.0
2023-09-24,2321023269,RECA,7233,,INV,SEP,2023,TPC,AW-K800AUPBB(WW),TOSHIBA,"TL Washer 7kg,Pump,Great Wave,Glass Lid,60hz - White",HA,LAUNDRY A,FA TOP LOADING,0-Month,1,1303.48,-260.87,20.01,1042.61,156.39,1199.0
2023-09-23,2321023243,RECA,7233,,INV,SEP,2023,TPC,VC-DR180ABF(R),TOSHIBA,"VAC CLNR DRUM, 20L, 1800W,S Steel Tube - Blck/Red",SDA,VACCUM CLEANERS,DRUM,0-Month,2,390.43,-173.9,22.27,606.96,91.04,698.0
2023-09-25,2311063636,REEM,4250,,INV,SEP,2023,EAC,FS-809,LOCAL,"Wall Mount Bracket 32""-70"" LCD/LED TV",CE,OTHERS,OTHERS,0-Month,1,33.92,-33.91,99.97,0.01,0.0,0.01
2023-09-25,2321023371,RECA,7233,,INV,SEP,2023,TPC,WSV0906WH,LG,WM FL Combo (9/6KG)/1400 RPM/Wi-Fi/6 Motion/AI DD Motor,HA,LAUNDRY A,WASHER DRYER COMBO,0-Month,1,2608.0,0.0,0.0,2608.0,391.2,2999.2
2023-09-30,2321024559,REEM,3029,,INV,SEP,2023,TPC,LS19GBBDI,LG,Ref SxS 17.9 Cu. Ft / Pocket Handle / Inverter Compressor,HA,REFRIGERATORS,SIDE BY SIDE,0-Month,1,6521.0,-3304.48,50.67,3216.52,482.47,3698.99
2023-09-30,2311065826,REUI,1879,,INV,SEP,2023,EAC,WWS18G22I,WHITE WESTINGHOUSE,Indoor Split A/C 17800 BTU Cool,HVPAC,WALL SPLITS,SAC WALL ROTARY,0-Month,2,1130.0,0.0,0.0,2260.0,339.0,2599.0
2023-09-30,2311065969,REUI,7596,,INV,SEP,2023,EAC,WWA20K22R,WHITE WESTINGHOUSE,Window A/C 18000 BTU Cool,HVPAC,WAC,WAC ROTARY,0-Month,1,1346.96,-43.49,3.23,1303.47,195.52,1498.99
2023-09-30,2321024763,RECA,7233,,INV,SEP,2023,TPC,TD-K90MEBB(WK),TOSHIBA,"Dryer, 8kg, Inverter, Condensing, 60hz - White",HA,LAUNDRY,DRYER,0-Month,1,2173.04,-521.74,24.01,1651.3,247.69,1898.99
2023-09-30,2321024749,RECA,4207,,INV,SEP,2023,TPC,GR-RT559WE-PMU(37),TOSHIBA,"Fridge 14.50 Cft (411L), Inverter - Satin Grey",HA,REFRIGERATORS,TOP MOUNT,0-Month,1,2173.04,-373.83,17.2,1799.21,269.88,2069.09
2023-10-08,2311070258,RECA,4207,,INV,OCT,2023,EAC,WWS30K23I,WHITE WESTINGHOUSE,Indoor split  A/C 27000 BTU Cool - WiFi,HVPAC,WALL SPLITS,SAC WALL ROTARY,0-Month,1,1738.7,-43.49,2.5,1695.21,254.28,1949.49
2023-10-17,2311071551,RECA,7233,,INV,OCT,2023,EAC,DWD77TDP,DORA,"Top and Bottom Loading Water Dispenser, black with SS",SDA,WATER DISPENSER,FREE STANDING,0-Month,2,1042.61,-730.44,35.03,1354.78,203.22,1558.0
2023-10-26,2311072654,RECA,7233,,INV,OCT,2023,EAC,HS18CPVI23,HISENSE,Indoor Split A/C 18400 BTU Cool - Inverter - WiFi,HVPAC,WALL SPLITS,SAC WALL ROTARY,0-Month,1,1325.65,-326.08,24.6,999.57,149.93,1149.5
2023-10-31,2318003581,RECA,7233,,CM,OCT,2023,EAC,EK-EER73DB,ELECTROLUX,FLOOR STICK RECHARGEABLE 14.4V,SDA,VACCUM CLEANERS,CANNISTER,0-Month,-1,668.7,0.0,0.0,-668.7,-100.31,-769.01
2023-07-04,2311041409,RECA,7233,,INV,JUL,2023,EAC,PIPE-18/24,WHITE WESTINGHOUSE,4 Meter copper pipe for 18K/24K Split AC,HVPAC,ACCESSORIES,PIPE,0-Month,1,0.01,0.0,0.0,0.01,0.01,0.02
2023-07-04,2311038701,RECA,7233,,INV,JUL,2023,EAC,DWD60UBW,DORA,"Bottom Loading UV Lamp Sterilizer, White, SS Tank",SDA,WATER DISPENSER,FREE STANDING,0-Month,1,1042.61,-304.35,29.19,738.26,110.74,849.0
2023-07-05,2311041552,RECA,7233,,INV,JUL,2023,EAC,WWFLD10VW08,WHITE WESTINGHOUSE,"FRONT LOAD CONDENSOR DRYER 8KG, WITH PUMP",HA,LAUNDRY A,DRYER,0-Month,1,1738.26,-347.83,20.01,1390.43,208.56,1598.99
2023-07-10,2311042007,RECA,7233,,INV,JUL,2023,EAC,PIPE-36,WHITE WESTINGHOUSE,5 Meter copper pipe for 36K Split AC,HVPAC,ACCESSORIES,PIPE,0-Month,1,0.01,0.0,0.0,0.01,0.01,0.02
2023-07-11,2311042182,RECO,7183,,INV,JUL,2023,EAC,WWS30G22I,WHITE WESTINGHOUSE,Indoor Split A/C 27400 BTU Cool,HVPAC,WALL SPLITS,SAC WALL ROTARY,0-Month,1,1803.91,-118.01,6.54,1685.9,252.88,1938.78
2023-07-12,2311042263,RECA,7233,,INV,JUL,2023,EAC,PIPE V-12/18,WHITE WESTINGHOUSE,4 Meter copper pipe for 12K/18K Split AC,HVPAC,ACCESSORIES,PIPE,0-Month,1,0.01,0.0,0.0,0.01,0.01,0.02
2023-07-17,2321016764,REEM,3029,,INV,JUL,2023,TPC,DFB425FW,LG,14 Place Setting/Steam/Wi-fi/Smart Rack/3rd Rack,HA,DISH WASHER,FREE STANDING,0-Month,1,2956.0,0.0,0.0,2956.0,443.4,3399.4
2023-07-22,2311043575,RECA,7233,,INV,JUL,2023,EAC,DWD77TDP,DORA,"Top and Bottom Loading Water Dispenser, black with SS",SDA,WATER DISPENSER,FREE STANDING,0-Month,1,1042.61,-365.22,35.03,677.39,101.61,779.0
2023-07-26,2311043932,RECA,7233,,INV,JUL,2023,EAC,70SUE9350F,SKYWORTH,"SKYWORTH 70"" Google TV UHD 4K HDR SMART LED TV",CE,LCD/LED TV,LED TV,0-Month,1,2260.0,-173.94,7.7,2086.06,312.9,2398.96
2023-07-27,2311044038,REUI,7287,,INV,JUL,2023,EAC,IPHONE11-128GB-W,APPLE MACINTOSH,iPhone 11 128GB White,TELECOM,MOBILES,SMART PHONES,0-Month,1,2086.09,0.0,0.0,2086.09,312.92,2399.01
2023-07-31,2311044269,REEM,3029,,INV,JUL,2023,EAC,FREE-LAPTOP-BUNDLE,Unspecified,"Port Design 15.6"" LB BLACK/Logitech WL Mouse M170 Grey",OTHERS,OTHERS,OTHERS,0-Month,1,138.26,-138.25,99.99,0.01,0.0,0.01
2023-08-01,2311045192,REUI,7596,,INV,AUG,2023,EAC,WWA20K22R,WHITE WESTINGHOUSE,Window A/C 18000 BTU Cool,HVPAC,WAC,WAC ROTARY,0-Month,1,1303.48,0.0,0.0,1303.48,195.53,1499.01
2023-08-03,2311048443,RECA,7233,,INV,AUG,2023,EAC,WWS24G23WC,WHITE WESTINGHOUSE,Outdoor Split A/C 22100 BTU Cool WiFi,HVPAC,WALL SPLITS,SAC WALL ROTARY,0-Month,1,1303.91,0.0,0.0,1303.91,195.59,1499.5
2023-08-03,2311048534,REUI,7596,,INV,AUG,2023,EAC,DA20K23R,DORA,Window A/C 18000 BTU Cool Hi-EER Class F R410A,HVPAC,WAC,WAC ROTARY,0-Month,1,1260.0,-43.48,3.45,1216.52,182.47,1398.99
2023-08-06,2311048655,RECA,4207,,INV,AUG,2023,EAC,WWO273TD/E,WHITE WESTINGHOUSE,"60 CM INDUCTION HOB, 4 ZONES, SCS",HA,BUILT-IN,HOB,0-Month,1,1807.83,-904.35,50.02,903.48,135.52,1039.0
2023-08-08,2311048918,RECA,7233,,INV,AUG,2023,EAC,WWA25G22R,WHITE WESTINGHOUSE,Window A/C 21800 BTU Cool,HVPAC,WAC,WAC ROTARY,0-Month,1,1738.26,0.0,0.0,1738.26,260.74,1999.0
2023-08-10,2311049468,REUI,7287,,INV,AUG,2023,EAC,PIPE V-12/18,WHITE WESTINGHOUSE,4 Meter copper pipe for 12K/18K Split AC,HVPAC,ACCESSORIES,PIPE,0-Month,4,0.01,0.0,0.0,0.04,0.01,0.05
2023-09-05,2321021626,RECA,4207,,INV,SEP,2023,TPC,TBA-24BMG4G089KS-SA,TOSHIBA,"Gas Cooker 60x60, 4 burner, Auto Ignition & Oven Light - SS",HA,COOKING RANGE,GAS COOKER,0-Month,1,1129.57,-113.05,10.01,1016.52,152.48,1169.0
2023-09-06,2311059569,REUI,7561,,INV,SEP,2023,EAC,WWS24K23I,WHITE WESTINGHOUSE,Indoor split  A/C 23000 BTU Cool - WiFi,HVPAC,WALL SPLITS,SAC WALL ROTARY,0-Month,1,1260.43,-43.47,3.45,1216.96,182.54,1399.5
2023-09-08,2311059799,REUI,7596,,INV,SEP,2023,EAC,WWS30T22PC,WHITE WESTINGHOUSE,Outdoor Split A/C 27800 BTU Cool,HVPAC,WALL SPLITS,SAC WALL ROTARY,0-Month,1,2260.43,-739.13,32.7,1521.3,228.2,1749.5
2023-09-10,2311059910,RECA,4207,,INV,SEP,2023,EAC,AU-A12WCS,SHARP,Outdoor Split A/C 11600 BTU Cool HI-EER Class D R410A,HVPAC,WALL SPLITS,SAC WALL ROTARY,0-Month,2,890.87,-254.3,14.27,1527.44,229.12,1756.56
2023-09-10,2328001486,RECA,7233,,CM,SEP,2023,TPC,GR-RF610WE-PMU(37),TOSHIBA,"FRENCH DOOR 16.20 CFT (457L), INVERTER, 230V - SATIN GREY",HA,REFRIGERATORS,TOP MOUNT,0-Month,-1,3738.26,260.87,6.98,-3477.39,-521.6,-3998.99
2023-09-11,2311060051,RECA,7233,,INV,SEP,2023,EAC,AU-A24ATS,SHARP,Outdoor Split A/C 21000 BTU Cool HI-EER Class D R410A,HVPAC,WALL SPLITS,SAC WALL ROTARY,0-Month,1,1282.17,-21.74,1.7,1260.43,189.06,1449.49
2023-09-17,2311062563,RECA,7233,,INV,SEP,2023,EAC,EO-42NK-3,SHARP,E. Oven 42L 1800W Rotisserie,SDA,LHA,DEEP FRYER,0-Month,1,433.91,-17.38,4.01,416.53,62.48,479.01
2023-09-18,2311062914,RECA,7233,,INV,SEP,2023,EAC,WWS30T22PI,WHITE WESTINGHOUSE,Indoor Split A/C 27800 BTU Cool,HVPAC,WALL SPLITS,SAC WALL ROTARY,0-Month,1,2260.43,-739.13,32.7,1521.3,228.2,1749.5
2023-09-20,2321023072,RECA,7233,,INV,SEP,2023,TPC,MM-EG25PB(BK),TOSHIBA,"25L GRILL MICROWAVE, DIGITAL, STEEL, 220V, 60HZ - Black",SDA,MICROWAVE,GRILL,0-Month,1,433.91,-43.48,10.02,390.43,58.56,448.99
2023-09-21,2311063295,RECA,7233,,INV,SEP,2023,EAC,E7CM1-50GB,ELECTROLUX,"Coffee Maker, Black with Aroma - Explore 7",SDA,LHA,COFFEE MAKER,0-Month,1,433.91,-433.87,99.99,0.04,0.0,0.04
2023-09-22,2311063408,RECA,7233,,INV,SEP,2023,EAC,QW-MB612K-WH3,SHARP,"Dish Washer, 12 Place Setting, 6 Programs - White",HA,DISH WASHER,FREE STANDING,0-Month,1,1129.57,-217.4,19.25,912.17,136.83,1049.0
2023-09-24,2311063453,RECA,7233,,INV,SEP,2023,EAC,75SUE9500,SKYWORTH,"Skyworth 75"" QLED TV 4K UHD Smart (Google TV)",CE,LCD/LED TV,LED TV,0-Month,1,2868.7,0.0,0.0,2868.7,430.31,3299.01
2023-09-28,2311065429,RECA,7233,,INV,SEP,2023,EAC,E7CM1-50GB,ELECTROLUX,"Coffee Maker, Black with Aroma - Explore 7",SDA,LHA,COFFEE MAKER,0-Month,1,433.91,-433.9,100.0,0.01,0.0,0.01
2023-09-30,2311065826,REUI,1879,,INV,SEP,2023,EAC,65SUE9500,SKYWORTH,"SKYWORTH  65"" QLED Google TV UHD 4K HDR SMART TV",CE,LCD/LED TV,LED TV,0-Month,1,3999.0,-2086.83,52.18,1912.17,286.82,2198.99
2023-09-30,2311065970,REUI,7561,,INV,SEP,2023,EAC,WWS18G22C,WHITE WESTINGHOUSE,Outdoor Split A/C 17800 BTU Cool,HVPAC,WALL SPLITS,SAC WALL ROTARY,0-Month,3,1130.0,0.0,0.0,3390.0,508.5,3898.5
2023-09-30,2311066008,RECA,4207,,INV,SEP,2023,EAC,WWS36G22C,WHITE WESTINGHOUSE,Outdoor Split A/C 32200 BTU Cool,HVPAC,WALL SPLITS,SAC WALL ROTARY,0-Month,1,2173.48,-108.67,5.0,2064.81,309.72,2374.53
2023-10-02,2311066216,RECA,7233,,INV,OCT,2023,EAC,DWD77TDP,DORA,"Top and Bottom Loading Water Dispenser, black with SS",SDA,WATER DISPENSER,FREE STANDING,0-Month,1,1042.61,-365.22,35.03,677.39,101.61,779.0
2023-10-11,2311070803,RECA,7233,,INV,OCT,2023,EAC,WWS24K23C,WHITE WESTINGHOUSE,Outdoor split  A/C 23000 BTU Cool - WiFi,HVPAC,WALL SPLITS,SAC WALL ROTARY,0-Month,2,1260.43,-86.94,3.45,2433.92,365.08,2799.0
2023-10-13,2321026121,RECA,7233,,INV,OCT,2023,TPC,GR-H675ABEZZ(W),TOSHIBA,"FRIDGE 18.00 CFT (510L), INVERTER, 230V 60HZ - WHITE",HA,REFRIGERATORS,TOP MOUNT,0-Month,1,2868.7,-260.87,9.09,2607.83,391.17,2999.0
2023-10-16,2321026376,RECA,7233,,INV,OCT,2023,TPC,AW-UK1100HUPBB(SG),TOSHIBA,"TL Washer 10kg, UFB Wash, 220-230V, 60HZ - Silver",HA,LAUNDRY A,FA TOP LOADING,0-Month,1,1738.26,-173.91,10.0,1564.35,234.65,1799.0
2023-10-16,2311071397,RECA,7233,,INV,OCT,2023,EAC,WWCFAK250,WHITE WESTINGHOUSE,"CHEST FREEZER 8.7 CU FT, 230V 60HZ, R600A",HA,FREEZERS,CHEST FREEZERS,0-Month,1,1129.57,0.0,0.0,1129.57,169.44,1299.01
2023-10-17,2311071530,RECA,7233,,INV,OCT,2023,EAC,WWTLAVS16,WHITE WESTINGHOUSE,TL Washer 16KG with Pump Silver Color,HA,LAUNDRY A,FA TOP LOADING,0-Month,1,1738.26,0.0,0.0,1738.26,260.74,1999.0
2023-10-18,2321026642,RECA,7233,,INV,OCT,2023,TPC,AW-DK1775WUPBB(WK),TOSHIBA,"TL WASHER 15 KG,UFB WASH,SDD INVERTER,60HZ - WHITE/BLACK",HA,LAUNDRY A,FA TOP LOADING,0-Month,1,2433.91,-260.87,10.72,2173.04,325.95,2498.99
2023-10-31,2311073454,RECO,7183,,INV,OCT,2023,EAC,MTUG3AH/A,APPLE MACINTOSH,iPhone 15 Pro 256GB Blue,TELECOM,MOBILES,SMART PHONES,0-Month,1,4928.0,-189.24,3.84,4738.76,710.81,5449.57
2023-07-11,2311042192,RECA,7233,,INV,JUL,2023,EAC,EK-EEWA7300AR,ELECTROLUX,KETTLE 2400W 1.7L  STAINLESS STEEL,SDA,LHA,ELECTRIC KETTLE,0-Month,1,260.0,-259.97,99.99,0.03,0.0,0.03
2023-07-18,2311043122,RECA,7233,,INV,JUL,2023,EAC,WWS24G23WI,WHITE WESTINGHOUSE,Indoor Split A/C 22100 BTU Cool,HVPAC,WALL SPLITS,SAC WALL ROTARY,0-Month,1,1303.91,0.0,0.0,1303.91,195.59,1499.5
2023-07-25,2311043834,RECO,7183,,INV,JUL,2023,EAC,WWA20K22R,WHITE WESTINGHOUSE,Window A/C 18000 BTU Cool,HVPAC,WAC,WAC ROTARY,0-Month,5,1303.48,-426.35,6.54,6091.05,913.65,7004.7
2023-07-26,2311043935,RECA,7233,,INV,JUL,2023,EAC,PIPE-30,WHITE WESTINGHOUSE,5 Meter copper pipe for 30K Split AC,HVPAC,ACCESSORIES,PIPE,0-Month,2,0.01,0.0,0.0,0.02,0.01,0.03
2023-07-30,2321017321,RECA,7233,,INV,JUL,2023,TPC,DW-14F1ME(W),TOSHIBA,Dish Washer FS 14 Place Settings 6 Prog White,HA,DISH WASHER,FREE STANDING,0-Month,1,1390.43,-173.91,12.51,1216.52,182.48,1399.0
2023-07-30,2311044184,RECA,7233,,INV,JUL,2023,EAC,WWS24G23WC,WHITE WESTINGHOUSE,Outdoor Split A/C 22100 BTU Cool WiFi,HVPAC,WALL SPLITS,SAC WALL ROTARY,0-Month,1,1303.91,0.0,0.0,1303.91,195.59,1499.5
2023-08-01,2311045459,RECA,7233,,INV,AUG,2023,EAC,WWA20K22R,WHITE WESTINGHOUSE,Window A/C 18000 BTU Cool,HVPAC,WAC,WAC ROTARY,0-Month,1,1303.48,-0.01,0.0,1303.47,195.52,1498.99
2023-08-02,2311048278,REUI,7561,,INV,AUG,2023,EAC,WWS36T22PI,WHITE WESTINGHOUSE,Indoor Split A/C 30600 BTU Cool,HVPAC,WALL SPLITS,SAC WALL ROTARY,0-Month,1,2760.43,-978.26,35.44,1782.17,267.33,2049.5
2023-08-06,2311048649,REUI,7287,,INV,AUG,2023,EAC,65SUE9500,SKYWORTH,"SKYWORTH  65"" QLED Google TV UHD 4K HDR SMART TV",CE,LCD/LED TV,LED TV,0-Month,1,2086.0,0.0,0.0,2086.0,312.9,2398.9
2023-08-10,2321018755,REUI,7561,,INV,AUG,2023,TPC,GR-A720ATE(S),TOSHIBA,"FRIDGE 19.60 CFT (554L), INVERTER, 230V, 50/60HZ - SILVER",HA,REFRIGERATORS,TOP MOUNT,0-Month,1,3912.17,-695.65,17.78,3216.52,482.48,3699.0
2023-08-16,2311050402,RECA,4207,,INV,AUG,2023,EAC,WWS24T22PHC,WHITE WESTINGHOUSE,Outdoor Split A/C 22500 BTU H/C,HVPAC,WALL SPLITS,SAC WALL ROTARY,0-Month,1,1782.17,-666.96,37.42,1115.21,167.28,1282.49
2023-08-19,2311050940,RECA,7233,,INV,AUG,2023,EAC,AU-A12WCS,SHARP,Outdoor Split A/C 11600 BTU Cool HI-EER Class D R410A,HVPAC,WALL SPLITS,SAC WALL ROTARY,0-Month,1,1216.96,-413.05,33.94,803.91,120.59,924.5
2023-08-25,2311051835,REUI,7596,,INV,AUG,2023,EAC,WWA20K22R,WHITE WESTINGHOUSE,Window A/C 18000 BTU Cool,HVPAC,WAC,WAC ROTARY,0-Month,1,1303.48,-0.01,0.0,1303.47,195.52,1498.99
2023-08-29,2311052905,REUI,7561,,INV,AUG,2023,EAC,WWS18K23I,WHITE WESTINGHOUSE,Indoor split  A/C 18400 BTU Cool - WiFi,HVPAC,WALL SPLITS,SAC WALL ROTARY,0-Month,1,999.57,-43.48,4.35,956.09,143.41,1099.5
2023-09-04,2311054481,REUI,7596,,INV,SEP,2023,EAC,ES-FS812DLZSA-S,SHARP,"FL Washer 8kg,1200RPM,8+Prg,Rapid Wash,Chrome Door-S Steel",HA,LAUNDRY A,FA FRONT LOADING,0-Month,1,1477.39,-173.92,11.77,1303.47,195.52,1498.99
2023-09-13,2311062261,RECA,7233,,INV,SEP,2023,EAC,WWS36T22PC,WHITE WESTINGHOUSE,Outdoor Split A/C 30600 BTU Cool,HVPAC,WALL SPLITS,SAC WALL ROTARY,0-Month,1,2760.43,-978.26,35.44,1782.17,267.33,2049.5
2023-09-13,2318002685,RECA,7233,,CM,SEP,2023,EAC,WWS30G22I,WHITE WESTINGHOUSE,Indoor Split A/C 27400 BTU Cool,HVPAC,WALL SPLITS,SAC WALL ROTARY,0-Month,-1,1803.91,0.0,0.0,-1803.91,-270.59,-2074.5
2023-09-20,2311063161,RECA,7233,,INV,SEP,2023,EAC,E7CM1-50GB,ELECTROLUX,"Coffee Maker, Black with Aroma - Explore 7",SDA,LHA,COFFEE MAKER,0-Month,1,433.91,-433.87,99.99,0.04,0.0,0.04
2023-09-21,2311063307,RECA,4207,,INV,SEP,2023,EAC,WWFR21KS,WHITE WESTINGHOUSE,21 Cu Ft. SS Full Refrigerator Inverter Compressor R600a,HA,REFRIGERATORS,ALL REFRIGERATOR,0-Month,1,3216.52,-477.39,14.84,2739.13,410.87,3150.0
2023-09-24,2311063595,RECA,7233,,INV,SEP,2023,EAC,E7CM1-50GB,ELECTROLUX,"Coffee Maker, Black with Aroma - Explore 7",SDA,LHA,COFFEE MAKER,0-Month,2,433.91,-867.8,100.0,0.02,0.01,0.03
2023-10-13,2311071043,RECA,7233,,INV,OCT,2023,EAC,WW700MT11,WHITE WESTINGHOUSE,WASHING MACHINE 7KG 220V 50/60HZ HIGH EER,HA,LAUNDRY TT,TWIN-TUB,0-Month,1,607.83,0.0,0.0,607.83,91.18,699.01
2023-10-16,2321026376,RECA,7233,,INV,OCT,2023,TPC,RWF-W1830BSA(K),TOSHIBA,"Water Disp,Touch Control,Digital Display,1Tap,Ice-Cold Technology",SDA,WATER DISPENSER,FREE STANDING,0-Month,1,912.17,-43.47,4.77,868.7,130.3,999.0
2023-07-02,2311038618,REUI,1879,,INV,JUL,2023,EAC,HS30CPO23,HISENSE,Outdoor Split A/C 27000 BTU Cool - WiFi,HVPAC,WALL SPLITS,SAC WALL ROTARY,0-Month,6,1782.17,-972.0,9.09,9721.02,1458.16,11179.18
2023-07-23,2311043664,RECA,7233,,INV,JUL,2023,EAC,WWA25G22R,WHITE WESTINGHOUSE,Window A/C 21800 BTU Cool,HVPAC,WAC,WAC ROTARY,0-Month,2,1738.26,0.0,0.0,3476.52,521.48,3998.0
2023-07-27,2311044019,RECA,7233,,INV,JUL,2023,EAC,WWS24G23WC,WHITE WESTINGHOUSE,Outdoor Split A/C 22100 BTU Cool WiFi,HVPAC,WALL SPLITS,SAC WALL ROTARY,0-Month,1,1303.91,0.0,0.0,1303.91,195.59,1499.5
2023-07-28,2311044059,REUI,7596,,INV,JUL,2023,EAC,SJ-HM700-HS,SHARP,"Fridge Top Mount, 18.62 CFT (527L), Inverter, 60Hz - Inox",HA,REFRIGERATORS,TOP MOUNT,0-Month,1,2694.78,-86.95,3.23,2607.83,391.17,2999.0
2023-08-06,2311048660,REUI,7596,,INV,AUG,2023,EAC,WWA20K22R,WHITE WESTINGHOUSE,Window A/C 18000 BTU Cool,HVPAC,WAC,WAC ROTARY,0-Month,1,1303.48,-0.01,0.0,1303.47,195.52,1498.99
2023-08-19,2311050977,RECA,7233,,INV,AUG,2023,EAC,WWS24G23WI,WHITE WESTINGHOUSE,Indoor Split A/C 22100 BTU Cool,HVPAC,WALL SPLITS,SAC WALL ROTARY,0-Month,1,1303.91,0.0,0.0,1303.91,195.59,1499.5
2023-09-02,2311054348,REUI,7561,,INV,SEP,2023,EAC,PIPE V-12/18,WHITE WESTINGHOUSE,4 Meter copper pipe for 12K/18K Split AC,HVPAC,ACCESSORIES,PIPE,0-Month,1,0.01,0.0,0.0,0.01,0.01,0.02
2023-09-08,2311059799,REUI,7596,,INV,SEP,2023,EAC,PIPE V-30/36,WHITE WESTINGHOUSE,5 Meter copper pipe for 30K/36K Split AC,HVPAC,ACCESSORIES,PIPE,0-Month,1,0.01,0.0,0.0,0.01,0.01,0.02
2023-09-21,2311063305,RECA,7233,,INV,SEP,2023,EAC,4T-C60DK1X,SHARP,"60 Inch, 4K Smart TV, Android 11, HDR, Dolby Audio,  HDMI 2.1 , Made In Japan Panel",CE,LCD/LED TV,LED TV,0-Month,1,2607.83,-869.57,33.34,1738.26,260.74,1999.0
2023-09-24,2311063451,RECA,7233,,INV,SEP,2023,EAC,EK-EER73DB,ELECTROLUX,FLOOR STICK RECHARGEABLE 14.4V,SDA,VACCUM CLEANERS,CANNISTER,0-Month,1,668.7,-668.69,100.0,0.01,0.0,0.01
2023-09-25,2311063638,RECA,7233,,INV,SEP,2023,EAC,PIPE-18/24,WHITE WESTINGHOUSE,4 Meter copper pipe for 18K/24K Split AC,HVPAC,ACCESSORIES,PIPE,0-Month,1,0.01,0.0,0.0,0.01,0.01,0.02
2023-09-26,2311063858,RECA,7233,,INV,SEP,2023,EAC,EO-60NK-3,SHARP,"E. Oven 60L 2000W Rotisserie, Interior Light",SDA,LHA,DEEP FRYER,0-Month,1,520.87,0.0,0.0,520.87,78.14,599.01
2023-09-26,2311063842,REUI,7596,,INV,SEP,2023,EAC,PIPE V-12/18,WHITE WESTINGHOUSE,4 Meter copper pipe for 12K/18K Split AC,HVPAC,ACCESSORIES,PIPE,0-Month,1,0.01,0.0,0.0,0.01,0.01,0.02
2023-10-02,2311066161,RECA,7233,,INV,OCT,2023,EAC,PIPE V-24,WHITE WESTINGHOUSE,4 Meter copper pipe for 24K Split AC,HVPAC,ACCESSORIES,PIPE,0-Month,1,0.01,0.0,0.0,0.01,0.01,0.02
2023-10-08,2318003382,RECA,7233,,CM,OCT,2023,EAC,WWS18K23I,WHITE WESTINGHOUSE,Indoor split  A/C 18400 BTU Cool - WiFi,HVPAC,WALL SPLITS,SAC WALL ROTARY,0-Month,-1,999.57,43.48,4.35,-956.09,-143.41,-1099.5
2023-10-12,2311071031,REUI,7561,,INV,OCT,2023,EAC,EK-EEWA7300AR,ELECTROLUX,KETTLE 2400W 1.7L  STAINLESS STEEL,SDA,LHA,ELECTRIC KETTLE,0-Month,1,260.0,-132.08,50.8,127.92,19.18,147.1
2023-08-14,2311050171,RECA,4207,,INV,AUG,2023,EAC,AH-A12WCS,SHARP,Indoor Split A/C 11600 BTU Cool HI-EER Class D R410A,HVPAC,WALL SPLITS,SAC WALL ROTARY,0-Month,3,1216.96,-1359.75,37.24,2291.13,343.67,2634.8
2023-08-22,2311051496,RECA,7233,,INV,AUG,2023,EAC,WWS30G22C,WHITE WESTINGHOUSE,Outdoor Split A/C 27400 BTU Cool,HVPAC,WALL SPLITS,SAC WALL ROTARY,0-Month,1,1803.91,-23.53,1.3,1780.38,267.06,2047.44
2023-10-19,2311073574,RECA,4207,,INV,OCT,2023,EAC,WWS36G22C,WHITE WESTINGHOUSE,Outdoor Split A/C 32200 BTU Cool,HVPAC,WALL SPLITS,SAC WALL ROTARY,0-Month,1,2173.48,-108.68,5.0,2064.8,309.72,2374.52
2023-07-06,2311041642,REEM,3035,,INV,JUL,2023,EAC,MQ0Y3AH/A,APPLE MACINTOSH,iPhone 14 Pro 256GB Silver,TELECOM,MOBILES,SMART PHONES,0-Month,1,4607.83,-260.87,5.66,4346.96,652.04,4999.0
2023-07-06,2311041621,RECA,7233,,INV,JUL,2023,EAC,PIPE V-12/18,WHITE WESTINGHOUSE,4 Meter copper pipe for 12K/18K Split AC,HVPAC,ACCESSORIES,PIPE,0-Month,2,0.01,0.0,0.0,0.02,0.01,0.03
2023-07-10,2311041971,REEM,3027,,INV,JUL,2023,EAC,WWA25G9R,WHITE WESTINGHOUSE,Window A/C 21800 BTU Cool HI-EER Class F R410A,HVPAC,WAC,WAC ROTARY,0-Month,1,2129.57,-434.79,20.42,1694.78,254.22,1949.0
2023-07-11,2311042071,RECA,7233,,INV,JUL,2023,EAC,AH-A18ATS,SHARP,Indoor Split A/C 18000 BTU Cool HI-EER Class D R410A,HVPAC,WALL SPLITS,SAC WALL ROTARY,0-Month,3,1064.78,-65.22,2.04,3129.12,469.37,3598.49
2023-07-11,2311042236,RECA,7233,,INV,JUL,2023,EAC,EK-EWF8025GQWA,ELECTROLUX,8KG UltimateCare FL Washer with Vapour Care Technology,HA,LAUNDRY A,FA FRONT LOADING,0-Month,1,1999.13,-860.87,43.06,1138.26,170.73,1308.99
2023-07-16,2311042925,REUI,7596,,INV,JUL,2023,EAC,DA20K23R,DORA,Window A/C 18000 BTU Cool Hi-EER Class F R410A,HVPAC,WAC,WAC ROTARY,0-Month,1,1260.0,-43.48,3.45,1216.52,182.47,1398.99
2023-07-17,2311043019,RECA,4207,,INV,JUL,2023,EAC,QW-MA814K-SS3,SHARP,"Dish Washer, 14 Place Setting, 8 Programs - Silver",HA,DISH WASHER,FREE STANDING,0-Month,1,1651.3,-400.0,24.22,1251.3,187.7,1439.0
2023-07-20,2311043490,REEM,3027,,INV,JUL,2023,EAC,SJ-HM540-HS,SHARP,"Fridge Top Mount, 14.84 CFT (420L), Inverter, 60Hz - Inox",HA,REFRIGERATORS,TOP MOUNT,0-Month,1,2260.0,-86.96,3.85,2173.04,325.95,2498.99
2023-07-16,2318002221,RECA,7233,,CM,JUL,2023,EAC,WWR9VS650,WHITE WESTINGHOUSE,Fridge 22.96 Cu Ft/650 Ltr SS Inverter Compressor,HA,REFRIGERATORS,TOP MOUNT,0-Month,-1,3738.26,695.65,18.61,-3042.61,-456.39,-3499.0
2023-07-24,2311043788,RECA,7233,,INV,JUL,2023,EAC,DA20K23R,DORA,Window A/C 18000 BTU Cool Hi-EER Class F R410A,HVPAC,WAC,WAC ROTARY,0-Month,1,1260.0,-43.48,3.45,1216.52,182.47,1398.99
2023-07-27,2311044034,RECA,7233,,INV,JUL,2023,EAC,WWS24G23WI,WHITE WESTINGHOUSE,Indoor Split A/C 22100 BTU Cool,HVPAC,WALL SPLITS,SAC WALL ROTARY,0-Month,1,1303.91,-329.99,25.31,973.92,146.09,1120.01
2023-07-29,2311044087,RECA,7233,,INV,JUL,2023,EAC,WWCFAK350,WHITE WESTINGHOUSE,"CHEST FREEZER 10.7 CU FT, 230V 60HZ, R600A",HA,FREEZERS,CHEST FREEZERS,0-Month,1,1477.39,-217.39,14.71,1260.0,189.0,1449.0
2023-07-30,2311044181,REUI,7561,,INV,JUL,2023,EAC,WWA25G22R,WHITE WESTINGHOUSE,Window A/C 21800 BTU Cool,HVPAC,WAC,WAC ROTARY,0-Month,1,1738.26,0.0,0.0,1738.26,260.74,1999.0
2023-08-01,2311045456,REUI,7561,,INV,AUG,2023,EAC,DS24T23WI,DORA,Indoor Split A/C 22000 BTU Cool WiFi HI-EER Class D R410A,HVPAC,WALL SPLITS,SAC WALL ROTARY,0-Month,1,1216.96,-86.96,7.15,1130.0,169.5,1299.5
2023-08-01,2311045460,RECA,7233,,INV,AUG,2023,EAC,PIPE-30,WHITE WESTINGHOUSE,5 Meter copper pipe for 30K Split AC,HVPAC,ACCESSORIES,PIPE,0-Month,1,0.01,0.0,0.0,0.01,0.01,0.02
2023-08-03,2311048439,RECO,7183,,INV,AUG,2023,EAC,65DYAC40,DORA,"65 Inch, UHD 4K, Android 11, Dolby Audio, 2.1 HDMI",CE,LCD/LED TV,LED TV,0-Month,1,1825.22,-119.41,6.54,1705.81,255.87,1961.68
2023-08-07,2311048801,REUI,7596,,INV,AUG,2023,EAC,2T-C42BG1X,SHARP,"42"" FHD HDR SMART LED TV WITH ANDROID 9.0",CE,LCD/LED TV,LED TV,0-Month,1,1651.3,-782.6,47.39,868.7,130.31,999.01
2023-08-12,2311049678,RECA,7233,,INV,AUG,2023,EAC,ES-FS812DLZSA-S,SHARP,"FL Washer 8kg,1200RPM,8+Prg,Rapid Wash,Chrome Door-S Steel",HA,LAUNDRY A,FA FRONT LOADING,0-Month,1,1477.39,-173.91,11.77,1303.48,195.52,1499.0
2023-08-12,2311049714,RECA,7233,,INV,AUG,2023,EAC,R-20AS(S),SHARP,"20L BASIC MICROWAVE, SILVER, 220V/60HZ - Inox",SDA,MICROWAVE,BASIC,0-Month,2,260.0,0.0,0.0,520.0,78.0,598.0
2023-08-14,2311050212,REUI,7596,,INV,AUG,2023,EAC,DS18T23WI,DORA,Indoor Split A/C 18000 BTU Cool WiFi HI-EER Class D R410A,HVPAC,WALL SPLITS,SAC WALL ROTARY,0-Month,1,977.83,-65.22,6.67,912.61,136.89,1049.5
2023-08-15,2311050347,REEM,3064,,INV,AUG,2023,EAC,5109AUEC-PO,HONOR,Honor 90 5G 12GB+512GB Midnight Black With Gifts,TELECOM,MOBILES,SMART PHONES,0-Month,1,1825.0,0.0,0.0,1825.0,273.75,2098.75
2023-08-14,2318002501,RECA,7233,,CM,AUG,2023,EAC,WWS12G22C,WHITE WESTINGHOUSE,Outdoor Split A/C 11600 BTU Cool,HVPAC,WALL SPLITS,SAC WALL ROTARY,0-Month,-3,934.35,0.0,0.0,-2803.05,-420.46,-3223.51
2023-08-16,2311050402,RECA,4207,,INV,AUG,2023,EAC,WWS24T22PHI,WHITE WESTINGHOUSE,Indoor Split A/C 22500 BTU H/C,HVPAC,WALL SPLITS,SAC WALL ROTARY,0-Month,1,1782.17,-666.96,37.42,1115.21,167.28,1282.49
2023-08-15,2311050352,RECA,7233,,INV,AUG,2023,EAC,WWRAK560(S),WHITE WESTINGHOUSE,"Fridge 19.9 CuFt, 564 Ltr, Inverter, R600a, Silver",HA,REFRIGERATORS,TOP MOUNT,0-Month,1,2868.69,-608.69,21.22,2260.0,339.0,2599.0
2023-08-17,2311050797,REUI,7561,,INV,AUG,2023,EAC,PIPE V-12/18,WHITE WESTINGHOUSE,4 Meter copper pipe for 12K/18K Split AC,HVPAC,ACCESSORIES,PIPE,0-Month,2,0.01,0.0,0.0,0.02,0.01,0.03
2023-08-17,2321019528,RECA,4207,,INV,AUG,2023,TPC,VH-K110WBB,TOSHIBA,"TWIN TUB WASHER 10.0 KG, 220-230V 60HZ",HA,LAUNDRY TT,TWIN-TUB,0-Month,1,1477.39,-538.26,36.43,939.13,140.87,1080.0
2023-08-21,2311051354,RECA,7233,,INV,AUG,2023,EAC,WWS36G22C,WHITE WESTINGHOUSE,Outdoor Split A/C 32200 BTU Cool,HVPAC,WALL SPLITS,SAC WALL ROTARY,0-Month,1,2173.48,0.0,0.0,2173.48,326.03,2499.51
2023-08-22,2311051496,RECA,7233,,INV,AUG,2023,EAC,WWS30G22I,WHITE WESTINGHOUSE,Indoor Split A/C 27400 BTU Cool,HVPAC,WALL SPLITS,SAC WALL ROTARY,0-Month,1,1803.91,-23.53,1.3,1780.38,267.06,2047.44
2023-08-23,2321019916,RECA,7233,,INV,AUG,2023,TPC,GR-RT624WE-PMU(37),TOSHIBA,"Fridge 16.40 Cft (463L), Inverter - Satin Grey",HA,REFRIGERATORS,TOP MOUNT,0-Month,1,2607.83,-239.12,9.17,2368.71,355.31,2724.02
2023-08-27,2311052623,RECA,7233,,INV,AUG,2023,EAC,WWA20K22R,WHITE WESTINGHOUSE,Window A/C 18000 BTU Cool,HVPAC,WAC,WAC ROTARY,0-Month,1,1346.96,-43.49,3.23,1303.47,195.52,1498.99
2023-08-28,2311052694,REUI,7596,,INV,AUG,2023,EAC,WWS24G23WC,WHITE WESTINGHOUSE,Outdoor Split A/C 22100 BTU Cool WiFi,HVPAC,WALL SPLITS,SAC WALL ROTARY,0-Month,1,1303.91,0.0,0.0,1303.91,195.59,1499.5
2023-08-28,2311052708,RECA,7233,,INV,AUG,2023,EAC,50DYAC40,DORA,"50 Inch, UHD 4K, Android 11, Dolby Audio, 2.1 HDMI",CE,LCD/LED TV,LED TV,0-Month,1,1173.04,-173.91,14.83,999.13,149.87,1149.0
2023-08-28,2311052763,RECA,7233,,INV,AUG,2023,EAC,WWCFAK250,WHITE WESTINGHOUSE,"CHEST FREEZER 8.7 CU FT, 230V 60HZ, R600A",HA,FREEZERS,CHEST FREEZERS,0-Month,1,1129.57,-43.48,3.85,1086.09,162.91,1249.0
2023-08-29,2311052899,REEM,4986,,INV,AUG,2023,EAC,65SUE9350F,SKYWORTH,"Skyworth 65"" 4K UHD LED TV (Google TV)",CE,LCD/LED TV,LED TV,0-Month,1,1738.26,-86.96,5.0,1651.3,247.69,1898.99
2023-08-29,2311052905,REUI,7561,,INV,AUG,2023,EAC,WWS18K23C,WHITE WESTINGHOUSE,Outdoor split  A/C 18400 BTU Cool - WiFi,HVPAC,WALL SPLITS,SAC WALL ROTARY,0-Month,1,999.57,-43.48,4.35,956.09,143.41,1099.5
2023-08-31,2311053731,REUI,7561,,INV,AUG,2023,EAC,PIPE-18/24,WHITE WESTINGHOUSE,4 Meter copper pipe for 18K/24K Split AC,HVPAC,ACCESSORIES,PIPE,0-Month,1,0.01,0.0,0.0,0.01,0.01,0.02
2023-09-02,2311054348,REUI,7561,,INV,SEP,2023,EAC,WWS18G22C,WHITE WESTINGHOUSE,Outdoor Split A/C 17800 BTU Cool,HVPAC,WALL SPLITS,SAC WALL ROTARY,0-Month,1,1130.0,0.0,0.0,1130.0,169.5,1299.5
2023-09-02,2321021489,RECA,7233,,INV,SEP,2023,TPC,VH-L150WBB(WW),TOSHIBA,"TWIN TUB WASHER 14.0 KG, 220-230V 60HZ",HA,LAUNDRY TT,TWIN-TUB,0-Month,1,1390.43,0.0,0.0,1390.43,208.57,1599.0
2023-09-03,2311054369,RECA,7233,,INV,SEP,2023,EAC,DWD77TDP,DORA,"Top and Bottom Loading Water Dispenser, black with SS",SDA,WATER DISPENSER,FREE STANDING,0-Month,9,1042.61,-3286.98,35.03,6096.51,914.48,7010.99
2023-09-03,2321021495,RECA,7233,,INV,SEP,2023,TPC,TD-K90MEBB(WK),TOSHIBA,"Dryer, 8kg, Inverter, Condensing, 60hz - White",HA,LAUNDRY,DRYER,0-Month,1,2173.04,-521.74,24.01,1651.3,247.69,1898.99
2023-09-06,2311054830,REEM,3540,,INV,SEP,2023,EAC,WWS18K23I,WHITE WESTINGHOUSE,Indoor split  A/C 18400 BTU Cool - WiFi,HVPAC,WALL SPLITS,SAC WALL ROTARY,0-Month,1,999.57,-43.49,4.35,956.08,143.41,1099.49
2023-09-08,2311059793,RECA,7233,,INV,SEP,2023,EAC,DWD60UBW,DORA,"Bottom Loading UV Lamp Sterilizer, White, SS Tank",SDA,WATER DISPENSER,FREE STANDING,0-Month,1,1042.61,-304.35,29.19,738.26,110.74,849.0
2023-09-10,2311059889,RECA,7233,,INV,SEP,2023,EAC,SJ-HM540-HS,SHARP,"Fridge Top Mount, 14.84 CFT (420L), Inverter, 60Hz - Inox",HA,REFRIGERATORS,TOP MOUNT,0-Month,1,2173.04,-0.01,0.0,2173.03,325.95,2498.98
2023-09-10,2321021860,RECA,7233,,INV,SEP,2023,TPC,MW-MM20PB(WH)-P,TOSHIBA,"20L MICROWAVE, 220V, 60HZ - White",SDA,MICROWAVE,BASIC,0-Month,1,260.0,-0.01,0.0,259.99,38.99,298.98
2023-09-10,2311059927,RECA,7233,,INV,SEP,2023,EAC,PIPE V-30/36,WHITE WESTINGHOUSE,5 Meter copper pipe for 30K/36K Split AC,HVPAC,ACCESSORIES,PIPE,0-Month,3,0.01,0.0,0.0,0.03,0.01,0.04
2023-09-13,2318002684,RECA,7233,,CM,SEP,2023,EAC,AH-A24ATS,SHARP,Indoor Split A/C 21000 BTU Cool HI-EER Class D R410A,HVPAC,WALL SPLITS,SAC WALL ROTARY,0-Month,-1,1282.17,21.74,1.7,-1260.43,-189.06,-1449.49
2023-09-20,2311063111,RECA,4207,,INV,SEP,2023,EAC,WWR9VS650,WHITE WESTINGHOUSE,Fridge 22.96 Cu Ft/650 Ltr SS Inverter Compressor,HA,REFRIGERATORS,TOP MOUNT,0-Month,2,3738.26,-2000.0,26.75,5476.52,821.48,6298.0
2023-09-20,2311063157,RECA,7233,,INV,SEP,2023,EAC,WWFR21KS,WHITE WESTINGHOUSE,21 Cu Ft. SS Full Refrigerator Inverter Compressor R600a,HA,REFRIGERATORS,ALL REFRIGERATOR,0-Month,1,3216.52,-173.91,5.41,3042.61,456.39,3499.0
2023-09-20,2311063104,RECA,7233,,INV,SEP,2023,EAC,EC-CAS2422-Z,SHARP,"VAC CLNR DRUM, 22L, 2400W,METAL TUBE - GOLD",SDA,VACCUM CLEANERS,CANNISTER,0-Month,1,520.87,-86.95,16.69,433.92,65.09,499.01
2023-09-22,2311063406,RECA,7233,,INV,SEP,2023,EAC,E7CM1-50GB,ELECTROLUX,"Coffee Maker, Black with Aroma - Explore 7",SDA,LHA,COFFEE MAKER,0-Month,1,433.91,-433.9,100.0,0.01,0.0,0.01
2023-09-22,2311063408,RECA,7233,,INV,SEP,2023,EAC,E7CM1-50GB,ELECTROLUX,"Coffee Maker, Black with Aroma - Explore 7",SDA,LHA,COFFEE MAKER,0-Month,1,433.91,-433.9,100.0,0.01,0.0,0.01
2023-09-21,2311063377,REUI,7561,,INV,SEP,2023,EAC,WWS24K23C,WHITE WESTINGHOUSE,Outdoor split  A/C 23000 BTU Cool - WiFi,HVPAC,WALL SPLITS,SAC WALL ROTARY,0-Month,1,1260.43,-43.47,3.45,1216.96,182.54,1399.5
2023-09-22,2321023230,REUI,7596,,INV,SEP,2023,TPC,55QNED806QA,LG,"LG QNED 4K Smart TV 55"" Series80, a7 Gen5 4K Proc, HGiG FSG",CE,LCD/LED TV,LED TV,0-Month,1,2608.0,0.0,0.0,2608.0,391.2,2999.2
2023-09-26,2311063875,RECA,7233,,INV,SEP,2023,EAC,WWS30G22C,WHITE WESTINGHOUSE,Outdoor Split A/C 27400 BTU Cool,HVPAC,WALL SPLITS,SAC WALL ROTARY,0-Month,1,1803.91,0.0,0.0,1803.91,270.59,2074.5
2023-09-27,2311064511,RECA,7233,,INV,SEP,2023,EAC,WWA20K22R,WHITE WESTINGHOUSE,Window A/C 18000 BTU Cool,HVPAC,WAC,WAC ROTARY,0-Month,1,1346.96,-43.49,3.23,1303.47,195.52,1498.99
2023-09-27,2311064606,RECA,7233,,INV,SEP,2023,EAC,EK-EWF9025MQSA,ELECTROLUX,9KG UltimateCare FL Washer with Vapour Care Technology,HA,LAUNDRY A,FA FRONT LOADING,0-Month,1,2390.43,-983.03,41.12,1407.4,211.11,1618.51
2023-09-27,2311064611,RECA,7233,,INV,SEP,2023,EAC,E7CM1-50GB,ELECTROLUX,"Coffee Maker, Black with Aroma - Explore 7",SDA,LHA,COFFEE MAKER,0-Month,1,433.91,-433.9,100.0,0.01,0.0,0.01
2023-09-20,2318002748,RECA,7233,,CM,SEP,2023,EAC,DUF21KS,DORA,21 Cu Ft. SS Upright Freezer Inverter Compressor R600a,HA,FREEZERS,UPRIGHT FREEZER,0-Month,-1,3042.61,434.78,14.29,-2607.83,-391.18,-2999.01
2023-09-28,2321024321,RECA,7233,,INV,SEP,2023,TPC,DW-14F1ME(W),TOSHIBA,Dish Washer FS 14 Place Settings 6 Prog White,HA,DISH WASHER,FREE STANDING,0-Month,1,1303.48,-86.96,6.67,1216.52,182.48,1399.0
2023-09-28,2311065404,RECA,7233,,INV,SEP,2023,EAC,EK-EER73DB,ELECTROLUX,FLOOR STICK RECHARGEABLE 14.4V,SDA,VACCUM CLEANERS,CANNISTER,0-Month,1,668.7,-668.69,100.0,0.01,0.0,0.01
2023-09-30,2311065878,REUI,7561,,INV,SEP,2023,EAC,EK-EER75STM,ELECTROLUX,FLOOR STICK RECHARGEABLE 18V,SDA,VACCUM CLEANERS,CANNISTER,0-Month,1,720.87,-317.1,43.99,403.77,60.57,464.34
2023-09-30,2311065965,REUI,7596,,INV,SEP,2023,EAC,WWS12G22I,WHITE WESTINGHOUSE,Indoor Split A/C 11600 BTU Cool,HVPAC,WALL SPLITS,SAC WALL ROTARY,0-Month,5,934.35,0.0,0.0,4671.75,700.77,5372.52
2023-09-30,2311066007,RECA,4207,,INV,SEP,2023,EAC,HW18CA23,HISENSE,Window A/C 18000 BTU Cool,HVPAC,WAC,WAC ROTARY,0-Month,1,1346.96,-108.66,8.07,1238.3,185.75,1424.05
2023-10-02,2311066235,REUI,7596,,INV,OCT,2023,EAC,WWS24K23C,WHITE WESTINGHOUSE,Outdoor split  A/C 23000 BTU Cool - WiFi,HVPAC,WALL SPLITS,SAC WALL ROTARY,0-Month,1,1260.43,-43.47,3.45,1216.96,182.54,1399.5
2023-10-03,2311066522,REUI,7596,,INV,OCT,2023,EAC,WWS24G23WI,WHITE WESTINGHOUSE,Indoor Split A/C 22100 BTU Cool,HVPAC,WALL SPLITS,SAC WALL ROTARY,0-Month,1,1303.91,0.0,0.0,1303.91,195.59,1499.5
2023-10-04,2311069869,RECA,7233,,INV,OCT,2023,EAC,R-28CNS(K),SHARP,"Microwave 28Ltr, Grill & Convection, 220V/60Htz - Black",SDA,MICROWAVE,BASIC,0-Month,1,564.35,0.0,0.0,564.35,84.66,649.01
2023-10-06,2311070072,RECA,7233,,INV,OCT,2023,EAC,WWS12K23C,WHITE WESTINGHOUSE,Outdoor split  A/C 12000 BTU Cool - WiFi,HVPAC,WALL SPLITS,SAC WALL ROTARY,0-Month,1,847.39,-43.48,5.13,803.91,120.58,924.49
2023-10-08,2311070128,RECA,7233,,INV,OCT,2023,EAC,WWS18K23C,WHITE WESTINGHOUSE,Outdoor split  A/C 18400 BTU Cool - WiFi,HVPAC,WALL SPLITS,SAC WALL ROTARY,0-Month,1,999.57,-43.48,4.35,956.09,143.41,1099.5
2023-10-08,2311070176,REUI,7561,,INV,OCT,2023,EAC,WWS30K23C,WHITE WESTINGHOUSE,Outdoor split  A/C 27000 BTU Cool - WiFi,HVPAC,WALL SPLITS,SAC WALL ROTARY,0-Month,1,1738.7,-43.48,2.5,1695.22,254.28,1949.5
2023-10-08,2311070258,RECA,4207,,INV,OCT,2023,EAC,WWS12K23C,WHITE WESTINGHOUSE,Outdoor split  A/C 12000 BTU Cool - WiFi,HVPAC,WALL SPLITS,SAC WALL ROTARY,0-Month,1,847.39,-83.48,9.85,763.91,114.58,878.49
2023-10-11,2321025988,RECA,7233,,INV,OCT,2023,TPC,ML-EG42PBB(BS),TOSHIBA,"42L GRILL MICROWAVE, DIGITAL, STEEL, 220V, 60HZ - Black",SDA,MICROWAVE,BASIC,0-Month,1,694.78,0.0,0.0,694.78,104.22,799.0
2023-10-13,2311071047,REUI,7596,,INV,OCT,2023,EAC,WWS18K23C,WHITE WESTINGHOUSE,Outdoor split  A/C 18400 BTU Cool - WiFi,HVPAC,WALL SPLITS,SAC WALL ROTARY,0-Month,1,999.57,-43.48,4.35,956.09,143.41,1099.5
2023-10-15,2321026287,RECA,7233,,INV,OCT,2023,TPC,VH-J90WBB,TOSHIBA,"TWIN TUB WASHER 8.0 KG, 220-230V 60HZ",HA,LAUNDRY TT,TWIN-TUB,0-Month,1,1042.61,-173.91,16.68,868.7,130.31,999.01
2023-10-25,2311072586,RECA,4207,,INV,OCT,2023,EAC,DPA25T23R,DORA,Window A/C 20000 BTU Cool HI-EER Class F R410A,HVPAC,WAC,WAC ROTARY,0-Month,1,1564.34,-78.21,5.0,1486.13,222.92,1709.05
2023-10-29,2311073114,RECA,7233,,INV,OCT,2023,EAC,PIPE-36,WHITE WESTINGHOUSE,5 Meter copper pipe for 36K Split AC,HVPAC,ACCESSORIES,PIPE,0-Month,1,0.01,0.0,0.0,0.01,0.01,0.02
2023-07-03,2311038680,RECA,7233,,INV,JUL,2023,EAC,DCFAM300,DORA,"10.6 CuFt, 300L Chest Freezer 230V 60HZ, R600A",HA,FREEZERS,CHEST FREEZERS,0-Month,1,912.17,0.0,0.0,912.17,136.83,1049.0
2023-07-06,2311041621,RECA,7233,,INV,JUL,2023,EAC,WWS30G22C,WHITE WESTINGHOUSE,Outdoor Split A/C 27400 BTU Cool,HVPAC,WALL SPLITS,SAC WALL ROTARY,0-Month,1,1803.91,0.0,0.0,1803.91,270.59,2074.5
2023-07-11,2311042160,RECA,7233,,INV,JUL,2023,EAC,PIPE-36,WHITE WESTINGHOUSE,5 Meter copper pipe for 36K Split AC,HVPAC,ACCESSORIES,PIPE,0-Month,1,0.01,0.0,0.0,0.01,0.01,0.02
2023-07-11,2311042115,RECA,7233,,INV,JUL,2023,EAC,PIPE-18/24,WHITE WESTINGHOUSE,4 Meter copper pipe for 18K/24K Split AC,HVPAC,ACCESSORIES,PIPE,0-Month,9,0.01,0.0,0.0,0.09,0.02,0.11
2023-07-13,2311042359,REUI,7286,,INV,JUL,2023,EAC,WWS18G22C,WHITE WESTINGHOUSE,Outdoor Split A/C 17800 BTU Cool,HVPAC,WALL SPLITS,SAC WALL ROTARY,0-Month,5,1130.0,0.0,0.0,5650.0,847.5,6497.5
2023-07-13,2311042411,RECA,7233,,INV,JUL,2023,EAC,HS18CPVO23,HISENSE,Outdoor Split A/C 18400 BTU Cool - Inverter - WiFi,HVPAC,WALL SPLITS,SAC WALL ROTARY,0-Month,1,1325.65,-30.43,2.3,1295.22,194.28,1489.5
2023-07-14,2311042473,RECA,7233,,INV,JUL,2023,EAC,AU-A12WCS,SHARP,Outdoor Split A/C 11600 BTU Cool HI-EER Class D R410A,HVPAC,WALL SPLITS,SAC WALL ROTARY,0-Month,1,1216.96,-413.05,33.94,803.91,120.59,924.5
2023-07-16,2321016739,REUI,7561,,INV,JUL,2023,TPC,AW-DK1775WUPBB(WK),TOSHIBA,"TL WASHER 15 KG,UFB WASH,SDD INVERTER,60HZ - WHITE/BLACK",HA,LAUNDRY A,FA TOP LOADING,0-Month,1,2433.91,-260.87,10.72,2173.04,325.95,2498.99
2023-07-17,2311043042,RECA,7233,,INV,JUL,2023,EAC,WWFR21KS,WHITE WESTINGHOUSE,21 Cu Ft. SS Full Refrigerator Inverter Compressor R600a,HA,REFRIGERATORS,ALL REFRIGERATOR,0-Month,1,3216.52,-173.91,5.41,3042.61,456.39,3499.0
2023-07-18,2321016834,RECA,7233,,INV,JUL,2023,TPC,LTT7CBBWI,LG,Ref 1D 6.9 Cu. Ft / Pocket Handle / Inverter Compressor,HA,REFRIGERATORS,MINI BAR,0-Month,1,1434.0,0.0,0.0,1434.0,215.1,1649.1
2023-07-20,2318002210,REEM,3027,,CM,JUL,2023,EAC,WWA25G22R,WHITE WESTINGHOUSE,Window A/C 21800 BTU Cool,HVPAC,WAC,WAC ROTARY,0-Month,-2,1738.26,0.0,0.0,-3476.52,-521.48,-3998.0
2023-07-20,2311043490,REEM,3027,,INV,JUL,2023,EAC,WWA25G22R,WHITE WESTINGHOUSE,Window A/C 21800 BTU Cool,HVPAC,WAC,WAC ROTARY,0-Month,2,1738.26,0.0,0.0,3476.52,521.48,3998.0
2023-07-25,2321017195,REEM,3029,,INV,JUL,2023,TPC,WTS19HHMK1,LG,WM TL 19KG/TurboWash3D™/Wi-Fi/Auto Tub Clean/Steam/DD Motor,HA,LAUNDRY A,FA TOP LOADING,0-Month,1,3651.0,0.0,0.0,3651.0,547.65,4198.65
2023-07-25,2311043834,RECO,7183,,INV,JUL,2023,EAC,WNGB90JGUS,WHITE WESTINGHOUSE,5 BURNER STEEL WITH GRILL PUSH IGNITION,HA,COOKING RANGE,GAS COOKER,0-Month,1,1738.26,-113.72,6.54,1624.54,243.68,1868.22
2023-07-28,2311044055,RECA,7233,,INV,JUL,2023,EAC,DWD77TDP,DORA,"Top and Bottom Loading Water Dispenser, black with SS",SDA,WATER DISPENSER,FREE STANDING,0-Month,1,1042.61,-365.22,35.03,677.39,101.61,779.0
2023-08-02,2311048278,REUI,7561,,INV,AUG,2023,EAC,WWS36T22PC,WHITE WESTINGHOUSE,Outdoor Split A/C 30600 BTU Cool,HVPAC,WALL SPLITS,SAC WALL ROTARY,0-Month,1,2760.43,-978.26,35.44,1782.17,267.33,2049.5
2023-08-02,2321018163,RECA,7233,,INV,AUG,2023,TPC,VC-DR180ABF(R),TOSHIBA,"VAC CLNR DRUM, 20L, 1800W,S Steel Tube - Blck/Red",SDA,VACCUM CLEANERS,DRUM,0-Month,1,390.43,-43.47,11.13,346.96,52.04,399.0
2023-08-03,2311048498,RECA,7233,,INV,AUG,2023,EAC,WWA20K22R,WHITE WESTINGHOUSE,Window A/C 18000 BTU Cool,HVPAC,WAC,WAC ROTARY,0-Month,1,1303.48,-0.01,0.0,1303.47,195.52,1498.99
2023-08-03,2311048532,REUI,7561,,INV,AUG,2023,EAC,DA20K23R,DORA,Window A/C 18000 BTU Cool Hi-EER Class F R410A,HVPAC,WAC,WAC ROTARY,0-Month,1,1260.0,-43.48,3.45,1216.52,182.47,1398.99
2023-08-03,2311048535,REUI,7596,,INV,AUG,2023,EAC,WWA25K22R,WHITE WESTINGHOUSE,Window A/C 21800 BTU Cool Hi-EER Class F R410A,HVPAC,WAC,WAC ROTARY,0-Month,1,1651.3,0.0,0.0,1651.3,247.7,1899.0
2023-08-06,2321018265,REUI,7287,,INV,AUG,2023,TPC,WF1510WHT,LG,WM FL 15KG / 6 Motion / TurboWash / Wi-Fi / DD Motor,HA,LAUNDRY A,FA FRONT LOADING,0-Month,1,3390.0,0.0,0.0,3390.0,508.5,3898.5
2023-08-06,2311048650,REUI,7596,,INV,AUG,2023,EAC,65SUE9500,SKYWORTH,"SKYWORTH  65"" QLED Google TV UHD 4K HDR SMART TV",CE,LCD/LED TV,LED TV,0-Month,1,2086.0,0.0,0.0,2086.0,312.9,2398.9
2023-08-07,2311048759,RECA,7233,,INV,AUG,2023,EAC,EK-ZSC69FDT-D,ELECTROLUX,2200W bagless vacuum cleaner with 4L dust container capacity,SDA,VACCUM CLEANERS,CANNISTER,0-Month,1,573.04,0.0,0.0,573.04,85.96,659.0
2023-08-07,2321018350,RECA,7233,,INV,AUG,2023,TPC,TW-BL90A4BB(SS),TOSHIBA,"FL Washer,T11,8kg,1400RPM,Origin Inverter,Great Waves-Silver",HA,LAUNDRY A,FA FRONT LOADING,0-Month,1,1825.22,-173.92,9.53,1651.3,247.7,1899.0
2023-08-07,2311048804,REUI,7596,,INV,AUG,2023,EAC,DS18T23WC,DORA,Outdoor Split A/C 18000 BTU Cool WiFi HI-EER Class D R410A.,HVPAC,WALL SPLITS,SAC WALL ROTARY,0-Month,1,977.83,-65.22,6.67,912.61,136.89,1049.5
2023-08-10,2311049642,RECA,4207,,INV,AUG,2023,EAC,PIPE V-12/18,WHITE WESTINGHOUSE,4 Meter copper pipe for 12K/18K Split AC,HVPAC,ACCESSORIES,PIPE,0-Month,2,0.01,0.0,0.0,0.02,0.01,0.03
2023-08-12,2321018818,RECA,7233,,INV,AUG,2023,TPC,TBA-24BMG4G089KS-SA,TOSHIBA,"Gas Cooker 60x60, 4 burner, Auto Ignition & Oven Light - SS",HA,COOKING RANGE,GAS COOKER,0-Month,2,1129.57,0.0,0.0,2259.14,338.88,2598.02
2023-08-14,2311050217,REUI,7561,,INV,AUG,2023,EAC,PIPE V-12/18,WHITE WESTINGHOUSE,4 Meter copper pipe for 12K/18K Split AC,HVPAC,ACCESSORIES,PIPE,0-Month,1,0.01,0.0,0.0,0.01,0.01,0.02
2023-08-16,2311050420,RECA,7233,,INV,AUG,2023,EAC,DPA20T23R,DORA,Window A/C 18000 BTU Cool HI-EER Class F R410A,HVPAC,WAC,WAC ROTARY,0-Month,1,1216.52,-65.2,5.36,1151.32,172.7,1324.02
2023-08-17,2311050905,RECA,7233,,INV,AUG,2023,EAC,PIPE V-12/18,WHITE WESTINGHOUSE,4 Meter copper pipe for 12K/18K Split AC,HVPAC,ACCESSORIES,PIPE,0-Month,1,0.01,0.0,0.0,0.01,0.01,0.02
2023-08-19,2321019582,REUI,7596,,INV,AUG,2023,TPC,AW-DK1775WUPBB(WK),TOSHIBA,"TL WASHER 15 KG,UFB WASH,SDD INVERTER,60HZ - WHITE/BLACK",HA,LAUNDRY A,FA TOP LOADING,0-Month,1,2433.91,-326.07,13.4,2107.84,316.17,2424.01
2023-08-16,2318002514,RECA,4207,,CM,AUG,2023,EAC,WWUF21KS,WHITE WESTINGHOUSE,21 Cu Ft. SS Upright Freezer Inverter Compressor R600a,HA,FREEZERS,UPRIGHT FREEZER,0-Month,-1,3216.52,478.26,14.87,-2738.26,-410.74,-3149.0
2023-08-20,2311051285,RECA,7233,,INV,AUG,2023,EAC,WWA20K22R,WHITE WESTINGHOUSE,Window A/C 18000 BTU Cool,HVPAC,WAC,WAC ROTARY,0-Month,1,1303.48,-0.01,0.0,1303.47,195.52,1498.99
2023-08-26,2311051856,RECA,7233,,INV,AUG,2023,EAC,WWS36G22C,WHITE WESTINGHOUSE,Outdoor Split A/C 32200 BTU Cool,HVPAC,WALL SPLITS,SAC WALL ROTARY,0-Month,1,2173.48,0.0,0.0,2173.48,326.03,2499.51
2023-08-26,2321020023,RECA,4207,,INV,AUG,2023,TPC,VH-J90WBB,TOSHIBA,"TWIN TUB WASHER 8.0 KG, 220-230V 60HZ",HA,LAUNDRY TT,TWIN-TUB,0-Month,1,1303.48,-521.65,40.02,781.83,117.28,899.11
2023-08-27,2311052489,RECA,7233,,INV,AUG,2023,EAC,4T-C60CK1X,SHARP,"60"" 4K HDR LED TV WITH ANDROID 9.0",CE,LCD/LED TV,LED TV,0-Month,1,3216.52,-2000.0,62.18,1216.52,182.48,1399.0
2023-08-28,2311052850,RECA,7233,,INV,AUG,2023,EAC,ES-FS812DLZSA-S,SHARP,"FL Washer 8kg,1200RPM,8+Prg,Rapid Wash,Chrome Door-S Steel",HA,LAUNDRY A,FA FRONT LOADING,0-Month,1,1477.39,-173.91,11.77,1303.48,195.52,1499.0
2023-08-29,2328001445,RECA,7233,,CM,AUG,2023,TPC,VH-L150WBB(WW),TOSHIBA,"TWIN TUB WASHER 14.0 KG, 220-230V 60HZ",HA,LAUNDRY TT,TWIN-TUB,0-Month,-1,1390.43,43.47,3.13,-1346.96,-202.04,-1549.0
2023-08-29,2328001445,RECA,7233,,CM,AUG,2023,TPC,GR-RT559WE-PMU(37),TOSHIBA,"Fridge 14.50 Cft (411L), Inverter - Satin Grey",HA,REFRIGERATORS,TOP MOUNT,0-Month,-1,2173.04,173.91,8.0,-1999.13,-299.87,-2299.0
2023-08-30,2311053218,RECA,7233,,INV,AUG,2023,EAC,WWS18G22C,WHITE WESTINGHOUSE,Outdoor Split A/C 17800 BTU Cool,HVPAC,WALL SPLITS,SAC WALL ROTARY,0-Month,2,1130.0,0.0,0.0,2260.0,339.0,2599.0
2023-08-30,2311053221,RECA,7233,,INV,AUG,2023,EAC,WWS36T22PI,WHITE WESTINGHOUSE,Indoor Split A/C 30600 BTU Cool,HVPAC,WALL SPLITS,SAC WALL ROTARY,0-Month,1,2760.43,-978.26,35.44,1782.17,267.33,2049.5
2023-08-31,2311053235,RECA,7233,,INV,AUG,2023,EAC,FS-809,LOCAL,"Wall Mount Bracket 32""-70"" LCD/LED TV",CE,OTHERS,OTHERS,0-Month,1,33.92,-33.92,100.0,0.0,0.0,0.0
2023-08-31,2311053750,RECA,7233,,INV,AUG,2023,EAC,WWS24K23I,WHITE WESTINGHOUSE,Indoor split  A/C 23000 BTU Cool - WiFi,HVPAC,WALL SPLITS,SAC WALL ROTARY,0-Month,1,1260.43,-43.47,3.45,1216.96,182.54,1399.5
2023-08-31,2311054207,RECA,7233,,INV,AUG,2023,EAC,DA20K23R,DORA,Window A/C 18000 BTU Cool Hi-EER Class F R410A,HVPAC,WAC,WAC ROTARY,0-Month,1,1260.0,-43.48,3.45,1216.52,182.47,1398.99
2023-09-04,2321021580,RECA,7233,,INV,SEP,2023,TPC,DW-14F2ME(SS),TOSHIBA,Dish Washer FS 14 Place Settings 8 Prog Stainless Steel,HA,DISH WASHER,FREE STANDING,0-Month,1,2086.09,-347.83,16.67,1738.26,260.74,1999.0
2023-09-10,2311059912,RECA,7233,,INV,SEP,2023,EAC,WWS30T22PC,WHITE WESTINGHOUSE,Outdoor Split A/C 27800 BTU Cool,HVPAC,WALL SPLITS,SAC WALL ROTARY,0-Month,2,2260.43,-1478.26,32.7,3042.6,456.39,3498.99
2023-09-11,2321021900,RECA,7233,,INV,SEP,2023,TPC,AW-DK1775WUPBB(WK),TOSHIBA,"TL WASHER 15 KG,UFB WASH,SDD INVERTER,60HZ - WHITE/BLACK",HA,LAUNDRY A,FA TOP LOADING,0-Month,1,2433.91,-260.87,10.72,2173.04,325.95,2498.99
2023-09-16,2311062475,RECA,7233,,INV,SEP,2023,EAC,WWCFAK100,WHITE WESTINGHOUSE,"CHEST FREEZER 3.4 CU FT, 230V 60HZ, R600A",HA,FREEZERS,CHEST FREEZERS,0-Month,1,781.74,0.0,0.0,781.74,117.27,899.01
2023-09-18,2311062914,RECA,7233,,INV,SEP,2023,EAC,WWS30T22PC,WHITE WESTINGHOUSE,Outdoor Split A/C 27800 BTU Cool,HVPAC,WALL SPLITS,SAC WALL ROTARY,0-Month,1,2260.43,-739.13,32.7,1521.3,228.2,1749.5
2023-09-20,2311063165,RECA,7233,,INV,SEP,2023,EAC,DWD77TDP,DORA,"Top and Bottom Loading Water Dispenser, black with SS",SDA,WATER DISPENSER,FREE STANDING,0-Month,1,1042.61,-365.22,35.03,677.39,101.61,779.0
2023-09-21,2311063308,RECA,7233,,INV,SEP,2023,EAC,EK-EEWA7300AR,ELECTROLUX,KETTLE 2400W 1.7L  STAINLESS STEEL,SDA,LHA,ELECTRIC KETTLE,0-Month,1,260.0,-259.99,100.0,0.01,0.0,0.01
2023-09-25,2311063671,RECA,7233,,INV,SEP,2023,EAC,EK-EER73DB,ELECTROLUX,FLOOR STICK RECHARGEABLE 14.4V,SDA,VACCUM CLEANERS,CANNISTER,0-Month,1,668.7,-668.63,99.99,0.07,0.01,0.08
2023-09-25,2311063819,RECA,7233,,INV,SEP,2023,EAC,WWCFAK350,WHITE WESTINGHOUSE,"CHEST FREEZER 10.7 CU FT, 230V 60HZ, R600A",HA,FREEZERS,CHEST FREEZERS,0-Month,1,1303.48,-86.96,6.67,1216.52,182.48,1399.0
2023-09-26,2311063838,REUI,7596,,INV,SEP,2023,EAC,PIPE V-24,WHITE WESTINGHOUSE,4 Meter copper pipe for 24K Split AC,HVPAC,ACCESSORIES,PIPE,0-Month,1,0.01,0.0,0.0,0.01,0.01,0.02
2023-09-27,2311064526,RECA,7233,,INV,SEP,2023,EAC,HS18CPVI23,HISENSE,Indoor Split A/C 18400 BTU Cool - Inverter - WiFi,HVPAC,WALL SPLITS,SAC WALL ROTARY,0-Month,1,1325.65,-326.08,24.6,999.57,149.93,1149.5
2023-09-28,2311065478,RECA,7233,,INV,SEP,2023,EAC,E7CM1-50GB,ELECTROLUX,"Coffee Maker, Black with Aroma - Explore 7",SDA,LHA,COFFEE MAKER,0-Month,1,433.91,-433.9,100.0,0.01,0.0,0.01
2023-09-28,2318003101,RECA,7233,,CM,SEP,2023,EAC,50DYAC40,DORA,"50 Inch, UHD 4K, Android 11, Dolby Audio, 2.1 HDMI",CE,LCD/LED TV,LED TV,0-Month,-1,1173.04,217.39,18.53,-955.65,-143.35,-1099.0
2023-09-30,2311065826,REUI,1879,,INV,SEP,2023,EAC,WWS18G22C,WHITE WESTINGHOUSE,Outdoor Split A/C 17800 BTU Cool,HVPAC,WALL SPLITS,SAC WALL ROTARY,0-Month,2,1130.0,0.0,0.0,2260.0,339.0,2599.0
2023-09-30,2311065994,RECA,7233,,INV,SEP,2023,EAC,75SUE9500,SKYWORTH,"Skyworth 75"" QLED TV 4K UHD Smart (Google TV)",CE,LCD/LED TV,LED TV,0-Month,1,5651.0,-2782.0,49.23,2869.0,430.35,3299.35
2023-10-02,2311066195,RECA,4207,,INV,OCT,2023,EAC,WWS12K23C,WHITE WESTINGHOUSE,Outdoor split  A/C 12000 BTU Cool - WiFi,HVPAC,WALL SPLITS,SAC WALL ROTARY,0-Month,1,847.39,-83.68,9.88,763.71,114.55,878.26
2023-10-08,2311070111,RECA,7233,,INV,OCT,2023,EAC,WWS12K23I,WHITE WESTINGHOUSE,Indoor split  A/C 12000 BTU Cool - WiFi,HVPAC,WALL SPLITS,SAC WALL ROTARY,0-Month,1,847.39,-43.48,5.13,803.91,120.58,924.49
2023-10-10,2311070594,RECA,7233,,INV,OCT,2023,EAC,WWS24K23I,WHITE WESTINGHOUSE,Indoor split  A/C 23000 BTU Cool - WiFi,HVPAC,WALL SPLITS,SAC WALL ROTARY,0-Month,1,1260.43,-43.47,3.45,1216.96,182.54,1399.5
2023-10-13,2311071042,REUI,7596,,INV,OCT,2023,EAC,AH-A36ZCS,SHARP,Indoor Split A/C 32200 BTU Cool HI-EER Class D R410A,HVPAC,WALL SPLITS,SAC WALL ROTARY,0-Month,1,2303.91,-304.34,13.21,1999.57,299.93,2299.5
2023-10-15,2311071236,RECA,7233,,INV,OCT,2023,EAC,PIPE V-30/36,WHITE WESTINGHOUSE,5 Meter copper pipe for 30K/36K Split AC,HVPAC,ACCESSORIES,PIPE,0-Month,1,0.01,0.0,0.0,0.01,0.01,0.02
2023-10-19,2311071822,RECA,4207,,INV,OCT,2023,EAC,55DYAC40,DORA,"55 Inch, UHD 4K, Android 11, Dolby Audio, 2.1 HDMI",CE,LCD/LED TV,LED TV,0-Month,1,1260.0,-269.53,21.39,990.47,148.57,1139.04
2023-10-26,2311072735,REEM,3064,,INV,OCT,2023,EAC,MU6T3AH/A,APPLE MACINTOSH,iPhone 15 Pro Max 256GB Blue,TELECOM,MOBILES,SMART PHONES,0-Month,1,5217.0,0.0,0.0,5217.0,782.55,5999.55
2023-10-29,2311073120,REEM,3029,,INV,OCT,2023,EAC,MU6T3AH/A,APPLE MACINTOSH,iPhone 15 Pro Max 256GB Blue,TELECOM,MOBILES,SMART PHONES,0-Month,1,5425.0,-208.48,3.84,5216.52,782.47,5998.99
2023-10-30,2311073369,REEM,6321,,INV,OCT,2023,EAC,MU6T3AH/A,APPLE MACINTOSH,iPhone 15 Pro Max 256GB Blue,TELECOM,MOBILES,SMART PHONES,0-Month,2,5425.0,-416.96,3.84,10433.04,1564.95,11997.99
2023-10-31,2311073558,RECA,7233,,INV,OCT,2023,EAC,E6AF1-720S,ELECTROLUX,"Air Fryer, Stainless Steel with Touch - Explore 6",SDA,LHA,DEEP FRYER,0-Month,1,477.39,-259.13,54.28,218.26,32.74,251.0
2023-10-31,2311073715,RECA,7233,,INV,OCT,2023,EAC,EO-G120-K3,SHARP,"E. Oven 100L 2800W Rotisserie, Convection, Interior Light",SDA,LHA,DEEP FRYER,0-Month,1,694.78,0.0,0.0,694.78,104.22,799.0
2023-07-03,2321015887,RECA,7233,,INV,JUL,2023,TPC,GR-A33AS(SK),TOSHIBA,"FRIDGE 8.1 CFT (231L), 230V 60HZ - Metallic Grey",HA,REFRIGERATORS,TOP MOUNT,0-Month,1,1825.22,0.0,0.0,1825.22,273.79,2099.01
2023-07-05,2311041488,RECA,7233,,INV,JUL,2023,EAC,WWA20K22R,WHITE WESTINGHOUSE,Window A/C 18000 BTU Cool,HVPAC,WAC,WAC ROTARY,0-Month,1,1303.48,-0.01,0.0,1303.47,195.52,1498.99
2023-07-06,2311041621,RECA,7233,,INV,JUL,2023,EAC,PIPE K-12/18,WHITE WESTINGHOUSE,4 Meter copper pipe for 12K/18K Split AC,HVPAC,ACCESSORIES,PIPE,0-Month,3,0.01,0.0,0.0,0.03,0.01,0.04
2023-07-19,2321016870,RECA,7233,,INV,JUL,2023,TPC,VC-DR180ABF(R),TOSHIBA,"VAC CLNR DRUM, 20L, 1800W,S Steel Tube - Blck/Red",SDA,VACCUM CLEANERS,DRUM,0-Month,1,390.43,-43.47,11.13,346.96,52.04,399.0
2023-07-19,2311043270,RECA,7233,,INV,JUL,2023,EAC,43STD4000,SKYWORTH,"Skyworth 43"" Smart LED TV",CE,LCD/LED TV,LED TV,0-Month,2,694.78,0.0,0.0,1389.56,208.44,1598.0
2023-07-23,2311043651,RECA,4207,,INV,JUL,2023,EAC,WWFLD10VW08,WHITE WESTINGHOUSE,"FRONT LOAD CONDENSOR DRYER 8KG, WITH PUMP",HA,LAUNDRY A,DRYER,0-Month,2,1738.26,-972.18,27.96,2504.34,375.65,2879.99
2023-07-23,2311043642,REUI,7561,,INV,JUL,2023,EAC,MPUQ3AH/A,APPLE MACINTOSH,iPhone 14 128GB Starlight,TELECOM,MOBILES,SMART PHONES,0-Month,1,3303.48,-391.31,11.85,2912.17,436.83,3349.0
2023-07-16,2318002221,RECA,7233,,CM,JUL,2023,EAC,AU-A12WCS,SHARP,Outdoor Split A/C 11600 BTU Cool HI-EER Class D R410A,HVPAC,WALL SPLITS,SAC WALL ROTARY,0-Month,-1,1216.96,413.05,33.94,-803.91,-120.59,-924.5
2023-07-30,2311044156,REUI,7561,,INV,JUL,2023,EAC,MPUQ3AH/A,APPLE MACINTOSH,iPhone 14 128GB Starlight,TELECOM,MOBILES,SMART PHONES,0-Month,1,3303.48,-391.31,11.85,2912.17,436.83,3349.0
2023-07-31,2311044279,RECA,7233,,INV,JUL,2023,EAC,SJ-K155X-SL,SHARP,"122L / 4.3 Cu ft, Single Door Refrigerator, R600a, 60Hz, Silver color",HA,REFRIGERATORS,MINI BAR,0-Month,1,955.65,-86.95,9.1,868.7,130.3,999.0
2023-08-01,2311045355,REEM,3540,,INV,AUG,2023,EAC,PIPE V-30/36,WHITE WESTINGHOUSE,5 Meter copper pipe for 30K/36K Split AC,HVPAC,ACCESSORIES,PIPE,0-Month,1,0.01,0.0,0.0,0.01,0.01,0.02
2023-08-02,2311048325,RECA,4207,,INV,AUG,2023,EAC,PIPE-30,WHITE WESTINGHOUSE,5 Meter copper pipe for 30K Split AC,HVPAC,ACCESSORIES,PIPE,0-Month,1,0.01,0.0,0.0,0.01,0.01,0.02
2023-08-03,2321018211,RECA,7233,,INV,AUG,2023,TPC,GR-A820ATE(S),TOSHIBA,"FRIDGE 21.50 CFT (608L), INVERTER, 230V, 50/60HZ - SILVER",HA,REFRIGERATORS,TOP MOUNT,0-Month,1,4260.0,-782.61,18.37,3477.39,521.6,3998.99
2023-08-05,2321018238,REUI,7596,,INV,AUG,2023,TPC,GR-RS780WI-PGU(22),TOSHIBA,"SBS 19.4 Cf-549L,Inverter,PBIO,Max Humid,Alloy Cool-Bk Glass",HA,REFRIGERATORS,SIDE BY SIDE,0-Month,1,3738.26,-260.87,6.98,3477.39,521.6,3998.99
2023-08-04,2311048554,RECA,7233,,INV,AUG,2023,EAC,WWFLD10VW08,WHITE WESTINGHOUSE,"FRONT LOAD CONDENSOR DRYER 8KG, WITH PUMP",HA,LAUNDRY A,DRYER,0-Month,1,1390.43,0.0,0.0,1390.43,208.57,1599.0
2023-08-08,2321018372,RECA,4207,,INV,AUG,2023,TPC,VH-L150WBB(WW),TOSHIBA,"TWIN TUB WASHER 14.0 KG, 220-230V 60HZ",HA,LAUNDRY TT,TWIN-TUB,0-Month,1,1390.43,-139.04,10.0,1251.39,187.71,1439.1
2023-08-13,2311049718,RECA,7233,,INV,AUG,2023,EAC,WWS24G23WC,WHITE WESTINGHOUSE,Outdoor Split A/C 22100 BTU Cool WiFi,HVPAC,WALL SPLITS,SAC WALL ROTARY,0-Month,1,1303.91,0.0,0.0,1303.91,195.59,1499.5
2023-08-19,2311050981,RECA,7233,,INV,AUG,2023,EAC,WWS18G22I,WHITE WESTINGHOUSE,Indoor Split A/C 17800 BTU Cool,HVPAC,WALL SPLITS,SAC WALL ROTARY,0-Month,1,1130.0,-565.0,50.0,565.0,84.75,649.75
2023-08-21,2311051359,REUI,7596,,INV,AUG,2023,EAC,WWA20K22R,WHITE WESTINGHOUSE,Window A/C 18000 BTU Cool,HVPAC,WAC,WAC ROTARY,0-Month,1,1303.48,-0.01,0.0,1303.47,195.52,1498.99
2023-08-27,2311051972,RECA,7233,,INV,AUG,2023,EAC,PIPE-18/24,WHITE WESTINGHOUSE,4 Meter copper pipe for 18K/24K Split AC,HVPAC,ACCESSORIES,PIPE,0-Month,2,0.01,0.0,0.0,0.02,0.01,0.03
2023-08-27,2311052605,RECA,7233,,INV,AUG,2023,EAC,WWS24K23C,WHITE WESTINGHOUSE,Outdoor split  A/C 23000 BTU Cool - WiFi,HVPAC,WALL SPLITS,SAC WALL ROTARY,0-Month,1,1260.43,-43.47,3.45,1216.96,182.54,1399.5
2023-08-30,2311053218,RECA,7233,,INV,AUG,2023,EAC,WWS18G22I,WHITE WESTINGHOUSE,Indoor Split A/C 17800 BTU Cool,HVPAC,WALL SPLITS,SAC WALL ROTARY,0-Month,2,1130.0,0.0,0.0,2260.0,339.0,2599.0
2023-09-04,2321021588,REUI,7596,,INV,SEP,2023,TPC,TW-BK90G4BB(SK),TOSHIBA,"FL Washer 8kg,1400 RPM,Orgn Inverter,Digital Display-Silver",HA,LAUNDRY A,FA FRONT LOADING,0-Month,1,2346.96,-608.7,25.94,1738.26,260.74,1999.0
2023-09-04,2321021620,RECA,7233,,INV,SEP,2023,TPC,AW-DK1775WUPBB(WK),TOSHIBA,"TL WASHER 15 KG,UFB WASH,SDD INVERTER,60HZ - WHITE/BLACK",HA,LAUNDRY A,FA TOP LOADING,0-Month,1,2433.91,-260.87,10.72,2173.04,325.95,2498.99
2023-09-05,2311054685,RECA,7233,,INV,SEP,2023,EAC,WWA20K22R,WHITE WESTINGHOUSE,Window A/C 18000 BTU Cool,HVPAC,WAC,WAC ROTARY,0-Month,1,1346.96,-43.49,3.23,1303.47,195.52,1498.99
2023-09-06,2311059569,REUI,7561,,INV,SEP,2023,EAC,WWS24K23C,WHITE WESTINGHOUSE,Outdoor split  A/C 23000 BTU Cool - WiFi,HVPAC,WALL SPLITS,SAC WALL ROTARY,0-Month,1,1260.43,-43.47,3.45,1216.96,182.54,1399.5
2023-09-07,2321021783,RECA,4207,,INV,SEP,2023,TPC,RWF-W1830BSA(K),TOSHIBA,"Water Disp,Touch Control,Digital Display,1Tap,Ice-Cold Technology",SDA,WATER DISPENSER,FREE STANDING,0-Month,1,868.7,-86.96,10.01,781.74,117.26,899.0
2023-09-11,2328001493,RECA,7233,,CM,SEP,2023,TPC,WTR24HHB1,LG,WM TL 24KG/TurboWash3D™/Wi-Fi/Tub Clean/Steam/DD Motor,HA,LAUNDRY A,FA TOP LOADING,0-Month,-1,4347.0,0.0,0.0,-4347.0,-652.05,-4999.05
2023-09-17,2311062565,REUI,7561,,INV,SEP,2023,EAC,DPA20T23R,DORA,Window A/C 18000 BTU Cool HI-EER Class F R410A,HVPAC,WAC,WAC ROTARY,0-Month,1,1216.52,0.0,0.0,1216.52,182.48,1399.0
2023-09-17,2318002683,RECA,7233,,CM,SEP,2023,EAC,EO-42NK-3,SHARP,E. Oven 42L 1800W Rotisserie,SDA,LHA,DEEP FRYER,0-Month,-1,433.91,0.0,0.0,-433.91,-65.09,-499.0
2023-09-20,2311063163,RECA,7233,,INV,SEP,2023,EAC,E7CM1-50GB,ELECTROLUX,"Coffee Maker, Black with Aroma - Explore 7",SDA,LHA,COFFEE MAKER,0-Month,1,433.91,-433.87,99.99,0.04,0.0,0.04
2023-09-20,2311063110,RECA,7233,,INV,SEP,2023,EAC,EK-EER73DB,ELECTROLUX,FLOOR STICK RECHARGEABLE 14.4V,SDA,VACCUM CLEANERS,CANNISTER,0-Month,1,668.7,-668.63,99.99,0.07,0.01,0.08
2023-09-20,2311063223,RECA,7233,,INV,SEP,2023,EAC,E7CM1-50GB,ELECTROLUX,"Coffee Maker, Black with Aroma - Explore 7",SDA,LHA,COFFEE MAKER,0-Month,2,433.91,-867.74,99.99,0.08,0.01,0.09
2023-09-21,2311063286,REUI,7287,,INV,SEP,2023,EAC,WWS12K23I,WHITE WESTINGHOUSE,Indoor split  A/C 12000 BTU Cool - WiFi,HVPAC,WALL SPLITS,SAC WALL ROTARY,0-Month,2,847.39,-86.96,5.13,1607.82,241.17,1848.99
2023-09-22,2321023225,RECA,7233,,INV,SEP,2023,TPC,GR-A33AS(SK),TOSHIBA,"FRIDGE 8.1 CFT (231L), 230V 60HZ - Metallic Grey",HA,REFRIGERATORS,TOP MOUNT,0-Month,1,1825.22,-173.92,9.53,1651.3,247.7,1899.0
2023-09-25,2321023350,RECA,4207,,INV,SEP,2023,TPC,TBA-36LMG5G089KS-SA,TOSHIBA,"Gas Cooker 90x60, 5 burner with Rotisserie & Convection - SS",HA,COOKING RANGE,GAS COOKER,0-Month,1,1999.13,-278.27,13.92,1720.86,258.12,1978.98
2023-09-25,2311063663,REEM,3540,,INV,SEP,2023,EAC,65SUE9500,SKYWORTH,"SKYWORTH  65"" QLED Google TV UHD 4K HDR SMART TV",CE,LCD/LED TV,LED TV,0-Month,1,2086.0,-173.83,8.33,1912.17,286.82,2198.99
2023-09-26,2311063858,RECA,7233,,INV,SEP,2023,EAC,WWS30T22PI,WHITE WESTINGHOUSE,Indoor Split A/C 27800 BTU Cool,HVPAC,WALL SPLITS,SAC WALL ROTARY,0-Month,1,2260.43,-739.13,32.7,1521.3,228.2,1749.5
2023-09-26,2311064447,RECA,7233,,INV,SEP,2023,EAC,WWA20K22R,WHITE WESTINGHOUSE,Window A/C 18000 BTU Cool,HVPAC,WAC,WAC ROTARY,0-Month,4,1346.96,-173.96,3.23,5213.88,782.08,5995.96
2023-09-27,2311064615,RECA,7233,,INV,SEP,2023,EAC,HS18CPVI23,HISENSE,Indoor Split A/C 18400 BTU Cool - Inverter - WiFi,HVPAC,WALL SPLITS,SAC WALL ROTARY,0-Month,1,1325.65,-326.08,24.6,999.57,149.93,1149.5
2023-09-28,2311065262,RECA,7233,,INV,SEP,2023,EAC,E7CM1-50GB,ELECTROLUX,"Coffee Maker, Black with Aroma - Explore 7",SDA,LHA,COFFEE MAKER,0-Month,1,433.91,-433.9,100.0,0.01,0.0,0.01
2023-09-30,2321024548,RECA,7233,,INV,SEP,2023,TPC,RWF-W2035UVBSA(K),TOSHIBA,"Water Disp,BL,3 taps,50/60HZ,SS Tank, UV Technology",SDA,WATER DISPENSER,FREE STANDING,0-Month,1,868.7,0.0,0.0,868.7,130.31,999.01
2023-10-02,2311066195,RECA,4207,,INV,OCT,2023,EAC,WWS36K23C,WHITE WESTINGHOUSE,Outdoor split  A/C 31200 BTU Cool - WiFi,HVPAC,WALL SPLITS,SAC WALL ROTARY,0-Month,4,1999.57,-565.16,7.07,7433.12,1114.97,8548.09
2023-10-03,2311066522,REUI,7596,,INV,OCT,2023,EAC,WWS24G23WC,WHITE WESTINGHOUSE,Outdoor Split A/C 22100 BTU Cool WiFi,HVPAC,WALL SPLITS,SAC WALL ROTARY,0-Month,1,1303.91,0.0,0.0,1303.91,195.59,1499.5
2023-10-09,2311070353,REUI,7596,,INV,OCT,2023,EAC,XB-RRT-00013,MS-XB,Xbox Series X Console 1TB Black,TELECOM,ENTERTAINMENT,GAMING,0-Month,1,1999.0,0.0,0.0,1999.0,299.85,2298.85
2023-10-08,2328001840,RECA,7233,,CM,OCT,2023,TPC,AW-UK1100HUPBB(SG),TOSHIBA,"TL Washer 10kg, UFB Wash, 220-230V, 60HZ - Silver",HA,LAUNDRY A,FA TOP LOADING,0-Month,-1,1738.26,173.91,10.0,-1564.35,-234.65,-1799.0
2023-10-16,2311071404,RECA,7233,,INV,OCT,2023,EAC,EWF1141AESA,ELECTROLUX,11KG UltimateCare FL Washer with Vapour Care Technology,HA,LAUNDRY A,FA FRONT LOADING,0-Month,1,3651.3,-1500.05,41.08,2151.25,322.69,2473.94
2023-10-09,2318003438,RECA,4207,,CM,OCT,2023,EAC,WWS30K23C,WHITE WESTINGHOUSE,Outdoor split  A/C 27000 BTU Cool - WiFi,HVPAC,WALL SPLITS,SAC WALL ROTARY,0-Month,-1,1738.7,43.49,2.5,-1695.21,-254.28,-1949.49
2023-10-19,2311071844,RECA,4207,,INV,OCT,2023,EAC,PIPE-30,WHITE WESTINGHOUSE,5 Meter copper pipe for 30K Split AC,HVPAC,ACCESSORIES,PIPE,0-Month,1,0.01,0.0,0.0,0.01,0.01,0.02
2023-10-22,2311072116,REUI,7596,,INV,OCT,2023,EAC,WWTLAVS16,WHITE WESTINGHOUSE,TL Washer 16KG with Pump Silver Color,HA,LAUNDRY A,FA TOP LOADING,0-Month,1,1738.26,0.0,0.0,1738.26,260.74,1999.0
2023-10-27,2311072745,RECA,7233,,INV,OCT,2023,EAC,R-20AS(W),SHARP,"20L BASIC MICROWAVE, WHITE, 220V/60HZ - White",SDA,MICROWAVE,BASIC,0-Month,1,242.61,0.0,0.0,242.61,36.4,279.01
2023-10-28,2311072859,REEM,3561,,INV,OCT,2023,EAC,75DYAC40,DORA,"75 Inch, UHD 4K, Android 11, Dolby Vision, Dolby Atmos, 2.1 HDMI, Metal Frame",CE,LCD/LED TV,LED TV,0-Month,1,2607.83,-260.88,10.0,2346.95,352.04,2698.99
2023-10-29,2311073094,RECA,7233,,INV,OCT,2023,EAC,DWD76TDS,DORA,"Top and Bottom Loading Water Dispenser, black with SS DWD76TDS",SDA,WATER DISPENSER,FREE STANDING,0-Month,3,1042.61,-1095.66,35.03,2032.17,304.83,2337.0
2023-07-04,2311038688,RECA,7233,,INV,JUL,2023,EAC,AH-A24ATS,SHARP,Indoor Split A/C 21000 BTU Cool HI-EER Class D R410A,HVPAC,WALL SPLITS,SAC WALL ROTARY,0-Month,1,1282.17,-21.74,1.7,1260.43,189.06,1449.49
2023-07-05,2311041485,RECA,7233,,INV,JUL,2023,EAC,WWFL10VW12,WHITE WESTINGHOUSE,"FRONT LOAD WASHER 12KG, INVERTER, WITH PUMP, 1400RPM",HA,LAUNDRY,FA FRONT LOADING,0-Month,1,2173.04,-173.91,8.0,1999.13,299.87,2299.0
2023-07-09,2311041963,RECA,7233,,INV,JUL,2023,EAC,DS24T23WI,DORA,Indoor Split A/C 22000 BTU Cool WiFi HI-EER Class D R410A,HVPAC,WALL SPLITS,SAC WALL ROTARY,0-Month,2,1216.96,-173.92,7.15,2260.0,339.0,2599.0
2023-07-11,2321016343,REUI,7561,,INV,JUL,2023,TPC,DW-14F1ME(W),TOSHIBA,Dish Washer FS 14 Place Settings 6 Prog White,HA,DISH WASHER,FREE STANDING,0-Month,1,1390.43,-86.95,6.25,1303.48,195.52,1499.0
2023-07-11,2311042174,RECA,7233,,INV,JUL,2023,EAC,WWS18G22C,WHITE WESTINGHOUSE,Outdoor Split A/C 17800 BTU Cool,HVPAC,WALL SPLITS,SAC WALL ROTARY,0-Month,1,1130.0,0.0,0.0,1130.0,169.5,1299.5
2023-07-14,2321016445,RECA,7233,,INV,JUL,2023,TPC,LT22HBHWLN,LG,Ref 2D 20.9 Cu. Ft / Bar Handle / Touch LED Display / Wi-Fi,HA,REFRIGERATORS,TOP MOUNT,0-Month,1,3825.0,0.0,0.0,3825.0,573.75,4398.75
2023-07-14,2311042473,RECA,7233,,INV,JUL,2023,EAC,AH-A12WCS,SHARP,Indoor Split A/C 11600 BTU Cool HI-EER Class D R410A,HVPAC,WALL SPLITS,SAC WALL ROTARY,0-Month,1,1216.96,-413.05,33.94,803.91,120.59,924.5
2023-07-17,2311042936,RECA,4207,,INV,JUL,2023,EAC,HUF48HAO23,HISENSE,"Free Stand AC Outdoor Unit 48000 BTU ,Heat Cool, Inverter",HVPAC,FS SPLITS,FS SPLITS,0-Month,1,3956.09,-197.8,5.0,3758.29,563.75,4322.04
2023-07-18,2311043090,REEM,3029,,INV,JUL,2023,EAC,MQ1E3AH/A,APPLE MACINTOSH,iPhone 14 Pro 256GB Deep Purple,TELECOM,MOBILES,SMART PHONES,0-Month,1,4607.83,-260.87,5.66,4346.96,652.04,4999.0
2023-07-19,2311043487,RECA,7233,,INV,JUL,2023,EAC,PIPE-30,WHITE WESTINGHOUSE,5 Meter copper pipe for 30K Split AC,HVPAC,ACCESSORIES,PIPE,0-Month,1,0.01,0.0,0.0,0.01,0.01,0.02
2023-07-29,2311044096,RECA,7233,,INV,JUL,2023,EAC,55DYAC40,DORA,"55 Inch, UHD 4K, Android 11, Dolby Audio, 2.1 HDMI",CE,LCD/LED TV,LED TV,0-Month,1,1260.0,-130.43,10.35,1129.57,169.43,1299.0
2023-07-30,2311044177,RECA,7233,,INV,JUL,2023,EAC,WWA20K22R,WHITE WESTINGHOUSE,Window A/C 18000 BTU Cool,HVPAC,WAC,WAC ROTARY,0-Month,2,1303.48,-0.02,0.0,2606.94,391.04,2997.98
2023-08-02,2311045631,RECA,7233,,INV,AUG,2023,EAC,DS18T23WC,DORA,Outdoor Split A/C 18000 BTU Cool WiFi HI-EER Class D R410A.,HVPAC,WALL SPLITS,SAC WALL ROTARY,0-Month,5,977.83,-326.1,6.67,4563.05,684.46,5247.51
2023-08-03,2311048522,REUI,7596,,INV,AUG,2023,EAC,DA20K23R,DORA,Window A/C 18000 BTU Cool Hi-EER Class F R410A,HVPAC,WAC,WAC ROTARY,0-Month,1,1260.0,-43.48,3.45,1216.52,182.47,1398.99
2023-08-06,2311048658,RECA,7233,,INV,AUG,2023,EAC,75SUE9500,SKYWORTH,"Skyworth 75"" QLED TV 4K UHD Smart (Google TV)",CE,LCD/LED TV,LED TV,0-Month,1,2868.7,0.0,0.0,2868.7,430.31,3299.01
2023-08-14,2311050206,RECA,4207,,INV,AUG,2023,EAC,AH-A18ATS,SHARP,Indoor Split A/C 18000 BTU Cool HI-EER Class D R410A,HVPAC,WALL SPLITS,SAC WALL ROTARY,0-Month,1,1064.78,-73.89,6.94,990.89,148.63,1139.52
2023-08-17,2311050817,RECA,7233,,INV,AUG,2023,EAC,DWD77TDP,DORA,"Top and Bottom Loading Water Dispenser, black with SS",SDA,WATER DISPENSER,FREE STANDING,0-Month,1,1042.61,-365.22,35.03,677.39,101.61,779.0
2023-08-16,2311050702,REUI,7561,,INV,AUG,2023,EAC,FA31-202GY,ELECTROLUX,Flow A3 - Air Purifier with Anti-bacterial HEPA & Touch UI,SDA,AIR PURIFIER,RESIDENTIAL,0-Month,1,651.3,-651.23,99.99,0.07,0.01,0.08
2023-08-26,2311051855,RECA,7233,,INV,AUG,2023,EAC,PIPE V-12/18,WHITE WESTINGHOUSE,4 Meter copper pipe for 12K/18K Split AC,HVPAC,ACCESSORIES,PIPE,0-Month,1,0.01,0.0,0.0,0.01,0.01,0.02
2023-08-27,2311051972,RECA,7233,,INV,AUG,2023,EAC,WWS36T22PI,WHITE WESTINGHOUSE,Indoor Split A/C 30600 BTU Cool,HVPAC,WALL SPLITS,SAC WALL ROTARY,0-Month,3,2760.43,-3202.14,38.67,5079.15,761.87,5841.02
2023-08-28,2321020672,RECA,7233,,INV,AUG,2023,TPC,GR-RT559WE-PMU(37),TOSHIBA,"Fridge 14.50 Cft (411L), Inverter - Satin Grey",HA,REFRIGERATORS,TOP MOUNT,0-Month,1,2173.04,-173.91,8.0,1999.13,299.87,2299.0
2023-09-04,2321021589,REEM,3064,,INV,SEP,2023,TPC,DW-14F1ME(S),TOSHIBA,Dish Washer FS 14 Place Settings 6 Prog Silver,HA,DISH WASHER,FREE STANDING,0-Month,1,1390.43,0.0,0.0,1390.43,208.57,1599.0
2023-09-14,2311062309,REUI,7561,,INV,SEP,2023,EAC,WWS24K23C,WHITE WESTINGHOUSE,Outdoor split  A/C 23000 BTU Cool - WiFi,HVPAC,WALL SPLITS,SAC WALL ROTARY,0-Month,1,1260.43,-43.47,3.45,1216.96,182.54,1399.5
2023-09-20,2311063108,RECA,4207,,INV,SEP,2023,EAC,WWUF21KS,WHITE WESTINGHOUSE,21 Cu Ft. SS Upright Freezer Inverter Compressor R600a,HA,FREEZERS,UPRIGHT FREEZER,0-Month,1,3216.52,-478.26,14.87,2738.26,410.74,3149.0
2023-09-21,2311063250,RECA,7233,,INV,SEP,2023,EAC,50SUE9520,SKYWORTH,"Skyworth 50"" QLED TV 4K UHD Smart (Google TV)",CE,LCD/LED TV,LED TV,0-Month,1,1217.0,-0.47,0.04,1216.53,182.47,1399.0
2023-09-21,2311063248,RECA,7233,,INV,SEP,2023,EAC,DWD40TBS,DORA,"Bottom Loading Water Dispenser, Black SS, SS Tank",SDA,WATER DISPENSER,FREE STANDING,0-Month,3,868.7,-521.76,20.02,2084.34,312.65,2396.99
2023-09-21,2311063284,RECA,7233,,INV,SEP,2023,EAC,65SUE9500,SKYWORTH,"SKYWORTH  65"" QLED Google TV UHD 4K HDR SMART TV",CE,LCD/LED TV,LED TV,0-Month,1,2086.0,-173.83,8.33,1912.17,286.82,2198.99
2023-09-25,2311063675,RECA,4207,,INV,SEP,2023,EAC,WWRAK560(S),WHITE WESTINGHOUSE,"Fridge 19.9 CuFt, 564 Ltr, Inverter, R600a, Silver",HA,REFRIGERATORS,TOP MOUNT,0-Month,1,2868.69,-834.69,29.1,2034.0,305.1,2339.1
2023-09-25,2311063655,RECA,7233,,INV,SEP,2023,EAC,E7CM1-50GB,ELECTROLUX,"Coffee Maker, Black with Aroma - Explore 7",SDA,LHA,COFFEE MAKER,0-Month,1,433.91,-433.87,99.99,0.04,0.0,0.04
2023-09-25,2311063744,REUI,7561,,INV,SEP,2023,EAC,E7CM1-50GB,ELECTROLUX,"Coffee Maker, Black with Aroma - Explore 7",SDA,LHA,COFFEE MAKER,0-Month,1,433.91,-433.87,99.99,0.04,0.0,0.04
2023-09-26,2311063842,REUI,7596,,INV,SEP,2023,EAC,DS18T23WC,DORA,Outdoor Split A/C 18000 BTU Cool WiFi HI-EER Class D R410A.,HVPAC,WALL SPLITS,SAC WALL ROTARY,0-Month,1,977.83,-65.22,6.67,912.61,136.89,1049.5
2023-09-28,2318003100,RECA,7233,,CM,SEP,2023,EAC,PIPE-18/24,WHITE WESTINGHOUSE,4 Meter copper pipe for 18K/24K Split AC,HVPAC,ACCESSORIES,PIPE,0-Month,-1,0.01,0.0,0.0,-0.01,-0.01,-0.02
2023-09-30,2321024661,REUI,1879,,INV,SEP,2023,TPC,MM-EG34PB(BK),TOSHIBA,"34L GRILL MICROWAVE, DIGITAL, STEEL, 220V, 60HZ - Black",SDA,MICROWAVE,GRILL,0-Month,1,520.87,-43.45,8.34,477.42,71.62,549.04
2023-09-30,2311065981,RECA,7233,,INV,SEP,2023,EAC,FA31-202GY,ELECTROLUX,Flow A3 - Air Purifier with Anti-bacterial HEPA & Touch UI,SDA,AIR PURIFIER,RESIDENTIAL,0-Month,1,651.3,-651.29,100.0,0.01,0.0,0.01
2023-10-01,2321024854,RECA,7233,,INV,OCT,2023,TPC,RWF-W2035UVBSA(K),TOSHIBA,"Water Disp,BL,3 taps,50/60HZ,SS Tank, UV Technology",SDA,WATER DISPENSER,FREE STANDING,0-Month,1,868.7,0.0,0.0,868.7,130.31,999.01
2023-10-02,2311066183,RECA,7233,,INV,OCT,2023,EAC,WWTLAVS16,WHITE WESTINGHOUSE,TL Washer 16KG with Pump Silver Color,HA,LAUNDRY A,FA TOP LOADING,0-Month,1,1738.26,0.0,0.0,1738.26,260.74,1999.0
2023-10-10,2311070585,RECA,7233,,INV,OCT,2023,EAC,WWS24G23WI,WHITE WESTINGHOUSE,Indoor Split A/C 22100 BTU Cool,HVPAC,WALL SPLITS,SAC WALL ROTARY,0-Month,1,1303.91,0.0,0.0,1303.91,195.59,1499.5
2023-10-15,2311071194,RECA,7233,,INV,OCT,2023,EAC,HS24HPVI23,HISENSE,Indoor Split A/C 24000 BTU Heat Cool - Inverter - WiFi,HVPAC,WALL SPLITS,SAC WALL ROTARY,0-Month,1,1608.26,0.0,0.0,1608.26,241.24,1849.5
2023-10-18,2311071662,REEM,3032,,INV,OCT,2023,EAC,GX40Q17228,LENOVO,"LENOVO 15.6"" Laptop Casual Backpack B210 Green-ROW",IT,ACCESSORIES,CARRY CASE,0-Month,1,86.0,-85.99,99.99,0.01,0.0,0.01
2023-10-27,2311072743,RECA,7233,,INV,OCT,2023,EAC,4T-C65DL6NX,SHARP,"65"" 4K LED TV WITH ANDROID 10.0 HDR",CE,LCD/LED TV,LED TV,0-Month,1,2694.78,-347.82,12.91,2346.96,352.04,2699.0
2023-07-08,2311041878,RECA,7233,,INV,JUL,2023,EAC,DS18T23WC,DORA,Outdoor Split A/C 18000 BTU Cool WiFi HI-EER Class D R410A.,HVPAC,WALL SPLITS,SAC WALL ROTARY,0-Month,3,977.83,-195.66,6.67,2737.83,410.68,3148.51
2023-07-15,2311042490,REUI,7596,,INV,JUL,2023,EAC,WWFLC10VW1208(S),WHITE WESTINGHOUSE,"COMBO 12W/8D KG,WITH PUMP,BLDC Inverter Motor,1400RPM-SILVER",HA,LAUNDRY A,FA FRONT LOADING,0-Month,1,2955.65,-347.82,11.77,2607.83,391.17,2999.0
2023-07-18,2321016857,RECA,7233,,INV,JUL,2023,TPC,LTT7CBBSI,LG,Ref 1D 6.9 Cu. Ft / Pocket Handle / Inverter Compressor,HA,REFRIGERATORS,MINI BAR,0-Month,1,1521.0,0.0,0.0,1521.0,228.15,1749.15
2023-07-19,2311043270,RECA,7233,,INV,JUL,2023,EAC,AU-A24ATS,SHARP,Outdoor Split A/C 21000 BTU Cool HI-EER Class D R410A,HVPAC,WALL SPLITS,SAC WALL ROTARY,0-Month,3,1282.17,-65.22,1.7,3781.29,567.19,4348.48
2023-07-20,2318002210,REEM,3027,,CM,JUL,2023,EAC,SJ-HM540-HS,SHARP,"Fridge Top Mount, 14.84 CFT (420L), Inverter, 60Hz - Inox",HA,REFRIGERATORS,TOP MOUNT,0-Month,-1,2260.0,0.0,0.0,-2260.0,-339.0,-2599.0
2023-07-24,2311043776,RECA,7233,,INV,JUL,2023,EAC,AU-A18ATS,SHARP,Outdoor Split A/C 18000 BTU Cool HI-EER Class D R410A.,HVPAC,WALL SPLITS,SAC WALL ROTARY,0-Month,1,1064.78,-21.74,2.04,1043.04,156.45,1199.49
2023-07-25,2311043834,RECO,7183,,INV,JUL,2023,EAC,EM-FP41-W3,SHARP,"Food Processor/ H Blender 400W, 1250ml - Stainless Steel",SDA,LHA,FOOD PROCESSOR,0-Month,1,346.96,-22.7,6.54,324.26,48.64,372.9
2023-07-26,2311043935,RECA,7233,,INV,JUL,2023,EAC,DS18T23WC,DORA,Outdoor Split A/C 18000 BTU Cool WiFi HI-EER Class D R410A.,HVPAC,WALL SPLITS,SAC WALL ROTARY,0-Month,4,977.83,-260.88,6.67,3650.44,547.56,4198.0
2023-07-31,2321017333,RECA,7233,,INV,JUL,2023,TPC,TBA-24BMG4G089KS-SA,TOSHIBA,"Gas Cooker 60x60, 4 burner, Auto Ignition & Oven Light - SS",HA,COOKING RANGE,GAS COOKER,0-Month,1,1129.57,0.0,0.0,1129.57,169.44,1299.01
2023-07-30,2311044177,RECA,7233,,INV,JUL,2023,EAC,WWA20K22R,WHITE WESTINGHOUSE,Window A/C 18000 BTU Cool,HVPAC,WAC,WAC ROTARY,0-Month,1,1303.48,-0.01,0.0,1303.47,195.52,1498.99
2023-08-02,2311045623,REEM,3064,,INV,AUG,2023,EAC,DWD77TDP,DORA,"Top and Bottom Loading Water Dispenser, black with SS",SDA,WATER DISPENSER,FREE STANDING,0-Month,1,1042.61,-365.22,35.03,677.39,101.61,779.0
2023-08-02,2311045631,RECA,7233,,INV,AUG,2023,EAC,PIPE V-30/36,WHITE WESTINGHOUSE,5 Meter copper pipe for 30K/36K Split AC,HVPAC,ACCESSORIES,PIPE,0-Month,1,0.01,0.0,0.0,0.01,0.01,0.02
2023-08-03,2311048439,RECO,7183,,INV,AUG,2023,EAC,WWCFAK350,WHITE WESTINGHOUSE,"CHEST FREEZER 10.7 CU FT, 230V 60HZ, R600A",HA,FREEZERS,CHEST FREEZERS,0-Month,1,1303.48,-85.27,6.54,1218.21,182.73,1400.94
2023-08-05,2311048634,REEM,5241,,INV,AUG,2023,EAC,XB-RRT-00013,MS-XB,Xbox Series X Console 1TB Black,TELECOM,ENTERTAINMENT,GAMING,0-Month,1,1999.0,0.0,0.0,1999.0,299.85,2298.85
2023-08-05,2321018229,RECA,7233,,INV,AUG,2023,TPC,DFB425FW,LG,14 Place Setting/Steam/Wi-fi/Smart Rack/3rd Rack,HA,DISH WASHER,FREE STANDING,0-Month,1,2956.0,0.0,0.0,2956.0,443.4,3399.4
2023-08-07,2311048751,RECA,7233,,INV,AUG,2023,EAC,AU-A24ATS,SHARP,Outdoor Split A/C 21000 BTU Cool HI-EER Class D R410A,HVPAC,WALL SPLITS,SAC WALL ROTARY,0-Month,3,1282.17,-65.22,1.7,3781.29,567.19,4348.48
2023-08-08,2321018372,RECA,4207,,INV,AUG,2023,TPC,MM-EG25PB(BK),TOSHIBA,"25L GRILL MICROWAVE, DIGITAL, STEEL, 220V, 60HZ - Black",SDA,MICROWAVE,GRILL,0-Month,1,433.91,-43.39,10.0,390.52,58.58,449.1
2023-08-10,2311049508,RECA,7233,,INV,AUG,2023,EAC,WWUF17TVS,WHITE WESTINGHOUSE,17 CuFt/481 Ltr SS Commercial Upright Freezer,HA,FREEZERS,UPRIGHT FREEZER,0-Month,1,3042.61,-173.91,5.72,2868.7,430.31,3299.01
2023-08-19,2311050933,REUI,7561,,INV,AUG,2023,EAC,EO-G120-K3,SHARP,"E. Oven 100L 2800W Rotisserie, Convection, Interior Light",SDA,LHA,DEEP FRYER,0-Month,1,694.78,-43.48,6.26,651.3,97.69,748.99
2023-08-21,2311051354,RECA,7233,,INV,AUG,2023,EAC,PIPE-36,WHITE WESTINGHOUSE,5 Meter copper pipe for 36K Split AC,HVPAC,ACCESSORIES,PIPE,0-Month,1,0.01,0.0,0.0,0.01,0.01,0.02
2023-08-25,2311051833,RECA,7233,,INV,AUG,2023,EAC,WWS30G22C,WHITE WESTINGHOUSE,Outdoor Split A/C 27400 BTU Cool,HVPAC,WALL SPLITS,SAC WALL ROTARY,0-Month,1,1803.91,0.0,0.0,1803.91,270.59,2074.5
2023-08-30,2311053070,RECA,7233,,INV,AUG,2023,EAC,58SUE9350F,SKYWORTH,"Skyworth 58"" 4K UHD LED TV (Google TV)",CE,LCD/LED TV,LED TV,0-Month,1,1390.0,-173.48,12.48,1216.52,182.47,1398.99
2023-09-02,2311054347,REUI,7561,,INV,SEP,2023,EAC,DPA25T23R,DORA,Window A/C 20000 BTU Cool HI-EER Class F R410A,HVPAC,WAC,WAC ROTARY,0-Month,1,1564.34,0.0,0.0,1564.34,234.66,1799.0
2023-09-06,2321021716,RECA,7233,,INV,SEP,2023,TPC,GR-A33AS(SK),TOSHIBA,"FRIDGE 8.1 CFT (231L), 230V 60HZ - Metallic Grey",HA,REFRIGERATORS,TOP MOUNT,0-Month,1,1825.22,-86.96,4.76,1738.26,260.74,1999.0
2023-09-09,2311059810,REUI,7596,,INV,SEP,2023,EAC,WWS18K23C,WHITE WESTINGHOUSE,Outdoor split  A/C 18400 BTU Cool - WiFi,HVPAC,WALL SPLITS,SAC WALL ROTARY,0-Month,1,999.57,-43.48,4.35,956.09,143.41,1099.5
2023-09-10,2311059931,RECA,7233,,INV,SEP,2023,EAC,WWCFAK550,WHITE WESTINGHOUSE,"CHEST FREEZER 18.4 CU FT, 230V 60HZ, R600A",HA,FREEZERS,CHEST FREEZERS,0-Month,2,2346.96,0.0,0.0,4693.92,704.09,5398.01
2023-09-11,2311060183,RECA,4207,,INV,SEP,2023,EAC,WWS36T22PI,WHITE WESTINGHOUSE,Indoor Split A/C 30600 BTU Cool,HVPAC,WALL SPLITS,SAC WALL ROTARY,0-Month,2,2760.43,-2134.78,38.67,3386.08,507.91,3893.99
2023-09-13,2311062278,REUI,7596,,INV,SEP,2023,EAC,WWA20K22R,WHITE WESTINGHOUSE,Window A/C 18000 BTU Cool,HVPAC,WAC,WAC ROTARY,0-Month,1,1346.96,-43.49,3.23,1303.47,195.52,1498.99
2023-09-21,2311063310,REUI,7596,,INV,SEP,2023,EAC,DWD77TDP,DORA,"Top and Bottom Loading Water Dispenser, black with SS",SDA,WATER DISPENSER,FREE STANDING,0-Month,1,1042.61,-365.22,35.03,677.39,101.61,779.0
2023-09-30,2311065973,REUI,7561,,INV,SEP,2023,EAC,EWF1141AESA,ELECTROLUX,11KG UltimateCare FL Washer with Vapour Care Technology,HA,LAUNDRY A,FA FRONT LOADING,0-Month,1,3651.3,-1500.05,41.08,2151.25,322.69,2473.94
2023-09-30,2311065994,RECA,7233,,INV,SEP,2023,EAC,EK-EER73DB,ELECTROLUX,FLOOR STICK RECHARGEABLE 14.4V,SDA,VACCUM CLEANERS,CANNISTER,0-Month,2,668.7,-1337.38,100.0,0.02,0.0,0.02
2023-10-22,2311072126,RECA,7233,,INV,OCT,2023,EAC,WWTLAVS16,WHITE WESTINGHOUSE,TL Washer 16KG with Pump Silver Color,HA,LAUNDRY A,FA TOP LOADING,0-Month,1,1738.26,0.0,0.0,1738.26,260.74,1999.0
2023-07-04,2311038700,RECA,7233,,INV,JUL,2023,EAC,65SUE9500,SKYWORTH,"SKYWORTH  65"" QLED Google TV UHD 4K HDR SMART TV",CE,LCD/LED TV,LED TV,0-Month,1,2086.0,-130.34,6.25,1955.66,293.34,2249.0
2023-07-11,2311042055,RECO,7183,,INV,JUL,2023,EAC,WWR9VS650,WHITE WESTINGHOUSE,Fridge 22.96 Cu Ft/650 Ltr SS Inverter Compressor,HA,REFRIGERATORS,TOP MOUNT,0-Month,1,3738.26,-244.56,6.54,3493.7,524.05,4017.75
2023-07-20,2311043502,RECA,7233,,INV,JUL,2023,EAC,PIPE V-12/18,WHITE WESTINGHOUSE,4 Meter copper pipe for 12K/18K Split AC,HVPAC,ACCESSORIES,PIPE,0-Month,1,0.01,0.0,0.0,0.01,0.01,0.02
2023-07-25,2311043870,REUI,7561,,INV,JUL,2023,EAC,43DYAC40,DORA,"43 Inch, FHD, Android 11, Dolby Audio, 1.4 HDMI",CE,LCD/LED TV,LED TV,0-Month,1,868.7,-173.92,20.02,694.78,104.22,799.0
2023-07-30,2321017307,RECA,4207,,INV,JUL,2023,TPC,MM-EG25PB(BK),TOSHIBA,"25L GRILL MICROWAVE, DIGITAL, STEEL, 220V, 60HZ - Black",SDA,MICROWAVE,GRILL,0-Month,1,520.87,-130.44,25.04,390.43,58.57,449.0
2023-08-04,2321018214,RECA,4207,,INV,AUG,2023,TPC,TBA-36LMG5G089KS-SA,TOSHIBA,"Gas Cooker 90x60, 5 burner with Rotisserie & Convection - SS",HA,COOKING RANGE,GAS COOKER,0-Month,1,1999.13,-200.0,10.0,1799.13,269.87,2069.0
2023-08-06,2321018268,RECA,7233,,INV,AUG,2023,TPC,TBA-36LMG5G089KS-SA,TOSHIBA,"Gas Cooker 90x60, 5 burner with Rotisserie & Convection - SS",HA,COOKING RANGE,GAS COOKER,0-Month,1,1999.13,0.0,0.0,1999.13,299.87,2299.0
2023-08-05,2321018230,RECA,7233,,INV,AUG,2023,TPC,VC-DR180ABF(R),TOSHIBA,"VAC CLNR DRUM, 20L, 1800W,S Steel Tube - Blck/Red",SDA,VACCUM CLEANERS,DRUM,0-Month,1,390.43,-43.47,11.13,346.96,52.04,399.0
2023-08-19,2311050940,RECA,7233,,INV,AUG,2023,EAC,PIPE V-12/18,WHITE WESTINGHOUSE,4 Meter copper pipe for 12K/18K Split AC,HVPAC,ACCESSORIES,PIPE,0-Month,1,0.01,0.0,0.0,0.01,0.01,0.02
2023-08-22,2321019900,RECA,7233,,INV,AUG,2023,TPC,MM-EG34PB(BK),TOSHIBA,"34L GRILL MICROWAVE, DIGITAL, STEEL, 220V, 60HZ - Black",SDA,MICROWAVE,GRILL,0-Month,1,520.87,-43.48,8.35,477.39,71.61,549.0
2023-08-23,2311051589,RECA,7233,,INV,AUG,2023,EAC,WWTLAVS10,WHITE WESTINGHOUSE,TL Washer 10KG with Pump Silver Color,HA,LAUNDRY A,FA TOP LOADING,0-Month,1,1477.39,-108.68,7.36,1368.71,205.3,1574.01
2023-08-24,2311051690,RECA,7233,,INV,AUG,2023,EAC,PIPE-18/24,WHITE WESTINGHOUSE,4 Meter copper pipe for 18K/24K Split AC,HVPAC,ACCESSORIES,PIPE,0-Month,1,0.01,0.0,0.0,0.01,0.01,0.02
2023-08-23,2311051606,RECA,7233,,INV,AUG,2023,EAC,EC-CAS2121-Z,SHARP,"VAC CLNR DRUM, 21L, 2100W,METAL TUBE - RED",SDA,VACCUM CLEANERS,CANNISTER,0-Month,1,460.0,-69.57,15.12,390.43,58.56,448.99
2023-08-27,2311051972,RECA,7233,,INV,AUG,2023,EAC,WWS36T22PC,WHITE WESTINGHOUSE,Outdoor Split A/C 30600 BTU Cool,HVPAC,WALL SPLITS,SAC WALL ROTARY,0-Month,3,2760.43,-3202.14,38.67,5079.15,761.87,5841.02
2023-08-28,2311052655,REEM,3029,,INV,AUG,2023,EAC,WWS18K23C,WHITE WESTINGHOUSE,Outdoor split  A/C 18400 BTU Cool - WiFi,HVPAC,WALL SPLITS,SAC WALL ROTARY,0-Month,4,999.57,-173.92,4.35,3824.36,573.66,4398.02
2023-08-29,2311052937,REUI,7596,,INV,AUG,2023,EAC,EO-60NK-3,SHARP,"E. Oven 60L 2000W Rotisserie, Interior Light",SDA,LHA,DEEP FRYER,0-Month,1,520.87,0.0,0.0,520.87,78.14,599.01
2023-09-04,2311054482,RECA,4207,,INV,SEP,2023,EAC,DS18T23WI,DORA,Indoor Split A/C 18000 BTU Cool WiFi HI-EER Class D R410A,HVPAC,WALL SPLITS,SAC WALL ROTARY,0-Month,1,977.83,-110.88,11.34,866.95,130.04,996.99
2023-09-05,2311054684,RECA,4207,,INV,SEP,2023,EAC,WWUF21KS,WHITE WESTINGHOUSE,21 Cu Ft. SS Upright Freezer Inverter Compressor R600a,HA,FREEZERS,UPRIGHT FREEZER,0-Month,1,3216.52,-478.26,14.87,2738.26,410.74,3149.0
2023-09-09,2311059803,RECA,7233,,INV,SEP,2023,EAC,WWS12K23C,WHITE WESTINGHOUSE,Outdoor split  A/C 12000 BTU Cool - WiFi,HVPAC,WALL SPLITS,SAC WALL ROTARY,0-Month,1,847.39,-43.48,5.13,803.91,120.58,924.49
2023-09-17,2311062569,RECA,7233,,INV,SEP,2023,EAC,WWS24K23I,WHITE WESTINGHOUSE,Indoor split  A/C 23000 BTU Cool - WiFi,HVPAC,WALL SPLITS,SAC WALL ROTARY,0-Month,1,1260.43,-43.47,3.45,1216.96,182.54,1399.5
2023-09-20,2311063219,RECA,7233,,INV,SEP,2023,EAC,FA31-202GY,ELECTROLUX,Flow A3 - Air Purifier with Anti-bacterial HEPA & Touch UI,SDA,AIR PURIFIER,RESIDENTIAL,0-Month,1,651.3,-651.23,99.99,0.07,0.01,0.08
2023-09-21,2311063279,RECA,4207,,INV,SEP,2023,EAC,PIPE V-30/36,WHITE WESTINGHOUSE,5 Meter copper pipe for 30K/36K Split AC,HVPAC,ACCESSORIES,PIPE,0-Month,2,0.01,0.0,0.0,0.02,0.01,0.03
2023-09-26,2311064447,RECA,7233,,INV,SEP,2023,EAC,WWRAKS510,WHITE WESTINGHOUSE,"Fridge 17.9 CuFt, 230V 60HZ - R600a, Silver, Recessed Handle",HA,REFRIGERATORS,TOP MOUNT,0-Month,1,2346.96,-347.83,14.82,1999.13,299.87,2299.0
2023-09-27,2311064607,RECA,7233,,INV,SEP,2023,EAC,E7CM1-50GB,ELECTROLUX,"Coffee Maker, Black with Aroma - Explore 7",SDA,LHA,COFFEE MAKER,0-Month,1,433.91,-202.89,46.76,231.02,34.65,265.67
2023-10-08,2311070258,RECA,4207,,INV,OCT,2023,EAC,WWS18K23C,WHITE WESTINGHOUSE,Outdoor split  A/C 18400 BTU Cool - WiFi,HVPAC,WALL SPLITS,SAC WALL ROTARY,0-Month,3,999.57,-272.64,9.09,2726.07,408.91,3134.98
2023-10-10,2311070594,RECA,7233,,INV,OCT,2023,EAC,WWS24K23C,WHITE WESTINGHOUSE,Outdoor split  A/C 23000 BTU Cool - WiFi,HVPAC,WALL SPLITS,SAC WALL ROTARY,0-Month,1,1260.43,-43.47,3.45,1216.96,182.54,1399.5
2023-07-09,2311041963,RECA,7233,,INV,JUL,2023,EAC,PIPE-36,WHITE WESTINGHOUSE,5 Meter copper pipe for 36K Split AC,HVPAC,ACCESSORIES,PIPE,0-Month,7,0.01,0.0,0.0,0.07,0.02,0.09
2023-08-02,2311048300,RECA,4207,,INV,AUG,2023,EAC,DS18T23WI,DORA,Indoor Split A/C 18000 BTU Cool WiFi HI-EER Class D R410A,HVPAC,WALL SPLITS,SAC WALL ROTARY,0-Month,6,977.83,-662.64,11.29,5204.34,780.65,5984.99
2023-08-02,2311048333,RECA,7233,,INV,AUG,2023,EAC,PIPE-30,WHITE WESTINGHOUSE,5 Meter copper pipe for 30K Split AC,HVPAC,ACCESSORIES,PIPE,0-Month,1,0.01,0.0,0.0,0.01,0.01,0.02
2023-08-03,2311048524,REUI,1879,,INV,AUG,2023,EAC,WWS18G22I,WHITE WESTINGHOUSE,Indoor Split A/C 17800 BTU Cool,HVPAC,WALL SPLITS,SAC WALL ROTARY,0-Month,5,1130.0,-513.6,9.09,5136.4,770.46,5906.86
2023-08-22,2321019864,RECA,7233,,INV,AUG,2023,TPC,AW-DK1775WUPBB(WK),TOSHIBA,"TL WASHER 15 KG,UFB WASH,SDD INVERTER,60HZ - WHITE/BLACK",HA,LAUNDRY A,FA TOP LOADING,0-Month,1,2433.91,-326.07,13.4,2107.84,316.17,2424.01
2023-08-23,2311051639,REUI,7287,,INV,AUG,2023,EAC,DWD13TP,DORA,"WATER COOLER, H/C. 220V-50/60HZ WITH SS TANK with Child Lock",SDA,WATER DISPENSER,FREE STANDING,0-Month,1,520.87,0.0,0.0,520.87,78.14,599.01
2023-08-24,2311051690,RECA,7233,,INV,AUG,2023,EAC,WWS24G23WC,WHITE WESTINGHOUSE,Outdoor Split A/C 22100 BTU Cool WiFi,HVPAC,WALL SPLITS,SAC WALL ROTARY,0-Month,1,1303.91,0.0,0.0,1303.91,195.59,1499.5
2023-08-28,2311052653,RECA,4207,,INV,AUG,2023,EAC,WWS18G22I,WHITE WESTINGHOUSE,Indoor Split A/C 17800 BTU Cool,HVPAC,WALL SPLITS,SAC WALL ROTARY,0-Month,10,1130.0,-1695.6,15.01,9604.4,1440.66,11045.06
2023-08-28,2311052797,RECA,7233,,INV,AUG,2023,EAC,WWS36T22PC,WHITE WESTINGHOUSE,Outdoor Split A/C 30600 BTU Cool,HVPAC,WALL SPLITS,SAC WALL ROTARY,0-Month,1,2760.43,-978.26,35.44,1782.17,267.33,2049.5
2023-09-03,2311054381,RECA,7233,,INV,SEP,2023,EAC,WWS18K23C,WHITE WESTINGHOUSE,Outdoor split  A/C 18400 BTU Cool - WiFi,HVPAC,WALL SPLITS,SAC WALL ROTARY,0-Month,1,999.57,-43.49,4.35,956.08,143.41,1099.49
2023-09-04,2311054515,REEM,4250,,INV,SEP,2023,EAC,58SUE9350F,SKYWORTH,"Skyworth 58"" 4K UHD LED TV (Google TV)",CE,LCD/LED TV,LED TV,0-Month,1,1390.0,-173.48,12.48,1216.52,182.47,1398.99
2023-09-06,2321021684,REUI,7596,,INV,SEP,2023,TPC,TBA-24BMG4G089KS-SA,TOSHIBA,"Gas Cooker 60x60, 4 burner, Auto Ignition & Oven Light - SS",HA,COOKING RANGE,GAS COOKER,0-Month,1,1129.57,0.0,0.0,1129.57,169.44,1299.01
2023-09-20,2311063220,RECA,7233,,INV,SEP,2023,EAC,FA31-202GY,ELECTROLUX,Flow A3 - Air Purifier with Anti-bacterial HEPA & Touch UI,SDA,AIR PURIFIER,RESIDENTIAL,0-Month,1,651.3,-651.23,99.99,0.07,0.01,0.08
2023-09-25,2311063638,RECA,7233,,INV,SEP,2023,EAC,DS24T23WC,DORA,Outdoor Split A/C 22000 BTU Cool WiFi HI-EER Class D R410A,HVPAC,WALL SPLITS,SAC WALL ROTARY,0-Month,1,1216.96,-86.96,7.15,1130.0,169.5,1299.5
2023-09-28,2311065403,RECA,7233,,INV,SEP,2023,EAC,4T-C75EK2NX,SHARP,"75 Inch, 4K, Android 11, HDR, Dolby Vision, Dolby Atmos, HDMI 2.1, Made In Japan Panel",CE,LCD/LED TV,LED TV,0-Month,1,5216.52,-2347.82,45.01,2868.7,430.3,3299.0
2023-10-06,2311070066,RECA,7233,,INV,OCT,2023,EAC,WWS24G23WI,WHITE WESTINGHOUSE,Indoor Split A/C 22100 BTU Cool,HVPAC,WALL SPLITS,SAC WALL ROTARY,0-Month,1,1303.91,0.0,0.0,1303.91,195.59,1499.5
2023-10-14,2311071103,RECA,7233,,INV,OCT,2023,EAC,ESF5542LOW,ELECTROLUX,"DISH WASHER, 60cm, FS 6-PROGRAM, 13 PS, AIRDRY TECH",HA,DISH WASHER,FREE STANDING,0-Month,1,2129.57,-935.19,43.91,1194.38,179.16,1373.54
2023-10-24,2321027099,RECA,7233,,INV,OCT,2023,TPC,WFV0812WH,LG,WM FL 8KG/Elegant Metal Knob/Wi-Fi/Tempered Glass Door,HA,LAUNDRY A,FA FRONT LOADING,0-Month,1,3303.0,-1303.87,39.48,1999.13,299.86,2298.99
2023-07-05,2321016037,RECA,7233,,INV,JUL,2023,TPC,RWF-W1615BU(K),TOSHIBA,"Water Cooler,BL,3 taps,50/60HZ,SS Tank,ICED-COLD Technology",SDA,WATER DISPENSER,FREE STANDING,0-Month,7,868.7,-608.72,10.01,5472.18,820.83,6293.01
2023-07-27,2311043961,REUI,7596,,INV,JUL,2023,EAC,AU-A24ATS,SHARP,Outdoor Split A/C 21000 BTU Cool HI-EER Class D R410A,HVPAC,WALL SPLITS,SAC WALL ROTARY,0-Month,1,1282.17,-21.74,1.7,1260.43,189.06,1449.49
2023-08-10,2311049484,REUI,7596,,INV,AUG,2023,EAC,ES-FE912DLZSA-S,SHARP,"FL Washer 9kg,1200RPM, 8+Prg, Rapid Wash - S Steel",HA,LAUNDRY A,FA FRONT LOADING,0-Month,1,1738.26,0.0,0.0,1738.26,260.74,1999.0
2023-08-09,2311049392,RECA,4207,,INV,AUG,2023,EAC,PIPE V-12/18,WHITE WESTINGHOUSE,4 Meter copper pipe for 12K/18K Split AC,HVPAC,ACCESSORIES,PIPE,0-Month,1,0.01,0.0,0.0,0.01,0.01,0.02
2023-09-12,2311061996,RECA,7233,,INV,SEP,2023,EAC,SJ-K135X-SL,SHARP,"90L / 3.2 Cu ft, Single Door Refrigerator, R600a, 60Hz, Silver color",HA,REFRIGERATORS,MINI BAR,0-Month,1,781.74,-86.96,11.12,694.78,104.22,799.0
2023-10-08,2321025587,RECA,7233,,INV,OCT,2023,TPC,LS25HVLVLV,LG,Ref SxS 21.7 Cu. Ft / Pocket Handle / Hygiene Fresh+ / WiFi,HA,REFRIGERATORS,SIDE BY SIDE,0-Month,1,14434.0,-6696.0,46.39,7738.0,1160.7,8898.7
2023-07-04,2321015914,RECA,4207,,INV,JUL,2023,TPC,RWF-W1615BU(K),TOSHIBA,"Water Cooler,BL,3 taps,50/60HZ,SS Tank,ICED-COLD Technology",SDA,WATER DISPENSER,FREE STANDING,0-Month,1,868.7,-130.31,15.0,738.39,110.76,849.15
2023-07-04,2311038697,RECA,7233,,INV,JUL,2023,EAC,EK-ZSPC2000,ELECTROLUX,2000 W 1.4L  BAGLESS CANISTER VACCUM CLEANER,SDA,VACCUM CLEANERS,CANNISTER,0-Month,1,538.26,-278.26,51.7,260.0,39.0,299.0
2023-07-04,2311041347,RECA,7233,,INV,JUL,2023,EAC,E7TS1-60BP,ELECTROLUX,"Toaster, Black - Explore 7",SDA,LHA,TOASTER,0-Month,1,303.48,-303.45,99.99,0.03,0.01,0.04
2023-07-05,2311041490,RECA,7233,,INV,JUL,2023,EAC,AH-A12WCS,SHARP,Indoor Split A/C 11600 BTU Cool HI-EER Class D R410A,HVPAC,WALL SPLITS,SAC WALL ROTARY,0-Month,3,1216.96,-1239.15,33.94,2411.73,361.76,2773.49
2023-07-08,2311041878,RECA,7233,,INV,JUL,2023,EAC,DS18T23WI,DORA,Indoor Split A/C 18000 BTU Cool WiFi HI-EER Class D R410A,HVPAC,WALL SPLITS,SAC WALL ROTARY,0-Month,3,977.83,-195.66,6.67,2737.83,410.68,3148.51
2023-07-11,2311042182,RECO,7183,,INV,JUL,2023,EAC,WWA25G22R,WHITE WESTINGHOUSE,Window A/C 21800 BTU Cool,HVPAC,WAC,WAC ROTARY,0-Month,1,1738.26,-113.72,6.54,1624.54,243.68,1868.22
2023-07-14,2311042475,RECA,7233,,INV,JUL,2023,EAC,AH-A12WCS,SHARP,Indoor Split A/C 11600 BTU Cool HI-EER Class D R410A,HVPAC,WALL SPLITS,SAC WALL ROTARY,0-Month,1,1216.96,-413.05,33.94,803.91,120.59,924.5
2023-07-15,2321016448,REUI,7561,,INV,JUL,2023,TPC,MM-EG25PB(BK),TOSHIBA,"25L GRILL MICROWAVE, DIGITAL, STEEL, 220V, 60HZ - Black",SDA,MICROWAVE,GRILL,0-Month,1,520.87,-86.96,16.7,433.91,65.09,499.0
2023-07-16,2321016723,RECA,7233,,INV,JUL,2023,TPC,50UQ80006LD,LG,"LG UHD 4K Smart TV 50"" Series80, a5 Gen5 AIP, HDR10 Pro HGiG",CE,LCD/LED TV,LED TV,0-Month,1,1738.0,0.0,0.0,1738.0,260.7,1998.7
2023-07-16,2311042890,RECA,7233,,INV,JUL,2023,EAC,WWS12G22C,WHITE WESTINGHOUSE,Outdoor Split A/C 11600 BTU Cool,HVPAC,WALL SPLITS,SAC WALL ROTARY,0-Month,5,934.35,0.0,0.0,4671.75,700.77,5372.52
2023-07-16,2311042922,REUI,7596,,INV,JUL,2023,EAC,DA20K23R,DORA,Window A/C 18000 BTU Cool Hi-EER Class F R410A,HVPAC,WAC,WAC ROTARY,0-Month,1,1260.0,-43.48,3.45,1216.52,182.47,1398.99
2023-07-17,2311042956,RECA,7233,,INV,JUL,2023,EAC,WWS36G22I,WHITE WESTINGHOUSE,Indoor Split A/C 32200 BTU Cool,HVPAC,WALL SPLITS,SAC WALL ROTARY,0-Month,1,2173.48,0.0,0.0,2173.48,326.03,2499.51
2023-07-16,2318002197,RECA,7233,,CM,JUL,2023,EAC,AH-A12WCS,SHARP,Indoor Split A/C 11600 BTU Cool HI-EER Class D R410A,HVPAC,WALL SPLITS,SAC WALL ROTARY,0-Month,-1,1216.96,413.05,33.94,-803.91,-120.59,-924.5
2023-07-19,2311043270,RECA,7233,,INV,JUL,2023,EAC,70SUE9350F,SKYWORTH,"SKYWORTH 70"" Google TV UHD 4K HDR SMART LED TV",CE,LCD/LED TV,LED TV,0-Month,1,2260.0,0.0,0.0,2260.0,339.0,2599.0
2023-07-19,2311043270,RECA,7233,,INV,JUL,2023,EAC,E7TS1-60BP,ELECTROLUX,"Toaster, Black - Explore 7",SDA,LHA,TOASTER,0-Month,1,303.48,-139.13,45.84,164.35,24.66,189.01
2023-07-20,2311043531,REUI,7287,,INV,JUL,2023,EAC,MQ9E3AH/A,APPLE MACINTOSH,iPhone 14 Pro Max 256GB Deep Purple,TELECOM,MOBILES,SMART PHONES,0-Month,1,5042.61,0.0,0.0,5042.61,756.4,5799.01
2023-07-23,2311043654,RECA,7233,,INV,JUL,2023,EAC,R-20AS(W),SHARP,"20L BASIC MICROWAVE, WHITE, 220V/60HZ - White",SDA,MICROWAVE,BASIC,0-Month,1,286.09,-43.48,15.2,242.61,36.39,279.0
2023-07-24,2311043771,RECA,4207,,INV,JUL,2023,EAC,PIPE-36,WHITE WESTINGHOUSE,5 Meter copper pipe for 36K Split AC,HVPAC,ACCESSORIES,PIPE,0-Month,2,0.01,0.0,0.0,0.02,0.01,0.03
2023-07-24,2311043788,RECA,7233,,INV,JUL,2023,EAC,50SUE9520,SKYWORTH,"Skyworth 50"" QLED TV 4K UHD Smart (Google TV)",CE,LCD/LED TV,LED TV,0-Month,1,1303.0,0.0,0.0,1303.0,195.45,1498.45
2023-07-25,2311043871,REUI,7561,,INV,JUL,2023,EAC,WWS30T22PC,WHITE WESTINGHOUSE,Outdoor Split A/C 27800 BTU Cool,HVPAC,WALL SPLITS,SAC WALL ROTARY,0-Month,1,2260.43,-739.13,32.7,1521.3,228.2,1749.5
2023-07-26,2311043935,RECA,7233,,INV,JUL,2023,EAC,PIPE V-12/18,WHITE WESTINGHOUSE,4 Meter copper pipe for 12K/18K Split AC,HVPAC,ACCESSORIES,PIPE,0-Month,6,0.01,0.0,0.0,0.06,0.01,0.07
2023-07-26,2311043940,REUI,7596,,INV,JUL,2023,EAC,DS18T23WI,DORA,Indoor Split A/C 18000 BTU Cool WiFi HI-EER Class D R410A,HVPAC,WALL SPLITS,SAC WALL ROTARY,0-Month,1,977.83,-65.22,6.67,912.61,136.89,1049.5
2023-07-27,2311044032,RECA,7233,,INV,JUL,2023,EAC,FREE-LAPTOP-BUNDLE,Unspecified,"Port Design 15.6"" LB BLACK/Logitech WL Mouse M170 Grey",OTHERS,OTHERS,OTHERS,0-Month,1,138.26,-138.26,100.0,0.0,0.0,0.0
2023-07-27,2318002283,RECA,7233,,CM,JUL,2023,EAC,WWCFAK550,WHITE WESTINGHOUSE,"CHEST FREEZER 18.4 CU FT, 230V 60HZ, R600A",HA,FREEZERS,CHEST FREEZERS,0-Month,-1,2607.83,913.05,35.01,-1694.78,-254.22,-1949.0
2023-07-30,2311044155,REUI,7596,,INV,JUL,2023,EAC,DA20K23R,DORA,Window A/C 18000 BTU Cool Hi-EER Class F R410A,HVPAC,WAC,WAC ROTARY,0-Month,1,1260.0,-43.48,3.45,1216.52,182.47,1398.99
2023-08-01,2311045355,REEM,3540,,INV,AUG,2023,EAC,WWS30G22I,WHITE WESTINGHOUSE,Indoor Split A/C 27400 BTU Cool,HVPAC,WALL SPLITS,SAC WALL ROTARY,0-Month,1,1803.91,0.0,0.0,1803.91,270.59,2074.5
2023-08-02,2311048326,RECA,7233,,INV,AUG,2023,EAC,PIPE V-12/18,WHITE WESTINGHOUSE,4 Meter copper pipe for 12K/18K Split AC,HVPAC,ACCESSORIES,PIPE,0-Month,1,0.01,0.0,0.0,0.01,0.01,0.02
2023-08-02,2311045631,RECA,7233,,INV,AUG,2023,EAC,WWS30T22PC,WHITE WESTINGHOUSE,Outdoor Split A/C 27800 BTU Cool,HVPAC,WALL SPLITS,SAC WALL ROTARY,0-Month,1,2260.43,-739.13,32.7,1521.3,228.2,1749.5
2023-08-03,2311048442,RECA,7233,,INV,AUG,2023,EAC,WWS18G22C,WHITE WESTINGHOUSE,Outdoor Split A/C 17800 BTU Cool,HVPAC,WALL SPLITS,SAC WALL ROTARY,0-Month,1,1130.0,0.0,0.0,1130.0,169.5,1299.5
2023-08-06,2321018268,RECA,7233,,INV,AUG,2023,TPC,GR-RS780WI-PGU(22),TOSHIBA,"SBS 19.4 Cf-549L,Inverter,PBIO,Max Humid,Alloy Cool-Bk Glass",HA,REFRIGERATORS,SIDE BY SIDE,0-Month,1,3738.26,-260.87,6.98,3477.39,521.6,3998.99
2023-08-08,2311048915,RECA,4207,,INV,AUG,2023,EAC,EO-60NK-3,SHARP,"E. Oven 60L 2000W Rotisserie, Interior Light",SDA,LHA,DEEP FRYER,0-Month,1,520.87,-52.09,10.0,468.78,70.32,539.1
2023-08-07,2311048805,RECA,7233,,INV,AUG,2023,EAC,PIPE V-12/18,WHITE WESTINGHOUSE,4 Meter copper pipe for 12K/18K Split AC,HVPAC,ACCESSORIES,PIPE,0-Month,1,0.01,0.0,0.0,0.01,0.01,0.02
2023-08-08,2311048906,RECA,7233,,INV,AUG,2023,EAC,WWS36G22I,WHITE WESTINGHOUSE,Indoor Split A/C 32200 BTU Cool,HVPAC,WALL SPLITS,SAC WALL ROTARY,0-Month,1,2173.48,0.0,0.0,2173.48,326.03,2499.51
2023-08-09,2311049392,RECA,4207,,INV,AUG,2023,EAC,WWS36T22PC,WHITE WESTINGHOUSE,Outdoor Split A/C 30600 BTU Cool,HVPAC,WALL SPLITS,SAC WALL ROTARY,0-Month,1,2760.43,-1067.36,38.67,1693.07,253.96,1947.03
2023-08-10,2311049642,RECA,4207,,INV,AUG,2023,EAC,WWS18K23I,WHITE WESTINGHOUSE,Indoor split  A/C 18400 BTU Cool - WiFi,HVPAC,WALL SPLITS,SAC WALL ROTARY,0-Month,7,999.57,-639.17,9.13,6357.82,953.67,7311.49
2023-08-13,2311049902,RECA,4207,,INV,AUG,2023,EAC,WWS24G23WC,WHITE WESTINGHOUSE,Outdoor Split A/C 22100 BTU Cool WiFi,HVPAC,WALL SPLITS,SAC WALL ROTARY,0-Month,2,1303.91,-130.4,5.0,2477.42,371.62,2849.04
2023-08-14,2311050217,REUI,7561,,INV,AUG,2023,EAC,DS24T23WC,DORA,Outdoor Split A/C 22000 BTU Cool WiFi HI-EER Class D R410A,HVPAC,WALL SPLITS,SAC WALL ROTARY,0-Month,1,1216.96,-86.96,7.15,1130.0,169.5,1299.5
2023-08-14,2311050171,RECA,4207,,INV,AUG,2023,EAC,WWS24T22PHC,WHITE WESTINGHOUSE,Outdoor Split A/C 22500 BTU H/C,HVPAC,WALL SPLITS,SAC WALL ROTARY,0-Month,1,1782.17,-667.39,37.45,1114.78,167.22,1282.0
2023-08-15,2311050299,REUI,7561,,INV,AUG,2023,EAC,AU-A18ATS,SHARP,Outdoor Split A/C 18000 BTU Cool HI-EER Class D R410A.,HVPAC,WALL SPLITS,SAC WALL ROTARY,0-Month,1,1064.78,-21.74,2.04,1043.04,156.45,1199.49
2023-08-17,2321019524,RECA,4207,,INV,AUG,2023,TPC,GR-A720ATE(SG),TOSHIBA,"FRIDGE 19.60 CFT (554L), INVERTER, 50/60HZ - FINE STAINLESS STEEL",HA,REFRIGERATORS,TOP MOUNT,0-Month,1,4173.04,-1199.91,28.75,2973.13,445.97,3419.1
2023-08-19,2311050928,RECA,7233,,INV,AUG,2023,EAC,SJ-K155X-SL,SHARP,"122L / 4.3 Cu ft, Single Door Refrigerator, R600a, 60Hz, Silver color",HA,REFRIGERATORS,MINI BAR,0-Month,1,955.65,-86.95,9.1,868.7,130.3,999.0
2023-08-20,2311051173,RECA,7233,,INV,AUG,2023,EAC,50DYAC40,DORA,"50 Inch, UHD 4K, Android 11, Dolby Audio, 2.1 HDMI",CE,LCD/LED TV,LED TV,0-Month,1,1173.04,-239.13,20.39,933.91,140.09,1074.0
2023-08-22,2311051492,RECA,7233,,INV,AUG,2023,EAC,FS-809,LOCAL,"Wall Mount Bracket 32""-70"" LCD/LED TV",CE,OTHERS,OTHERS,0-Month,1,33.92,0.0,0.0,33.92,5.09,39.01
2023-08-23,2311051639,REUI,7287,,INV,AUG,2023,EAC,WWA25G22HR,WHITE WESTINGHOUSE,Window A/C 21400 BTU H/C,HVPAC,WAC,WAC ROTARY,0-Month,3,1825.22,0.0,0.0,5475.66,821.35,6297.01
2023-08-23,2311051639,REUI,7287,,INV,AUG,2023,EAC,EC-CAS2422-Z,SHARP,"VAC CLNR DRUM, 22L, 2400W,METAL TUBE - GOLD",SDA,VACCUM CLEANERS,CANNISTER,0-Month,1,520.87,0.0,0.0,520.87,78.14,599.01
2023-08-23,2311051632,RECA,4207,,INV,AUG,2023,EAC,HUF48HAO23,HISENSE,"Free Stand AC Outdoor Unit 48000 BTU ,Heat Cool, Inverter",HVPAC,FS SPLITS,FS SPLITS,0-Month,1,3956.09,0.0,0.0,3956.09,593.42,4549.51
2023-08-27,2311052592,RECA,7233,,INV,AUG,2023,EAC,WWS18K23I,WHITE WESTINGHOUSE,Indoor split  A/C 18400 BTU Cool - WiFi,HVPAC,WALL SPLITS,SAC WALL ROTARY,0-Month,1,999.57,-43.48,4.35,956.09,143.41,1099.5
2023-08-31,2311053715,RECA,7233,,INV,AUG,2023,EAC,E7EK1-60BP,ELECTROLUX,"Stainless Steel Kettle, Matt Black, 1.7L",SDA,LHA,ELECTRIC KETTLE,0-Month,1,433.91,-223.95,51.61,209.96,31.49,241.45
2023-08-31,2311053748,REUI,7561,,INV,AUG,2023,EAC,DWD60UBW,DORA,"Bottom Loading UV Lamp Sterilizer, White, SS Tank",SDA,WATER DISPENSER,FREE STANDING,0-Month,1,1042.61,-304.35,29.19,738.26,110.74,849.0
2023-09-02,2321021493,RECA,7233,,INV,SEP,2023,TPC,TBA-36LMG5G089KS-SA,TOSHIBA,"Gas Cooker 90x60, 5 burner with Rotisserie & Convection - SS",HA,COOKING RANGE,GAS COOKER,0-Month,1,1999.13,0.0,0.0,1999.13,299.87,2299.0
2023-09-03,2311054367,RECA,4207,,INV,SEP,2023,EAC,WWCFAK450,WHITE WESTINGHOUSE,"CHEST FREEZER 14.8 CU FT, 230V 60HZ, R600A",HA,FREEZERS,CHEST FREEZERS,0-Month,1,1738.26,-173.92,10.01,1564.34,234.65,1798.99
2023-09-10,2311059910,RECA,4207,,INV,SEP,2023,EAC,PIPE V-12/18,WHITE WESTINGHOUSE,4 Meter copper pipe for 12K/18K Split AC,HVPAC,ACCESSORIES,PIPE,0-Month,2,0.01,0.0,0.0,0.02,0.01,0.03
2023-09-11,2311060051,RECA,7233,,INV,SEP,2023,EAC,AH-A24ATS,SHARP,Indoor Split A/C 21000 BTU Cool HI-EER Class D R410A,HVPAC,WALL SPLITS,SAC WALL ROTARY,0-Month,1,1282.17,-21.74,1.7,1260.43,189.06,1449.49
2023-09-12,2311061996,RECA,7233,,INV,SEP,2023,EAC,DA20K23R,DORA,Window A/C 18000 BTU Cool Hi-EER Class F R410A,HVPAC,WAC,WAC ROTARY,0-Month,1,1260.0,-43.48,3.45,1216.52,182.47,1398.99
2023-09-18,2321022970,REUI,7596,,INV,SEP,2023,TPC,WSV0906WH,LG,WM FL Combo (9/6KG)/1400 RPM/Wi-Fi/6 Motion/AI DD Motor,HA,LAUNDRY A,WASHER DRYER COMBO,0-Month,1,2608.0,0.0,0.0,2608.0,391.2,2999.2
2023-09-20,2311063115,REUI,7561,,INV,SEP,2023,EAC,FS-809,LOCAL,"Wall Mount Bracket 32""-70"" LCD/LED TV",CE,OTHERS,OTHERS,0-Month,1,33.92,-33.92,100.0,0.0,0.0,0.0
2023-09-20,2311063158,RECA,7233,,INV,SEP,2023,EAC,EK-EER73DB,ELECTROLUX,FLOOR STICK RECHARGEABLE 14.4V,SDA,VACCUM CLEANERS,CANNISTER,0-Month,1,668.7,-668.63,99.99,0.07,0.01,0.08
2023-09-21,2321023165,RECA,7233,,INV,SEP,2023,TPC,GR-RT730WE-PMU(01),TOSHIBA,"FRIDGE 19.60 CFT (554L), INVERTER, 230V, 50/60HZ - WHITE",HA,REFRIGERATORS,TOP MOUNT,0-Month,1,3042.61,0.0,0.0,3042.61,456.4,3499.01
2023-09-21,2311063279,RECA,4207,,INV,SEP,2023,EAC,WWS24G23WI,WHITE WESTINGHOUSE,Indoor Split A/C 22100 BTU Cool,HVPAC,WALL SPLITS,SAC WALL ROTARY,0-Month,2,1303.91,-130.42,5.0,2477.4,371.61,2849.01
2023-09-25,2311063680,REEM,3028,,INV,SEP,2023,EAC,FA31-202GY,ELECTROLUX,Flow A3 - Air Purifier with Anti-bacterial HEPA & Touch UI,SDA,AIR PURIFIER,RESIDENTIAL,0-Month,1,651.3,-651.29,100.0,0.01,0.0,0.01
2023-09-25,2311063667,RECA,7233,,INV,SEP,2023,EAC,WWA20K22R,WHITE WESTINGHOUSE,Window A/C 18000 BTU Cool,HVPAC,WAC,WAC ROTARY,0-Month,1,1346.96,-43.49,3.23,1303.47,195.52,1498.99
2023-09-25,2321023392,RECA,7233,,INV,SEP,2023,TPC,VH-J150WBB,TOSHIBA,"TWIN TUB WASHER 14.0 KG, 220-230V 60HZ",HA,LAUNDRY TT,TWIN-TUB,0-Month,1,1564.35,-173.92,11.12,1390.43,208.57,1599.0
2023-09-26,2311064461,RECA,7233,,INV,SEP,2023,EAC,EO-42NK-3,SHARP,E. Oven 42L 1800W Rotisserie,SDA,LHA,DEEP FRYER,0-Month,2,433.91,0.0,0.0,867.82,130.18,998.0
2023-09-26,2311064461,RECA,7233,,INV,SEP,2023,EAC,EK-EEWA7300AR,ELECTROLUX,KETTLE 2400W 1.7L  STAINLESS STEEL,SDA,LHA,ELECTRIC KETTLE,0-Month,2,260.0,-264.16,50.8,255.84,38.37,294.21
2023-09-26,2311064466,RECA,7233,,INV,SEP,2023,EAC,EO-42NK-3,SHARP,E. Oven 42L 1800W Rotisserie,SDA,LHA,DEEP FRYER,0-Month,1,433.91,0.0,0.0,433.91,65.09,499.0
2023-09-27,2311064511,RECA,7233,,INV,SEP,2023,EAC,SJ-HM620-HS,SHARP,"Fridge Top Mount, 16.93 CFT (479L), Inverter, 60Hz - Inox",HA,REFRIGERATORS,TOP MOUNT,0-Month,1,2346.96,-173.92,7.41,2173.04,325.96,2499.0
2023-09-27,2311064615,RECA,7233,,INV,SEP,2023,EAC,HS18CPVO23,HISENSE,Outdoor Split A/C 18400 BTU Cool - Inverter - WiFi,HVPAC,WALL SPLITS,SAC WALL ROTARY,0-Month,1,1325.65,-326.08,24.6,999.57,149.93,1149.5
2023-09-21,2318002752,RECA,7233,,CM,SEP,2023,EAC,65SUE9500,SKYWORTH,"SKYWORTH  65"" QLED Google TV UHD 4K HDR SMART TV",CE,LCD/LED TV,LED TV,0-Month,-1,2086.0,173.82,8.33,-1912.18,-286.82,-2199.0
2023-09-27,2311064771,REUI,7596,,INV,SEP,2023,EAC,WWS18K23C,WHITE WESTINGHOUSE,Outdoor split  A/C 18400 BTU Cool - WiFi,HVPAC,WALL SPLITS,SAC WALL ROTARY,0-Month,1,999.57,-43.48,4.35,956.09,143.41,1099.5
2023-09-30,2311065813,RECA,7233,,INV,SEP,2023,EAC,DWD77TDP,DORA,"Top and Bottom Loading Water Dispenser, black with SS",SDA,WATER DISPENSER,FREE STANDING,0-Month,1,1042.61,-365.22,35.03,677.39,101.61,779.0
2023-09-30,2321024696,REUI,7561,,INV,SEP,2023,TPC,VC-DR200ABF(B),TOSHIBA,"VAC CLNR DRUM, 21L, 2000W,S Steel Tube - Blck/Aqua",SDA,VACCUM CLEANERS,DRUM,0-Month,1,477.39,-86.96,18.22,390.43,58.56,448.99
2023-09-30,2311065965,REUI,7596,,INV,SEP,2023,EAC,WWS24G23WI,WHITE WESTINGHOUSE,Indoor Split A/C 22100 BTU Cool,HVPAC,WALL SPLITS,SAC WALL ROTARY,0-Month,1,1303.91,0.0,0.0,1303.91,195.59,1499.5
2023-09-30,2311065965,REUI,7596,,INV,SEP,2023,EAC,WWS12G22C,WHITE WESTINGHOUSE,Outdoor Split A/C 11600 BTU Cool,HVPAC,WALL SPLITS,SAC WALL ROTARY,0-Month,5,934.35,0.0,0.0,4671.75,700.77,5372.52
2023-09-30,2321024768,RECA,4207,,INV,SEP,2023,TPC,VC-DR220ABF(G),TOSHIBA,"VAC CLNR DRUM, 22L, 2200W,S Steel Tube - Blck/Grey",SDA,VACCUM CLEANERS,DRUM,0-Month,1,564.35,-173.92,30.82,390.43,58.57,449.0
2023-10-01,2321024861,RECA,7233,,INV,OCT,2023,TPC,VC-DR180ABF(R),TOSHIBA,"VAC CLNR DRUM, 20L, 1800W,S Steel Tube - Blck/Red",SDA,VACCUM CLEANERS,DRUM,0-Month,1,390.43,-43.47,11.13,346.96,52.04,399.0
2023-10-04,2311069859,REUI,7561,,INV,OCT,2023,EAC,EO-42NK-3,SHARP,E. Oven 42L 1800W Rotisserie,SDA,LHA,DEEP FRYER,0-Month,1,433.91,0.0,0.0,433.91,65.09,499.0
2023-10-07,2321025408,RECA,7233,,INV,OCT,2023,TPC,AW-UK1100HUPBB(SG),TOSHIBA,"TL Washer 10kg, UFB Wash, 220-230V, 60HZ - Silver",HA,LAUNDRY A,FA TOP LOADING,0-Month,1,1738.26,-173.91,10.0,1564.35,234.65,1799.0
2023-10-06,2311070064,REUI,7561,,INV,OCT,2023,EAC,WWS18K23C,WHITE WESTINGHOUSE,Outdoor split  A/C 18400 BTU Cool - WiFi,HVPAC,WALL SPLITS,SAC WALL ROTARY,0-Month,1,999.57,-43.48,4.35,956.09,143.41,1099.5
2023-10-08,2318003388,RECA,7233,,CM,OCT,2023,EAC,WWTLAVS16,WHITE WESTINGHOUSE,TL Washer 16KG with Pump Silver Color,HA,LAUNDRY A,FA TOP LOADING,0-Month,-1,1738.26,0.0,0.0,-1738.26,-260.74,-1999.0
2023-10-10,2311070590,RECO,7183,,INV,OCT,2023,EAC,WWS18G22C,WHITE WESTINGHOUSE,Outdoor Split A/C 17800 BTU Cool,HVPAC,WALL SPLITS,SAC WALL ROTARY,0-Month,1,1130.0,0.0,0.0,1130.0,169.5,1299.5
2023-10-16,2311071404,RECA,7233,,INV,OCT,2023,EAC,WWS18K23C,WHITE WESTINGHOUSE,Outdoor split  A/C 18400 BTU Cool - WiFi,HVPAC,WALL SPLITS,SAC WALL ROTARY,0-Month,12,999.57,-1090.56,9.09,10904.28,1635.64,12539.92
2023-10-07,2318003441,RECA,7233,,CM,OCT,2023,EAC,WWS24G23WI,WHITE WESTINGHOUSE,Indoor Split A/C 22100 BTU Cool,HVPAC,WALL SPLITS,SAC WALL ROTARY,0-Month,-1,1303.91,0.0,0.0,-1303.91,-195.59,-1499.5
2023-10-18,2311071755,REUI,7561,,INV,OCT,2023,EAC,WWA20K22R,WHITE WESTINGHOUSE,Window A/C 18000 BTU Cool,HVPAC,WAC,WAC ROTARY,0-Month,1,1346.96,-43.48,3.23,1303.48,195.52,1499.0
2023-10-21,2311071919,RECA,7233,,INV,OCT,2023,EAC,EK-EWF9025MQSA,ELECTROLUX,9KG UltimateCare FL Washer with Vapour Care Technology,HA,LAUNDRY A,FA FRONT LOADING,0-Month,1,2390.43,-983.03,41.12,1407.4,211.11,1618.51
2023-10-24,2311072441,RECA,7233,,INV,OCT,2023,EAC,55DYAC40,DORA,"55 Inch, UHD 4K, Android 11, Dolby Audio, 2.1 HDMI",CE,LCD/LED TV,LED TV,0-Month,1,1260.0,-217.39,17.25,1042.61,156.39,1199.0
2023-10-24,2311072414,RECA,7233,,INV,OCT,2023,EAC,AU-A18ATS,SHARP,Outdoor Split A/C 18000 BTU Cool HI-EER Class D R410A.,HVPAC,WALL SPLITS,SAC WALL ROTARY,0-Month,4,1064.78,-86.92,2.04,4172.2,625.83,4798.03
2023-10-29,2311072933,REUI,7561,,INV,OCT,2023,EAC,WWFLD10VW08,WHITE WESTINGHOUSE,"FRONT LOAD CONDENSOR DRYER 8KG, WITH PUMP",HA,LAUNDRY A,DRYER,0-Month,1,1390.43,0.0,0.0,1390.43,208.57,1599.0
2023-10-30,2321027661,RECA,7233,,INV,OCT,2023,TPC,TBA-36LMG5G089KS-SA,TOSHIBA,"Gas Cooker 90x60, 5 burner with Rotisserie & Convection - SS",HA,COOKING RANGE,GAS COOKER,0-Month,1,1999.13,-173.91,8.7,1825.22,273.78,2099.0
2023-10-30,2321027736,REUI,7596,,INV,OCT,2023,TPC,GR-RF610WE-PMU(37),TOSHIBA,"FRENCH DOOR 16.20 CFT (457L), INVERTER, 230V - SATIN GREY",HA,REFRIGERATORS,TOP MOUNT,0-Month,1,3738.26,-521.74,13.96,3216.52,482.47,3698.99
2023-07-01,2311038606,RECA,7233,,INV,JUL,2023,EAC,WWA20K22R,WHITE WESTINGHOUSE,Window A/C 18000 BTU Cool,HVPAC,WAC,WAC ROTARY,0-Month,1,1303.48,0.0,0.0,1303.48,195.53,1499.01
2023-07-04,2321015924,RECA,7233,,INV,JUL,2023,TPC,AW-DK1775WUPBB(WK),TOSHIBA,"TL WASHER 15 KG,UFB WASH,SDD INVERTER,60HZ - WHITE/BLACK",HA,LAUNDRY A,FA TOP LOADING,0-Month,1,2433.91,-434.78,17.86,1999.13,299.87,2299.0
2023-07-05,2311041545,RECA,7233,,INV,JUL,2023,EAC,SJ-HM540-HS,SHARP,"Fridge Top Mount, 14.84 CFT (420L), Inverter, 60Hz - Inox",HA,REFRIGERATORS,TOP MOUNT,0-Month,1,2260.0,-86.96,3.85,2173.04,325.95,2498.99
2023-07-06,2321016193,RECA,7233,,INV,JUL,2023,TPC,WS1508XMT,LG,WM FL Combo (15/8KG) AI DD Motor / Steam / Wi-Fi ThinQ™,HA,LAUNDRY A,WASHER DRYER COMBO,0-Month,1,4347.0,0.0,0.0,4347.0,652.05,4999.05
2023-07-10,2311041995,RECA,7233,,INV,JUL,2023,EAC,DA20K23R,DORA,Window A/C 18000 BTU Cool Hi-EER Class F R410A,HVPAC,WAC,WAC ROTARY,0-Month,2,1260.0,-86.96,3.45,2433.04,364.95,2797.99
2023-07-10,2311041979,REEM,4252,,INV,JUL,2023,EAC,X1500EP-BQ647W,ASUS,"ASUS 15.6""/i5-1135G7/8GB/512+32/MX330/W11/BLK",IT,NOTEBOOKS,NOTEBOOKS,0-Month,2,2781.74,-1913.04,34.39,3650.44,547.57,4198.01
2023-07-14,2311042475,RECA,7233,,INV,JUL,2023,EAC,WWR9VS650,WHITE WESTINGHOUSE,Fridge 22.96 Cu Ft/650 Ltr SS Inverter Compressor,HA,REFRIGERATORS,TOP MOUNT,0-Month,1,3738.26,-695.65,18.61,3042.61,456.39,3499.0
2023-07-16,2311042867,RECA,7233,,INV,JUL,2023,EAC,WWS18G22C,WHITE WESTINGHOUSE,Outdoor Split A/C 17800 BTU Cool,HVPAC,WALL SPLITS,SAC WALL ROTARY,0-Month,1,1130.0,0.0,0.0,1130.0,169.5,1299.5
2023-07-16,2311042890,RECA,7233,,INV,JUL,2023,EAC,WWS12G22I,WHITE WESTINGHOUSE,Indoor Split A/C 11600 BTU Cool,HVPAC,WALL SPLITS,SAC WALL ROTARY,0-Month,5,934.35,0.0,0.0,4671.75,700.77,5372.52
2023-07-17,2318002203,RECA,7233,,CM,JUL,2023,EAC,R-77AS(ST),SHARP,"34L GRILL MICROWAVE, STEEL, 220V/60HZ - Stainless Steel",SDA,MICROWAVE,BASIC,0-Month,-1,607.83,43.48,7.15,-564.35,-84.65,-649.0
2023-07-20,2311043531,REUI,7287,,INV,JUL,2023,EAC,WWS30G22I,WHITE WESTINGHOUSE,Indoor Split A/C 27400 BTU Cool,HVPAC,WALL SPLITS,SAC WALL ROTARY,0-Month,2,1803.91,0.0,0.0,3607.82,541.18,4149.0
2023-07-24,2311043771,RECA,4207,,INV,JUL,2023,EAC,WWS24G23WI,WHITE WESTINGHOUSE,Indoor Split A/C 22100 BTU Cool,HVPAC,WALL SPLITS,SAC WALL ROTARY,0-Month,1,1303.91,-64.78,4.97,1239.13,185.87,1425.0
2023-07-24,2311043723,RECA,7233,,INV,JUL,2023,EAC,WWS30T22PC,WHITE WESTINGHOUSE,Outdoor Split A/C 27800 BTU Cool,HVPAC,WALL SPLITS,SAC WALL ROTARY,0-Month,1,2260.43,-739.13,32.7,1521.3,228.2,1749.5
2023-07-25,2311043869,REUI,7287,,INV,JUL,2023,EAC,MQ9D3AH/A,APPLE MACINTOSH,iPhone 14 Pro Max 256GB Gold,TELECOM,MOBILES,SMART PHONES,0-Month,1,5042.61,0.0,0.0,5042.61,756.4,5799.01
2023-07-26,2321017225,RECA,7233,,INV,JUL,2023,TPC,LT13CBBSIV,LG,Ref 2D 11.8 Cu. Ft / Inverter Compressor,HA,REFRIGERATORS,TOP MOUNT,0-Month,1,2347.0,0.0,0.0,2347.0,352.05,2699.05
2023-07-27,2311044019,RECA,7233,,INV,JUL,2023,EAC,WWS24G23WI,WHITE WESTINGHOUSE,Indoor Split A/C 22100 BTU Cool,HVPAC,WALL SPLITS,SAC WALL ROTARY,0-Month,1,1303.91,0.0,0.0,1303.91,195.59,1499.5
2023-08-03,2311048523,RECA,7233,,INV,AUG,2023,EAC,WWS24G23WC,WHITE WESTINGHOUSE,Outdoor Split A/C 22100 BTU Cool WiFi,HVPAC,WALL SPLITS,SAC WALL ROTARY,0-Month,2,1303.91,0.0,0.0,2607.82,391.18,2999.0
2023-08-05,2311048588,RECA,7233,,INV,AUG,2023,EAC,PIPE V-12/18,WHITE WESTINGHOUSE,4 Meter copper pipe for 12K/18K Split AC,HVPAC,ACCESSORIES,PIPE,0-Month,1,0.01,0.0,0.0,0.01,0.01,0.02
2023-08-05,2311048578,RECA,7233,,INV,AUG,2023,EAC,WWS24G23WI,WHITE WESTINGHOUSE,Indoor Split A/C 22100 BTU Cool,HVPAC,WALL SPLITS,SAC WALL ROTARY,0-Month,1,1303.91,0.0,0.0,1303.91,195.59,1499.5
2023-08-05,2311048559,REUI,7561,,INV,AUG,2023,EAC,WWS30T22PC,WHITE WESTINGHOUSE,Outdoor Split A/C 27800 BTU Cool,HVPAC,WALL SPLITS,SAC WALL ROTARY,0-Month,1,2260.43,-739.13,32.7,1521.3,228.2,1749.5
2023-08-07,2311048805,RECA,7233,,INV,AUG,2023,EAC,DS18T23WC,DORA,Outdoor Split A/C 18000 BTU Cool WiFi HI-EER Class D R410A.,HVPAC,WALL SPLITS,SAC WALL ROTARY,0-Month,1,977.83,-65.22,6.67,912.61,136.89,1049.5
2023-08-08,2311048906,RECA,7233,,INV,AUG,2023,EAC,WWS36G22C,WHITE WESTINGHOUSE,Outdoor Split A/C 32200 BTU Cool,HVPAC,WALL SPLITS,SAC WALL ROTARY,0-Month,1,2173.48,0.0,0.0,2173.48,326.03,2499.51
2023-08-10,2311049460,REUI,7287,,INV,AUG,2023,EAC,IPHONE11-128GB-B,APPLE MACINTOSH,iPhone 11 128GB Black,TELECOM,MOBILES,SMART PHONES,0-Month,1,1781.74,0.0,0.0,1781.74,267.27,2049.01
2023-08-09,2321018686,REEM,3540,,INV,AUG,2023,TPC,MM-EG25PB(BK),TOSHIBA,"25L GRILL MICROWAVE, DIGITAL, STEEL, 220V, 60HZ - Black",SDA,MICROWAVE,GRILL,0-Month,1,433.91,0.0,0.0,433.91,65.09,499.0
2023-08-10,2321018753,REUI,7561,,INV,AUG,2023,TPC,DW-15F3ME(BS),TOSHIBA,Dish Washer FS 15 Place Settings 8 Prog,HA,DISH WASHER,FREE STANDING,0-Month,1,2260.0,0.0,0.0,2260.0,339.0,2599.0
2023-08-12,2311049667,RECA,7233,,INV,AUG,2023,EAC,WWA25G22R,WHITE WESTINGHOUSE,Window A/C 21800 BTU Cool,HVPAC,WAC,WAC ROTARY,0-Month,1,1738.26,0.0,0.0,1738.26,260.74,1999.0
2023-08-13,2321018931,RECA,4207,,INV,AUG,2023,TPC,TD-K90MEBB(WK),TOSHIBA,"Dryer, 8kg, Inverter, Condensing, 60hz - White",HA,LAUNDRY,DRYER,0-Month,1,2173.04,-686.87,31.61,1486.17,222.92,1709.09
2023-08-16,2311050698,RECA,7233,,INV,AUG,2023,EAC,65DYAC40,DORA,"65 Inch, UHD 4K, Android 11, Dolby Audio, 2.1 HDMI",CE,LCD/LED TV,LED TV,0-Month,1,1825.22,-173.92,9.53,1651.3,247.7,1899.0
2023-08-20,2321019751,RECA,7233,,INV,AUG,2023,TPC,LTT7CBBWI,LG,Ref 1D 6.9 Cu. Ft / Pocket Handle / Inverter Compressor,HA,REFRIGERATORS,MINI BAR,0-Month,1,1390.0,-35.97,2.59,1354.03,203.1,1557.13
2023-08-22,2311051498,RECA,7233,,INV,AUG,2023,EAC,FA41-402GY,ELECTROLUX,Flow A4 - Air Purifier with Anti-bacterial HEPA & Touch UI,SDA,AIR PURIFIER,RESIDENTIAL,0-Month,1,1129.57,-532.18,47.11,597.39,89.61,687.0
2023-08-26,2311051848,RECA,7233,,INV,AUG,2023,EAC,WWS18K23C,WHITE WESTINGHOUSE,Outdoor split  A/C 18400 BTU Cool - WiFi,HVPAC,WALL SPLITS,SAC WALL ROTARY,0-Month,1,999.57,-43.48,4.35,956.09,143.41,1099.5
2023-08-27,2311051972,RECA,7233,,INV,AUG,2023,EAC,PIPE-30,WHITE WESTINGHOUSE,5 Meter copper pipe for 30K Split AC,HVPAC,ACCESSORIES,PIPE,0-Month,6,0.01,0.0,0.0,0.06,0.01,0.07
2023-08-27,2311052578,REEM,3029,,INV,AUG,2023,EAC,MQ9E3AH/A,APPLE MACINTOSH,iPhone 14 Pro Max 256GB Deep Purple,TELECOM,MOBILES,SMART PHONES,0-Month,1,5042.61,-434.78,8.62,4607.83,691.18,5299.01
2023-08-28,2311052649,RECA,4207,,INV,AUG,2023,EAC,WWS24G23WI,WHITE WESTINGHOUSE,Indoor Split A/C 22100 BTU Cool,HVPAC,WALL SPLITS,SAC WALL ROTARY,0-Month,1,1303.91,-65.21,5.0,1238.7,185.8,1424.5
2023-08-28,2311052651,RECA,7233,,INV,AUG,2023,EAC,PIPE V-12/18,WHITE WESTINGHOUSE,4 Meter copper pipe for 12K/18K Split AC,HVPAC,ACCESSORIES,PIPE,0-Month,2,0.01,0.0,0.0,0.02,0.01,0.03
2023-08-28,2321020663,RECA,7233,,INV,AUG,2023,TPC,GR-A820ATE(W),TOSHIBA,"FRIDGE 21.50 CFT (608L), INVERTER, 230V, 50/60HZ - WHITE",HA,REFRIGERATORS,TOP MOUNT,0-Month,1,4086.09,-869.57,21.28,3216.52,482.48,3699.0
2023-08-29,2311052899,REEM,4986,,INV,AUG,2023,EAC,5109ANPN-OS,HONOR,Honor X9a 5G (8GB+256GB) Midnight Black With Gifts,TELECOM,MOBILES,SMART PHONES,0-Month,1,1216.52,-130.44,10.72,1086.08,162.91,1248.99
2023-08-30,2311053218,RECA,7233,,INV,AUG,2023,EAC,PIPE-18/24,WHITE WESTINGHOUSE,4 Meter copper pipe for 18K/24K Split AC,HVPAC,ACCESSORIES,PIPE,0-Month,2,0.01,0.0,0.0,0.02,0.01,0.03
2023-08-30,2311053221,RECA,7233,,INV,AUG,2023,EAC,WWS36T22PC,WHITE WESTINGHOUSE,Outdoor Split A/C 30600 BTU Cool,HVPAC,WALL SPLITS,SAC WALL ROTARY,0-Month,1,2760.43,-978.26,35.44,1782.17,267.33,2049.5
2023-09-04,2311054482,RECA,4207,,INV,SEP,2023,EAC,PIPE V-30/36,WHITE WESTINGHOUSE,5 Meter copper pipe for 30K/36K Split AC,HVPAC,ACCESSORIES,PIPE,0-Month,1,0.01,0.0,0.0,0.01,0.01,0.02
2023-09-04,2321021558,REUI,7561,,INV,SEP,2023,TPC,GR-RT468WE-PMU(37),TOSHIBA,"Fridge 12.0 Cft (338L), Inverter - Satin Grey",HA,REFRIGERATORS,TOP MOUNT,0-Month,1,1999.13,-260.87,13.05,1738.26,260.73,1998.99
2023-09-05,2311054625,RECA,4207,,INV,SEP,2023,EAC,EC-CAS2422-Z,SHARP,"VAC CLNR DRUM, 22L, 2400W,METAL TUBE - GOLD",SDA,VACCUM CLEANERS,CANNISTER,0-Month,1,520.87,-130.44,25.04,390.43,58.57,449.0
2023-09-06,2311054830,REEM,3540,,INV,SEP,2023,EAC,WWS18K23C,WHITE WESTINGHOUSE,Outdoor split  A/C 18400 BTU Cool - WiFi,HVPAC,WALL SPLITS,SAC WALL ROTARY,0-Month,1,999.57,-43.49,4.35,956.08,143.41,1099.49
2023-09-08,2311059792,REUI,7596,,INV,SEP,2023,EAC,WWA20K22R,WHITE WESTINGHOUSE,Window A/C 18000 BTU Cool,HVPAC,WAC,WAC ROTARY,0-Month,1,1346.96,-43.49,3.23,1303.47,195.52,1498.99
2023-09-10,2321021848,RECA,7233,,INV,SEP,2023,TPC,MM-EG34PB(BK),TOSHIBA,"34L GRILL MICROWAVE, DIGITAL, STEEL, 220V, 60HZ - Black",SDA,MICROWAVE,GRILL,0-Month,1,520.87,-43.47,8.35,477.4,71.61,549.01
2023-09-10,2321021868,RECA,7233,,INV,SEP,2023,TPC,TBA-24BMG4G089KS-SA,TOSHIBA,"Gas Cooker 60x60, 4 burner, Auto Ignition & Oven Light - SS",HA,COOKING RANGE,GAS COOKER,0-Month,1,1129.57,0.0,0.0,1129.57,169.44,1299.01
2023-09-11,2311060047,RECA,4207,,INV,SEP,2023,EAC,DPA25T23R,DORA,Window A/C 20000 BTU Cool HI-EER Class F R410A,HVPAC,WAC,WAC ROTARY,0-Month,1,1564.34,-78.25,5.0,1486.09,222.92,1709.01
2023-09-19,2311062990,RECA,7233,,INV,SEP,2023,EAC,EO-60NK-3,SHARP,"E. Oven 60L 2000W Rotisserie, Interior Light",SDA,LHA,DEEP FRYER,0-Month,1,520.87,0.0,0.0,520.87,78.14,599.01
2023-09-20,2321023096,RECA,7233,,INV,SEP,2023,TPC,VH-K130WBB(WW),TOSHIBA,"TWIN TUB WASHER 12.0 KG, 220-230V 60HZ",HA,LAUNDRY TT,TWIN-TUB,0-Month,1,1216.52,-43.48,3.57,1173.04,175.95,1348.99
2023-09-20,2311063219,RECA,7233,,INV,SEP,2023,EAC,PIPE V-24,WHITE WESTINGHOUSE,4 Meter copper pipe for 24K Split AC,HVPAC,ACCESSORIES,PIPE,0-Month,2,0.01,0.0,0.0,0.02,0.01,0.03
2023-09-21,2321023158,RECA,7233,,INV,SEP,2023,TPC,VC-DR200ABF(B),TOSHIBA,"VAC CLNR DRUM, 21L, 2000W,S Steel Tube - Blck/Aqua",SDA,VACCUM CLEANERS,DRUM,0-Month,1,477.39,-86.96,18.22,390.43,58.56,448.99
2023-09-22,2311063413,REUI,7596,,INV,SEP,2023,EAC,FA31-202GY,ELECTROLUX,Flow A3 - Air Purifier with Anti-bacterial HEPA & Touch UI,SDA,AIR PURIFIER,RESIDENTIAL,0-Month,1,651.3,-651.29,100.0,0.01,0.0,0.01
2023-09-22,2321023229,REUI,7596,,INV,SEP,2023,TPC,RH16U8EVCW,LG,Dryer 16KG DUAL Inverter Dryer / sensor dry / ThinQ (Wi-Fi),HA,LAUNDRY A,DRYER,0-Month,1,5217.0,0.0,0.0,5217.0,782.55,5999.55
2023-09-25,2311063679,REUI,7596,,INV,SEP,2023,EAC,4T-C60DK1X,SHARP,"60 Inch, 4K Smart TV, Android 11, HDR, Dolby Audio,  HDMI 2.1 , Made In Japan Panel",CE,LCD/LED TV,LED TV,0-Month,1,2607.83,-869.57,33.34,1738.26,260.74,1999.0
2023-09-24,2321023309,RECA,7233,,INV,SEP,2023,TPC,TW-BK110G4BB(SK),TOSHIBA,"FL Washer 10kg,1400 RPM,Orgn Inverter,Digital Display-Silver",HA,LAUNDRY A,FA FRONT LOADING,0-Month,1,2173.04,-86.95,4.0,2086.09,312.91,2399.0
2023-09-26,2311064472,RECA,7233,,INV,SEP,2023,EAC,EK-EER73DB,ELECTROLUX,FLOOR STICK RECHARGEABLE 14.4V,SDA,VACCUM CLEANERS,CANNISTER,0-Month,1,668.7,-668.69,100.0,0.01,0.0,0.01
2023-09-28,2321024331,REEM,3035,,INV,SEP,2023,TPC,LS19GBBDI,LG,Ref SxS 17.9 Cu. Ft / Pocket Handle / Inverter Compressor,HA,REFRIGERATORS,SIDE BY SIDE,0-Month,1,6521.0,-3304.48,50.67,3216.52,482.47,3698.99
2023-09-28,2311065264,RECA,4207,,INV,SEP,2023,EAC,E7CM1-50GB,ELECTROLUX,"Coffee Maker, Black with Aroma - Explore 7",SDA,LHA,COFFEE MAKER,0-Month,1,433.91,-433.81,99.98,0.1,0.01,0.11
2023-09-30,2311065826,REUI,1879,,INV,SEP,2023,EAC,WWS24G23WI,WHITE WESTINGHOUSE,Indoor Split A/C 22100 BTU Cool,HVPAC,WALL SPLITS,SAC WALL ROTARY,0-Month,1,1303.91,0.0,0.0,1303.91,195.59,1499.5
2023-10-06,2311070066,RECA,7233,,INV,OCT,2023,EAC,WWS24G23WC,WHITE WESTINGHOUSE,Outdoor Split A/C 22100 BTU Cool WiFi,HVPAC,WALL SPLITS,SAC WALL ROTARY,0-Month,1,1303.91,0.0,0.0,1303.91,195.59,1499.5
2023-10-07,2311070087,RECA,7233,,INV,OCT,2023,EAC,DS24T23WC,DORA,Outdoor Split A/C 22000 BTU Cool WiFi HI-EER Class D R410A,HVPAC,WALL SPLITS,SAC WALL ROTARY,0-Month,1,1216.96,-86.96,7.15,1130.0,169.5,1299.5
2023-10-08,2321025569,RECA,7233,,INV,OCT,2023,TPC,TW-BK110G4BB(SK),TOSHIBA,"FL Washer 10kg,1400 RPM,Orgn Inverter,Digital Display-Silver",HA,LAUNDRY A,FA FRONT LOADING,0-Month,1,2173.04,0.0,0.0,2173.04,325.96,2499.0
2023-10-12,2311071028,REUI,7561,,INV,OCT,2023,EAC,EC-CAS2121-Z,SHARP,"VAC CLNR DRUM, 21L, 2100W,METAL TUBE - RED",SDA,VACCUM CLEANERS,CANNISTER,0-Month,1,460.0,-69.57,15.12,390.43,58.56,448.99
2023-10-15,2311071232,REUI,7596,,INV,OCT,2023,EAC,WWS18K23C,WHITE WESTINGHOUSE,Outdoor split  A/C 18400 BTU Cool - WiFi,HVPAC,WALL SPLITS,SAC WALL ROTARY,0-Month,2,999.57,-86.96,4.35,1912.18,286.83,2199.01
2023-10-16,2321026385,RECA,7233,,INV,OCT,2023,TPC,VC-DR180ABF(R),TOSHIBA,"VAC CLNR DRUM, 20L, 1800W,S Steel Tube - Blck/Red",SDA,VACCUM CLEANERS,DRUM,0-Month,1,390.43,-43.47,11.13,346.96,52.04,399.0
2023-10-16,2321026440,RECA,7233,,INV,OCT,2023,TPC,VH-J90WBB,TOSHIBA,"TWIN TUB WASHER 8.0 KG, 220-230V 60HZ",HA,LAUNDRY TT,TWIN-TUB,0-Month,1,1042.61,-173.91,16.68,868.7,130.31,999.01
2023-10-17,2311071466,RECA,7233,,INV,OCT,2023,EAC,WWS18K23I,WHITE WESTINGHOUSE,Indoor split  A/C 18400 BTU Cool - WiFi,HVPAC,WALL SPLITS,SAC WALL ROTARY,0-Month,2,999.57,-373.06,18.66,1626.08,243.92,1870.0
2023-10-19,2311071844,RECA,4207,,INV,OCT,2023,EAC,WWS36G22I,WHITE WESTINGHOUSE,Indoor Split A/C 32200 BTU Cool,HVPAC,WALL SPLITS,SAC WALL ROTARY,0-Month,1,2173.48,-108.68,5.0,2064.8,309.72,2374.52
2023-10-23,2311072302,RECA,4207,,INV,OCT,2023,EAC,E6AF1-720S,ELECTROLUX,"Air Fryer, Stainless Steel with Touch - Explore 6",SDA,LHA,DEEP FRYER,0-Month,1,477.39,-220.87,46.27,256.52,38.47,294.99
2023-10-24,2321027096,RECA,7233,,INV,OCT,2023,TPC,DW-14F1ME(W),TOSHIBA,Dish Washer FS 14 Place Settings 6 Prog White,HA,DISH WASHER,FREE STANDING,0-Month,1,1303.48,-86.96,6.67,1216.52,182.48,1399.0
2023-10-25,2311072620,REUI,1879,,INV,OCT,2023,EAC,HW18CA23,HISENSE,Window A/C 18000 BTU Cool,HVPAC,WAC,WAC ROTARY,0-Month,1,1346.96,-86.96,6.46,1260.0,189.0,1449.0
2023-10-28,2321027427,RECA,7233,,INV,OCT,2023,TPC,AW-UK1100HUPBB(SG),TOSHIBA,"TL Washer 10kg, UFB Wash, 220-230V, 60HZ - Silver",HA,LAUNDRY A,FA TOP LOADING,0-Month,1,1738.26,-173.92,10.01,1564.34,234.65,1798.99
2023-10-29,2321027585,RECA,7233,,INV,OCT,2023,TPC,GR-A820ATE(SG),TOSHIBA,"FRIDGE 21.50 CFT (608L),INVERTER, 50/60HZ - FINE STAINLESS STEEL",HA,REFRIGERATORS,TOP MOUNT,0-Month,1,4607.83,-956.53,20.76,3651.3,547.7,4199.0
2023-10-31,2311073517,RECA,7233,,INV,OCT,2023,EAC,EO-G120-K3,SHARP,"E. Oven 100L 2800W Rotisserie, Convection, Interior Light",SDA,LHA,DEEP FRYER,0-Month,1,694.78,-43.48,6.26,651.3,97.69,748.99
2023-07-04,2311041358,RECA,7233,,INV,JUL,2023,EAC,MQD83ZE/A,APPLE MACINTOSH,AirPods Pro (2nd Generation),TELECOM,ACCESSORIES,BLUETOOTH,0-Month,1,956.0,-87.29,9.13,868.71,130.3,999.01
2023-07-06,2311041604,RECA,7233,,INV,JUL,2023,EAC,EK-EEWA7300AR,ELECTROLUX,KETTLE 2400W 1.7L  STAINLESS STEEL,SDA,LHA,ELECTRIC KETTLE,0-Month,1,260.0,-259.97,99.99,0.03,0.0,0.03
2023-07-05,2311041545,RECA,7233,,INV,JUL,2023,EAC,E7TS1-60BP,ELECTROLUX,"Toaster, Black - Explore 7",SDA,LHA,TOASTER,0-Month,1,303.48,-303.45,99.99,0.03,0.01,0.04
2023-07-06,2311041621,RECA,7233,,INV,JUL,2023,EAC,PIPE-18/24,WHITE WESTINGHOUSE,4 Meter copper pipe for 18K/24K Split AC,HVPAC,ACCESSORIES,PIPE,0-Month,3,0.01,0.0,0.0,0.03,0.01,0.04
2023-07-09,2311041921,RECA,7233,,INV,JUL,2023,EAC,55DYW50,DORA,"55"" 4K HDR, LG WEBOS SMART TV, 2.1 HDMI, MAGIC REMOTE",CE,LCD/LED TV,LED,0-Month,1,1564.35,-434.79,27.79,1129.56,169.44,1299.0
2023-07-11,2311042175,RECA,7233,,INV,JUL,2023,EAC,65DYW50,DORA,"65"" 4K HDR, LG WEBOS SMART TV, 2.1 HDMI, MAGIC REMOTE",CE,LCD/LED TV,LED,0-Month,1,2086.09,-521.74,25.01,1564.35,234.65,1799.0
2023-07-12,2311042258,RECA,7233,,INV,JUL,2023,EAC,DS18T23WI,DORA,Indoor Split A/C 18000 BTU Cool WiFi HI-EER Class D R410A,HVPAC,WALL SPLITS,SAC WALL ROTARY,0-Month,1,977.83,-65.22,6.67,912.61,136.89,1049.5
2023-07-13,2311042460,RECA,7233,,INV,JUL,2023,EAC,WWFLD10VW08,WHITE WESTINGHOUSE,"FRONT LOAD CONDENSOR DRYER 8KG, WITH PUMP",HA,LAUNDRY A,DRYER,0-Month,1,1738.26,-347.83,20.01,1390.43,208.56,1598.99
2023-07-16,2311042931,RECA,7233,,INV,JUL,2023,EAC,DWD77TDP,DORA,"Top and Bottom Loading Water Dispenser, black with SS",SDA,WATER DISPENSER,FREE STANDING,0-Month,1,1042.61,-365.22,35.03,677.39,101.61,779.0
2023-07-16,2311042928,RECA,7233,,INV,JUL,2023,EAC,WWS12G22I,WHITE WESTINGHOUSE,Indoor Split A/C 11600 BTU Cool,HVPAC,WALL SPLITS,SAC WALL ROTARY,0-Month,1,934.35,0.0,0.0,934.35,140.16,1074.51
2023-07-24,2311043766,REEM,3029,,INV,JUL,2023,EAC,PIPE V-12/18,WHITE WESTINGHOUSE,4 Meter copper pipe for 12K/18K Split AC,HVPAC,ACCESSORIES,PIPE,0-Month,3,0.01,0.0,0.0,0.03,0.01,0.04
2023-07-26,2311043937,REEM,3029,,INV,JUL,2023,EAC,5109APDK-OS,HONOR,Honor X8a 4G (8GB+128GB) Cyan Lake With Gifts,TELECOM,MOBILES,SMART PHONES,0-Month,1,825.22,-86.96,10.54,738.26,110.74,849.0
2023-07-29,2321017276,RECA,7233,,INV,JUL,2023,TPC,VC-DR220ABF(G),TOSHIBA,"VAC CLNR DRUM, 22L, 2200W,S Steel Tube - Blck/Grey",SDA,VACCUM CLEANERS,DRUM,0-Month,1,564.35,-95.65,16.95,468.7,70.31,539.01
2023-07-27,2311044034,RECA,7233,,INV,JUL,2023,EAC,WWS24G23WC,WHITE WESTINGHOUSE,Outdoor Split A/C 22100 BTU Cool WiFi,HVPAC,WALL SPLITS,SAC WALL ROTARY,0-Month,1,1303.91,-329.99,25.31,973.92,146.09,1120.01
2023-08-01,2311045530,RECA,7233,,INV,AUG,2023,EAC,PIPE V-12/18,WHITE WESTINGHOUSE,4 Meter copper pipe for 12K/18K Split AC,HVPAC,ACCESSORIES,PIPE,0-Month,1,0.01,0.0,0.0,0.01,0.01,0.02
2023-08-03,2321018205,RECA,7233,,INV,AUG,2023,TPC,RH16U8EVCW,LG,Dryer 16KG DUAL Inverter Dryer / sensor dry / ThinQ (Wi-Fi),HA,LAUNDRY A,DRYER,0-Month,1,4956.0,0.0,0.0,4956.0,743.4,5699.4
2023-08-03,2311048502,RECA,7233,,INV,AUG,2023,EAC,WWS24G23WC,WHITE WESTINGHOUSE,Outdoor Split A/C 22100 BTU Cool WiFi,HVPAC,WALL SPLITS,SAC WALL ROTARY,0-Month,1,1303.91,0.0,0.0,1303.91,195.59,1499.5
2023-08-03,2311048523,RECA,7233,,INV,AUG,2023,EAC,WWS18G22I,WHITE WESTINGHOUSE,Indoor Split A/C 17800 BTU Cool,HVPAC,WALL SPLITS,SAC WALL ROTARY,0-Month,3,1130.0,0.0,0.0,3390.0,508.5,3898.5
2023-08-06,2311048642,REUI,7286,,INV,AUG,2023,EAC,WWA25G9R,WHITE WESTINGHOUSE,Window A/C 21800 BTU Cool HI-EER Class F R410A,HVPAC,WAC,WAC ROTARY,0-Month,1,2129.57,0.0,0.0,2129.57,319.44,2449.01
2023-08-07,2311048804,REUI,7596,,INV,AUG,2023,EAC,DS18T23WI,DORA,Indoor Split A/C 18000 BTU Cool WiFi HI-EER Class D R410A,HVPAC,WALL SPLITS,SAC WALL ROTARY,0-Month,1,977.83,-65.22,6.67,912.61,136.89,1049.5
2023-08-10,2311049642,RECA,4207,,INV,AUG,2023,EAC,WWS30T22PI,WHITE WESTINGHOUSE,Indoor Split A/C 27800 BTU Cool,HVPAC,WALL SPLITS,SAC WALL ROTARY,0-Month,1,2260.43,-815.22,36.06,1445.21,216.78,1661.99
2023-08-15,2311050308,REEM,3064,,INV,AUG,2023,EAC,MQ9C3AH/A,APPLE MACINTOSH,iPhone 14 Pro Max 256GB Silver,TELECOM,MOBILES,SMART PHONES,0-Month,1,5042.61,-434.78,8.62,4607.83,691.18,5299.01
2023-08-16,2321019136,REUI,7561,,INV,AUG,2023,TPC,TW-BK110G4BB(SK),TOSHIBA,"FL Washer 10kg,1400 RPM,Orgn Inverter,Digital Display-Silver",HA,LAUNDRY A,FA FRONT LOADING,0-Month,1,2260.0,-239.11,10.58,2020.89,303.13,2324.02
2023-08-17,2311050834,REEM,3029,,INV,AUG,2023,EAC,DS18T23WC,DORA,Outdoor Split A/C 18000 BTU Cool WiFi HI-EER Class D R410A.,HVPAC,WALL SPLITS,SAC WALL ROTARY,0-Month,1,977.83,-65.23,6.67,912.6,136.89,1049.49
2023-08-21,2321019791,RECA,7233,,INV,AUG,2023,TPC,DW-14F1ME(S),TOSHIBA,Dish Washer FS 14 Place Settings 6 Prog Silver,HA,DISH WASHER,FREE STANDING,0-Month,1,1390.43,-134.67,9.69,1255.76,188.36,1444.12
2023-08-23,2311051610,RECA,7233,,INV,AUG,2023,EAC,58SUE9350F,SKYWORTH,"Skyworth 58"" 4K UHD LED TV (Google TV)",CE,LCD/LED TV,LED TV,0-Month,1,1390.0,-173.47,12.48,1216.53,182.47,1399.0
2023-08-27,2311052624,REUI,7596,,INV,AUG,2023,EAC,WW1500MT11,WHITE WESTINGHOUSE,WASHING MACHINE 14KG 220V 50/60HZ HIGH EER,HA,LAUNDRY TT,TWIN-TUB,0-Month,1,955.65,0.0,0.0,955.65,143.35,1099.0
2023-09-04,2311054564,RECA,7233,,INV,SEP,2023,EAC,WWA20K22R,WHITE WESTINGHOUSE,Window A/C 18000 BTU Cool,HVPAC,WAC,WAC ROTARY,0-Month,2,1346.96,-86.98,3.23,2606.94,391.04,2997.98
2023-09-05,2311054648,RECA,7233,,INV,SEP,2023,EAC,WWA20K22R,WHITE WESTINGHOUSE,Window A/C 18000 BTU Cool,HVPAC,WAC,WAC ROTARY,0-Month,1,1346.96,-43.49,3.23,1303.47,195.52,1498.99
2023-09-10,2311059940,RECA,7233,,INV,SEP,2023,EAC,WWS12K23I,WHITE WESTINGHOUSE,Indoor split  A/C 12000 BTU Cool - WiFi,HVPAC,WALL SPLITS,SAC WALL ROTARY,0-Month,1,847.39,-43.48,5.13,803.91,120.58,924.49
2023-09-20,2311063108,RECA,4207,,INV,SEP,2023,EAC,WWFR21KS,WHITE WESTINGHOUSE,21 Cu Ft. SS Full Refrigerator Inverter Compressor R600a,HA,REFRIGERATORS,ALL REFRIGERATOR,0-Month,1,3216.52,-478.26,14.87,2738.26,410.74,3149.0
2023-09-20,2311063170,RECA,7233,,INV,SEP,2023,EAC,E7CM1-50GB,ELECTROLUX,"Coffee Maker, Black with Aroma - Explore 7",SDA,LHA,COFFEE MAKER,0-Month,1,433.91,-433.87,99.99,0.04,0.0,0.04
2023-09-20,2311063223,RECA,7233,,INV,SEP,2023,EAC,QW-MA814K-SS3,SHARP,"Dish Washer, 14 Place Setting, 8 Programs - Silver",HA,DISH WASHER,FREE STANDING,0-Month,1,1390.43,0.0,0.0,1390.43,208.57,1599.0
2023-09-21,2321023136,RECA,4207,,INV,SEP,2023,TPC,TW-BK110G4BB(SK),TOSHIBA,"FL Washer 10kg,1400 RPM,Orgn Inverter,Digital Display-Silver",HA,LAUNDRY A,FA FRONT LOADING,0-Month,1,2173.04,-294.78,13.57,1878.26,281.74,2160.0
2023-09-21,2311063286,REUI,7287,,INV,SEP,2023,EAC,WWS18K23I,WHITE WESTINGHOUSE,Indoor split  A/C 18400 BTU Cool - WiFi,HVPAC,WALL SPLITS,SAC WALL ROTARY,0-Month,5,999.57,-217.45,4.35,4780.4,717.06,5497.46
2023-09-25,2311063680,REEM,3028,,INV,SEP,2023,EAC,DRAMS450,DORA,"16.4 CuFt, 465L Fridge 230V 60HZ - R600a, Black",HA,REFRIGERATORS,TOP MOUNT,0-Month,1,2086.08,-43.48,2.08,2042.6,306.39,2348.99
2023-09-25,2311063818,RECA,7233,,INV,SEP,2023,EAC,E7CM1-50GB,ELECTROLUX,"Coffee Maker, Black with Aroma - Explore 7",SDA,LHA,COFFEE MAKER,0-Month,1,433.91,-433.9,100.0,0.01,0.0,0.01
2023-09-25,2311063819,RECA,7233,,INV,SEP,2023,EAC,E7CM1-50GB,ELECTROLUX,"Coffee Maker, Black with Aroma - Explore 7",SDA,LHA,COFFEE MAKER,0-Month,1,433.91,-433.9,100.0,0.01,0.0,0.01
2023-09-27,2311064609,RECA,7233,,INV,SEP,2023,EAC,DS24T23WI,DORA,Indoor Split A/C 22000 BTU Cool WiFi HI-EER Class D R410A,HVPAC,WALL SPLITS,SAC WALL ROTARY,0-Month,1,1216.96,-86.96,7.15,1130.0,169.5,1299.5
2023-09-28,2321024153,RECA,7233,,INV,SEP,2023,TPC,RWF-W2035UVBSA(K),TOSHIBA,"Water Disp,BL,3 taps,50/60HZ,SS Tank, UV Technology",SDA,WATER DISPENSER,FREE STANDING,0-Month,1,868.7,0.0,0.0,868.7,130.31,999.01
2023-09-28,2318003102,RECA,7233,,CM,SEP,2023,EAC,WWS30T22PI,WHITE WESTINGHOUSE,Indoor Split A/C 27800 BTU Cool,HVPAC,WALL SPLITS,SAC WALL ROTARY,0-Month,-1,2260.43,739.13,32.7,-1521.3,-228.2,-1749.5
2023-09-30,2311065970,REUI,7561,,INV,SEP,2023,EAC,WWS18G22I,WHITE WESTINGHOUSE,Indoor Split A/C 17800 BTU Cool,HVPAC,WALL SPLITS,SAC WALL ROTARY,0-Month,3,1130.0,0.0,0.0,3390.0,508.5,3898.5
2023-09-30,2318003337,RECA,7233,,CM,SEP,2023,EAC,WWR9VS650,WHITE WESTINGHOUSE,Fridge 22.96 Cu Ft/650 Ltr SS Inverter Compressor,HA,REFRIGERATORS,TOP MOUNT,0-Month,-1,3738.26,695.65,18.61,-3042.61,-456.39,-3499.0
2023-10-03,2311066523,RECA,7233,,INV,OCT,2023,EAC,EWF1141AESA,ELECTROLUX,11KG UltimateCare FL Washer with Vapour Care Technology,HA,LAUNDRY A,FA FRONT LOADING,0-Month,1,3651.3,-1500.05,41.08,2151.25,322.69,2473.94
2023-10-08,2311070199,REUI,7561,,INV,OCT,2023,EAC,DA20K23R,DORA,Window A/C 18000 BTU Cool Hi-EER Class F R410A,HVPAC,WAC,WAC ROTARY,0-Month,1,1260.0,-43.48,3.45,1216.52,182.47,1398.99
2023-10-13,2321026125,RECA,7233,,INV,OCT,2023,TPC,GR-RT468WE-PMU(37),TOSHIBA,"Fridge 12.0 Cft (338L), Inverter - Satin Grey",HA,REFRIGERATORS,TOP MOUNT,0-Month,1,1999.13,0.0,0.0,1999.13,299.87,2299.0
2023-07-05,2311041545,RECA,7233,,INV,JUL,2023,EAC,EWF1141AESA,ELECTROLUX,11KG UltimateCare FL Washer with Vapour Care Technology,HA,LAUNDRY A,FA FRONT LOADING,0-Month,1,3651.3,-1495.65,40.96,2155.65,323.35,2479.0
2023-07-15,2321016453,RECA,7233,,INV,JUL,2023,TPC,LT17HBHWLN,LG,Ref 2D 15.4 Cu. Ft / Bar Handle / Multi Air Flow / Wi-Fi,HA,REFRIGERATORS,TOP MOUNT,0-Month,1,3130.0,0.0,0.0,3130.0,469.5,3599.5
2023-07-17,2311043018,RECA,7233,,INV,JUL,2023,EAC,WWS36T22PC,WHITE WESTINGHOUSE,Outdoor Split A/C 30600 BTU Cool,HVPAC,WALL SPLITS,SAC WALL ROTARY,0-Month,4,2760.43,-3913.04,35.44,7128.68,1069.3,8197.98
2023-07-17,2321016808,RECA,7233,,INV,JUL,2023,TPC,WTT1210TW,LG,WM Twin Tub 12KG / Roller Jet Pulsator / Wind Dry,HA,LAUNDRY TT,TWIN-TUB,0-Month,1,1390.0,-86.52,6.22,1303.48,195.52,1499.0
2023-07-20,2311043502,RECA,7233,,INV,JUL,2023,EAC,DS18T23WI,DORA,Indoor Split A/C 18000 BTU Cool WiFi HI-EER Class D R410A,HVPAC,WALL SPLITS,SAC WALL ROTARY,0-Month,1,977.83,-65.22,6.67,912.61,136.89,1049.5
2023-07-31,2311044607,REEM,3064,,INV,JUL,2023,EAC,WWS36T22PI,WHITE WESTINGHOUSE,Indoor Split A/C 30600 BTU Cool,HVPAC,WALL SPLITS,SAC WALL ROTARY,0-Month,1,2760.43,-978.26,35.44,1782.17,267.33,2049.5
2023-08-02,2311048407,REUI,7596,,INV,AUG,2023,EAC,PIPE-30,WHITE WESTINGHOUSE,5 Meter copper pipe for 30K Split AC,HVPAC,ACCESSORIES,PIPE,0-Month,1,0.01,0.0,0.0,0.01,0.01,0.02
2023-08-06,2328001400,REEM,3029,,CM,AUG,2023,TPC,65QNED806QA,LG,"LG QNED 4K Smart TV 65"" Series80, a7 Gen5 4K Proc, HGiG FSG",CE,LCD/LED TV,LED TV,0-Month,-1,4347.0,0.0,0.0,-4347.0,-652.05,-4999.05
2023-08-07,2318002459,REUI,1879,,CM,AUG,2023,EAC,WWS18G22I,WHITE WESTINGHOUSE,Indoor Split A/C 17800 BTU Cool,HVPAC,WALL SPLITS,SAC WALL ROTARY,0-Month,-5,1130.0,513.6,9.09,-5136.4,-770.46,-5906.86
2023-08-08,2311048913,RECA,7233,,INV,AUG,2023,EAC,75SUE9500,SKYWORTH,"Skyworth 75"" QLED TV 4K UHD Smart (Google TV)",CE,LCD/LED TV,LED TV,0-Month,1,2868.7,0.0,0.0,2868.7,430.31,3299.01
2023-08-03,2318002464,RECA,7233,,CM,AUG,2023,EAC,AH-A18ATS,SHARP,Indoor Split A/C 18000 BTU Cool HI-EER Class D R410A,HVPAC,WALL SPLITS,SAC WALL ROTARY,0-Month,-1,1064.78,21.74,2.04,-1043.04,-156.45,-1199.49
2023-08-10,2311049468,REUI,7287,,INV,AUG,2023,EAC,WWS24G23WC,WHITE WESTINGHOUSE,Outdoor Split A/C 22100 BTU Cool WiFi,HVPAC,WALL SPLITS,SAC WALL ROTARY,0-Month,3,1303.91,0.0,0.0,3911.73,586.76,4498.49
2023-08-09,2311049419,RECA,4207,,INV,AUG,2023,EAC,AH-A12WCS,SHARP,Indoor Split A/C 11600 BTU Cool HI-EER Class D R410A,HVPAC,WALL SPLITS,SAC WALL ROTARY,0-Month,1,1216.96,-453.24,37.24,763.72,114.56,878.28
2023-08-13,2311049902,RECA,4207,,INV,AUG,2023,EAC,WWS24G23WI,WHITE WESTINGHOUSE,Indoor Split A/C 22100 BTU Cool,HVPAC,WALL SPLITS,SAC WALL ROTARY,0-Month,2,1303.91,-130.4,5.0,2477.42,371.62,2849.04
2023-08-22,2311051446,REUI,7561,,INV,AUG,2023,EAC,WWA20K22R,WHITE WESTINGHOUSE,Window A/C 18000 BTU Cool,HVPAC,WAC,WAC ROTARY,0-Month,1,1303.48,-0.01,0.0,1303.47,195.52,1498.99
2023-08-22,2321019866,RECA,7233,,INV,AUG,2023,TPC,VH-J150WBB,TOSHIBA,"TWIN TUB WASHER 14.0 KG, 220-230V 60HZ",HA,LAUNDRY TT,TWIN-TUB,0-Month,1,1738.26,-365.97,21.05,1372.29,205.84,1578.13
2023-08-23,2311051610,RECA,7233,,INV,AUG,2023,EAC,FA41-402GY,ELECTROLUX,Flow A4 - Air Purifier with Anti-bacterial HEPA & Touch UI,SDA,AIR PURIFIER,RESIDENTIAL,0-Month,1,1129.57,-524.35,46.42,605.22,90.78,696.0
2023-08-27,2311052592,RECA,7233,,INV,AUG,2023,EAC,WWUF21KS,WHITE WESTINGHOUSE,21 Cu Ft. SS Upright Freezer Inverter Compressor R600a,HA,FREEZERS,UPRIGHT FREEZER,0-Month,1,3216.52,-173.91,5.41,3042.61,456.39,3499.0
2023-08-28,2321020631,REUI,7596,,INV,AUG,2023,TPC,GR-RT559WE-PMU(37),TOSHIBA,"Fridge 14.50 Cft (411L), Inverter - Satin Grey",HA,REFRIGERATORS,TOP MOUNT,0-Month,1,2173.04,-173.91,8.0,1999.13,299.87,2299.0
2023-08-28,2311052766,RECA,7233,,INV,AUG,2023,EAC,WWS24G23WC,WHITE WESTINGHOUSE,Outdoor Split A/C 22100 BTU Cool WiFi,HVPAC,WALL SPLITS,SAC WALL ROTARY,0-Month,1,1303.91,-195.59,15.0,1108.32,166.25,1274.57
2023-08-29,2321020743,RECA,4207,,INV,AUG,2023,TPC,GR-RT624WE-PMU(37),TOSHIBA,"Fridge 16.40 Cft (463L), Inverter - Satin Grey",HA,REFRIGERATORS,TOP MOUNT,0-Month,1,2607.83,-417.39,16.01,2190.44,328.57,2519.01
2023-08-29,2311052947,RECA,7233,,INV,AUG,2023,EAC,WWS24K23C,WHITE WESTINGHOUSE,Outdoor split  A/C 23000 BTU Cool - WiFi,HVPAC,WALL SPLITS,SAC WALL ROTARY,0-Month,1,1260.43,-43.47,3.45,1216.96,182.54,1399.5
2023-09-05,2311054622,RECA,7233,,INV,SEP,2023,EAC,WWS24K23I,WHITE WESTINGHOUSE,Indoor split  A/C 23000 BTU Cool - WiFi,HVPAC,WALL SPLITS,SAC WALL ROTARY,0-Month,1,1260.43,-43.48,3.45,1216.95,182.54,1399.49
2023-09-05,2311054631,RECA,7233,,INV,SEP,2023,EAC,WWA25G22HR,WHITE WESTINGHOUSE,Window A/C 21400 BTU H/C,HVPAC,WAC,WAC ROTARY,0-Month,1,1825.22,-43.48,2.38,1781.74,267.26,2049.0
2023-09-10,2311059875,RECA,7233,,INV,SEP,2023,EAC,WWS12K23HI,WHITE WESTINGHOUSE,Indoor split  A/C 12000 BTU Heat Cool - WiFi,HVPAC,WALL SPLITS,SAC WALL ROTARY,0-Month,3,890.87,-130.44,4.88,2542.17,381.33,2923.5
2023-09-16,2311062490,RECA,7233,,INV,SEP,2023,EAC,EO-42NK-3,SHARP,E. Oven 42L 1800W Rotisserie,SDA,LHA,DEEP FRYER,0-Month,1,433.91,0.0,0.0,433.91,65.09,499.0
2023-09-20,2311063103,RECA,4207,,INV,SEP,2023,EAC,WWFLD10VW08,WHITE WESTINGHOUSE,"FRONT LOAD CONDENSOR DRYER 8KG, WITH PUMP",HA,LAUNDRY A,DRYER,0-Month,1,1390.43,-139.12,10.01,1251.31,187.7,1439.01
2023-09-19,2311062977,RECA,7233,,INV,SEP,2023,EAC,E7CM1-50GB,ELECTROLUX,"Coffee Maker, Black with Aroma - Explore 7",SDA,LHA,COFFEE MAKER,0-Month,1,433.91,-433.87,99.99,0.04,0.0,0.04
2023-09-20,2311063105,RECA,4207,,INV,SEP,2023,EAC,DUF21KS,DORA,21 Cu Ft. SS Upright Freezer Inverter Compressor R600a,HA,FREEZERS,UPRIGHT FREEZER,0-Month,1,3042.61,-694.78,22.84,2347.83,352.18,2700.01
2023-09-20,2311063159,RECA,7233,,INV,SEP,2023,EAC,EK-EER73DB,ELECTROLUX,FLOOR STICK RECHARGEABLE 14.4V,SDA,VACCUM CLEANERS,CANNISTER,0-Month,1,668.7,-668.63,99.99,0.07,0.01,0.08
2023-09-21,2311063286,REUI,7287,,INV,SEP,2023,EAC,WWS18K23C,WHITE WESTINGHOUSE,Outdoor split  A/C 18400 BTU Cool - WiFi,HVPAC,WALL SPLITS,SAC WALL ROTARY,0-Month,5,999.57,-217.45,4.35,4780.4,717.06,5497.46
2023-09-24,2311063454,RECA,7233,,INV,SEP,2023,EAC,E7CM1-50GB,ELECTROLUX,"Coffee Maker, Black with Aroma - Explore 7",SDA,LHA,COFFEE MAKER,0-Month,1,433.91,-433.9,100.0,0.01,0.0,0.01
2023-09-23,2311063436,RECA,7233,,INV,SEP,2023,EAC,EK-EEWA7300AR,ELECTROLUX,KETTLE 2400W 1.7L  STAINLESS STEEL,SDA,LHA,ELECTRIC KETTLE,0-Month,1,260.0,-259.99,100.0,0.01,0.0,0.01
2023-09-24,2321023275,RECA,7233,,INV,SEP,2023,TPC,TBA-36LMG5G089KS-SA,TOSHIBA,"Gas Cooker 90x60, 5 burner with Rotisserie & Convection - SS",HA,COOKING RANGE,GAS COOKER,0-Month,1,1999.13,-86.96,4.35,1912.17,286.82,2198.99
2023-09-25,2311063663,REEM,3540,,INV,SEP,2023,EAC,WWA20K22R,WHITE WESTINGHOUSE,Window A/C 18000 BTU Cool,HVPAC,WAC,WAC ROTARY,0-Month,1,1346.96,-43.49,3.23,1303.47,195.52,1498.99
2023-09-28,2311065463,RECA,7233,,INV,SEP,2023,EAC,WWS18K23I,WHITE WESTINGHOUSE,Indoor split  A/C 18400 BTU Cool - WiFi,HVPAC,WALL SPLITS,SAC WALL ROTARY,0-Month,1,999.57,-43.48,4.35,956.09,143.41,1099.5
2023-09-30,2321024489,REUI,7596,,INV,SEP,2023,TPC,MM-EG25PB(BK),TOSHIBA,"25L GRILL MICROWAVE, DIGITAL, STEEL, 220V, 60HZ - Black",SDA,MICROWAVE,GRILL,0-Month,1,433.91,-43.48,10.02,390.43,58.56,448.99
2023-09-30,2311065704,REEM,3029,,INV,SEP,2023,EAC,EC-CAS2422-Z,SHARP,"VAC CLNR DRUM, 22L, 2400W,METAL TUBE - GOLD",SDA,VACCUM CLEANERS,CANNISTER,0-Month,1,520.87,-86.96,16.7,433.91,65.09,499.0
2023-09-30,2311065694,RECA,4207,,INV,SEP,2023,EAC,WWRAKS510,WHITE WESTINGHOUSE,"Fridge 17.9 CuFt, 230V 60HZ - R600a, Silver, Recessed Handle",HA,REFRIGERATORS,TOP MOUNT,0-Month,1,2346.96,-547.83,23.34,1799.13,269.87,2069.0
2023-10-02,2311066235,REUI,7596,,INV,OCT,2023,EAC,WWS24K23I,WHITE WESTINGHOUSE,Indoor split  A/C 23000 BTU Cool - WiFi,HVPAC,WALL SPLITS,SAC WALL ROTARY,0-Month,1,1260.43,-43.47,3.45,1216.96,182.54,1399.5
2023-10-03,2321025044,RECA,7233,,INV,OCT,2023,TPC,TW-BK110G4BB(SK),TOSHIBA,"FL Washer 10kg,1400 RPM,Orgn Inverter,Digital Display-Silver",HA,LAUNDRY A,FA FRONT LOADING,0-Month,1,2173.04,0.0,0.0,2173.04,325.96,2499.0
2023-10-04,2311069786,RECA,7233,,INV,OCT,2023,EAC,KMFD264TEX,ELECTROLUX,"BI Microwave Oven with Grill, 26L, 900 W",HA,BUILT-IN,MICROWAVE,0-Month,1,3042.61,-1486.96,48.87,1555.65,233.35,1789.0
2023-10-04,2311069845,RECA,7233,,INV,OCT,2023,EAC,WWR9VS650,WHITE WESTINGHOUSE,Fridge 22.96 Cu Ft/650 Ltr SS Inverter Compressor,HA,REFRIGERATORS,TOP MOUNT,0-Month,1,3738.26,-695.65,18.61,3042.61,456.39,3499.0
2023-10-08,2311070113,RECA,7233,,INV,OCT,2023,EAC,WWRAKS510,WHITE WESTINGHOUSE,"Fridge 17.9 CuFt, 230V 60HZ - R600a, Silver, Recessed Handle",HA,REFRIGERATORS,TOP MOUNT,0-Month,1,2346.96,-347.83,14.82,1999.13,299.87,2299.0
2023-10-08,2311070111,RECA,7233,,INV,OCT,2023,EAC,75DYAC40,DORA,"75 Inch, UHD 4K, Android 11, Dolby Vision, Dolby Atmos, 2.1 HDMI, Metal Frame",CE,LCD/LED TV,LED TV,0-Month,1,2607.83,-260.87,10.0,2346.96,352.04,2699.0
2023-10-10,2311070585,RECA,7233,,INV,OCT,2023,EAC,PIPE-30,WHITE WESTINGHOUSE,5 Meter copper pipe for 30K Split AC,HVPAC,ACCESSORIES,PIPE,0-Month,1,0.01,0.0,0.0,0.01,0.01,0.02
2023-10-12,2311071031,REUI,7561,,INV,OCT,2023,EAC,SCF-K350H-WH,SHARP,"Chest Freezer,9.1Cft (260L), 230V 60HZ, R600A",HA,FREEZERS,CHEST FREEZERS,0-Month,1,1129.57,0.0,0.0,1129.57,169.44,1299.01
2023-10-16,2321026418,RECA,7233,,INV,OCT,2023,TPC,AW-UK1100HUPBB(SG),TOSHIBA,"TL Washer 10kg, UFB Wash, 220-230V, 60HZ - Silver",HA,LAUNDRY A,FA TOP LOADING,0-Month,1,1738.26,-173.91,10.0,1564.35,234.65,1799.0
2023-10-16,2311071391,REUI,7561,,INV,OCT,2023,EAC,WWFLD10VW08,WHITE WESTINGHOUSE,"FRONT LOAD CONDENSOR DRYER 8KG, WITH PUMP",HA,LAUNDRY A,DRYER,0-Month,1,1390.43,0.0,0.0,1390.43,208.57,1599.0
2023-10-17,2311071548,RECA,7233,,INV,OCT,2023,EAC,DS18T23WI,DORA,Indoor Split A/C 18000 BTU Cool WiFi HI-EER Class D R410A,HVPAC,WALL SPLITS,SAC WALL ROTARY,0-Month,1,977.83,-65.22,6.67,912.61,136.89,1049.5
2023-10-18,2311071662,REEM,3032,,INV,OCT,2023,EAC,82BH00GHAD,LENOVO,"Lenovo-Yoga C700 I7-1165G7,16GB,1TSD,14"",W11",IT,NOTEBOOKS,NOTEBOOKS,0-Month,1,4912.17,-347.83,7.08,4564.34,684.65,5248.99
2023-10-21,2321026774,REUI,7596,,INV,OCT,2023,TPC,LT19HBHSLN,LG,Ref 2D 17.9 Cu. Ft / Bar Handle / Multi Air Flow / Wi-Fi,HA,REFRIGERATORS,TOP MOUNT,0-Month,1,6260.0,-3304.35,52.79,2955.65,443.34,3398.99
2023-10-26,2311072730,REEM,3029,,INV,OCT,2023,EAC,MU6T3AH/A,APPLE MACINTOSH,iPhone 15 Pro Max 256GB Blue,TELECOM,MOBILES,SMART PHONES,0-Month,1,5217.0,0.0,0.0,5217.0,782.55,5999.55
2023-10-26,2311072732,REEM,3029,,INV,OCT,2023,EAC,MU6T3AH/A,APPLE MACINTOSH,iPhone 15 Pro Max 256GB Blue,TELECOM,MOBILES,SMART PHONES,0-Month,1,5217.0,0.0,0.0,5217.0,782.55,5999.55
2023-10-30,2321027635,RECA,7233,,INV,OCT,2023,TPC,TW-BL90A4BB(SS),TOSHIBA,"FL Washer,T11,8kg,1400RPM,Origin Inverter,Great Waves-Silver",HA,LAUNDRY A,FA FRONT LOADING,0-Month,1,1825.22,-260.87,14.29,1564.35,234.65,1799.0
2023-10-30,2321027742,RECA,7233,,INV,OCT,2023,TPC,TBA-36LMG5G089KS-SA,TOSHIBA,"Gas Cooker 90x60, 5 burner with Rotisserie & Convection - SS",HA,COOKING RANGE,GAS COOKER,0-Month,1,1999.13,-447.83,22.4,1551.3,232.69,1783.99
2023-07-09,2311041961,RECA,7233,,INV,JUL,2023,EAC,86SUE9550,SKYWORTH,"SKYWORTH 86"" Google TV UHD 4K HDR SMART LED TV (120Hz)",CE,LCD/LED TV,LED TV,0-Month,1,4347.0,0.0,0.0,4347.0,652.05,4999.05
2023-07-12,2321016344,RECA,7233,,INV,JUL,2023,TPC,DW-14F1ME(W),TOSHIBA,Dish Washer FS 14 Place Settings 6 Prog White,HA,DISH WASHER,FREE STANDING,0-Month,1,1390.43,-86.95,6.25,1303.48,195.52,1499.0
2023-07-13,2311042362,RECA,7233,,INV,JUL,2023,EAC,WWS36G22C,WHITE WESTINGHOUSE,Outdoor Split A/C 32200 BTU Cool,HVPAC,WALL SPLITS,SAC WALL ROTARY,0-Month,1,2173.48,0.0,0.0,2173.48,326.03,2499.51
2023-07-16,2311042867,RECA,7233,,INV,JUL,2023,EAC,WWS24G23WI,WHITE WESTINGHOUSE,Indoor Split A/C 22100 BTU Cool,HVPAC,WALL SPLITS,SAC WALL ROTARY,0-Month,1,1303.91,0.0,0.0,1303.91,195.59,1499.5
2023-07-18,2311043055,RECA,7233,,INV,JUL,2023,EAC,FA31-202GY,ELECTROLUX,Flow A3 - Air Purifier with Anti-bacterial HEPA & Touch UI,SDA,AIR PURIFIER,RESIDENTIAL,0-Month,1,651.3,-651.29,100.0,0.01,0.0,0.01
2023-07-17,2311043042,RECA,7233,,INV,JUL,2023,EAC,WWUF21KS,WHITE WESTINGHOUSE,21 Cu Ft. SS Upright Freezer Inverter Compressor R600a,HA,FREEZERS,UPRIGHT FREEZER,0-Month,1,3216.52,-173.91,5.41,3042.61,456.39,3499.0
2023-07-24,2321017157,REEM,4986,,INV,JUL,2023,TPC,TWD-BK90S2(SK),TOSHIBA,"FL Washer 8/5kg Combo, Inverter, Digital - Silver",HA,LAUNDRY A,WASHER DRYER COMBO,0-Month,1,2694.78,-434.78,16.13,2260.0,339.0,2599.0
2023-08-01,2311045355,REEM,3540,,INV,AUG,2023,EAC,WWS30G22C,WHITE WESTINGHOUSE,Outdoor Split A/C 27400 BTU Cool,HVPAC,WALL SPLITS,SAC WALL ROTARY,0-Month,1,1803.91,0.0,0.0,1803.91,270.59,2074.5
2023-08-02,2321018100,RECA,7233,,INV,AUG,2023,TPC,AW-K800AUPBB(WW),TOSHIBA,"TL Washer 7kg,Pump,Great Wave,Glass Lid,60hz - White",HA,LAUNDRY A,FA TOP LOADING,0-Month,1,1303.48,-130.44,10.01,1173.04,175.96,1349.0
2023-08-02,2311048403,REUI,7596,,INV,AUG,2023,EAC,WWS36T22PC,WHITE WESTINGHOUSE,Outdoor Split A/C 30600 BTU Cool,HVPAC,WALL SPLITS,SAC WALL ROTARY,0-Month,1,2760.43,-978.26,35.44,1782.17,267.33,2049.5
2023-08-03,2311048451,RECA,7233,,INV,AUG,2023,EAC,HS24CPI23,HISENSE,Indoor Split A/C 23000 BTU Cool - WiFi,HVPAC,WALL SPLITS,SAC WALL ROTARY,0-Month,4,1325.65,-1158.24,21.84,4144.36,621.65,4766.01
2023-08-06,2311048641,RECA,7233,,INV,AUG,2023,EAC,PIPE V-30/36,WHITE WESTINGHOUSE,5 Meter copper pipe for 30K/36K Split AC,HVPAC,ACCESSORIES,PIPE,0-Month,1,0.01,0.0,0.0,0.01,0.01,0.02
2023-08-06,2311048641,RECA,7233,,INV,AUG,2023,EAC,WWS30G22C,WHITE WESTINGHOUSE,Outdoor Split A/C 27400 BTU Cool,HVPAC,WALL SPLITS,SAC WALL ROTARY,0-Month,1,1803.91,0.0,0.0,1803.91,270.59,2074.5
2023-08-13,2311049900,RECA,7233,,INV,AUG,2023,EAC,WWS18G22I,WHITE WESTINGHOUSE,Indoor Split A/C 17800 BTU Cool,HVPAC,WALL SPLITS,SAC WALL ROTARY,0-Month,3,1130.0,0.0,0.0,3390.0,508.5,3898.5
2023-09-09,2311059804,RECA,7233,,INV,SEP,2023,EAC,WWA20K22R,WHITE WESTINGHOUSE,Window A/C 18000 BTU Cool,HVPAC,WAC,WAC ROTARY,0-Month,1,1346.96,-43.49,3.23,1303.47,195.52,1498.99
2023-09-10,2311059890,REEM,3540,,INV,SEP,2023,EAC,65SUE9500,SKYWORTH,"SKYWORTH  65"" QLED Google TV UHD 4K HDR SMART TV",CE,LCD/LED TV,LED TV,0-Month,2,2086.0,-521.58,12.5,3650.42,547.56,4197.98
2023-09-14,2311062296,RECA,7233,,INV,SEP,2023,EAC,FS-809,LOCAL,"Wall Mount Bracket 32""-70"" LCD/LED TV",CE,OTHERS,OTHERS,0-Month,1,33.92,-33.92,100.0,0.0,0.0,0.0
2023-09-17,2311062566,REUI,7561,,INV,SEP,2023,EAC,55DYAC40,DORA,"55 Inch, UHD 4K, Android 11, Dolby Audio, 2.1 HDMI",CE,LCD/LED TV,LED TV,0-Month,1,1260.0,-130.43,10.35,1129.57,169.43,1299.0
2023-09-20,2311063109,RECA,7233,,INV,SEP,2023,EAC,E7CM1-50GB,ELECTROLUX,"Coffee Maker, Black with Aroma - Explore 7",SDA,LHA,COFFEE MAKER,0-Month,1,433.91,-433.87,99.99,0.04,0.0,0.04
2023-09-21,2311063275,RECA,7233,,INV,SEP,2023,EAC,EK-EEWA7300AR,ELECTROLUX,KETTLE 2400W 1.7L  STAINLESS STEEL,SDA,LHA,ELECTRIC KETTLE,0-Month,1,260.0,-259.99,100.0,0.01,0.0,0.01
2023-09-21,2311063284,RECA,7233,,INV,SEP,2023,EAC,E7CM1-50GB,ELECTROLUX,"Coffee Maker, Black with Aroma - Explore 7",SDA,LHA,COFFEE MAKER,0-Month,1,433.91,-433.87,99.99,0.04,0.0,0.04
2023-09-21,2311063377,REUI,7561,,INV,SEP,2023,EAC,WWS24K23I,WHITE WESTINGHOUSE,Indoor split  A/C 23000 BTU Cool - WiFi,HVPAC,WALL SPLITS,SAC WALL ROTARY,0-Month,1,1260.43,-43.47,3.45,1216.96,182.54,1399.5
2023-09-24,2311063457,RECA,7233,,INV,SEP,2023,EAC,E7CM1-50GB,ELECTROLUX,"Coffee Maker, Black with Aroma - Explore 7",SDA,LHA,COFFEE MAKER,0-Month,1,433.91,-433.9,100.0,0.01,0.0,0.01
2023-09-26,2311063940,RECA,7233,,INV,SEP,2023,EAC,E7CM1-50GB,ELECTROLUX,"Coffee Maker, Black with Aroma - Explore 7",SDA,LHA,COFFEE MAKER,0-Month,1,433.91,-433.9,100.0,0.01,0.0,0.01
2023-09-28,2311065478,RECA,7233,,INV,SEP,2023,EAC,65SUE9500,SKYWORTH,"SKYWORTH  65"" QLED Google TV UHD 4K HDR SMART TV",CE,LCD/LED TV,LED TV,0-Month,1,3999.0,-2087.0,52.19,1912.0,286.8,2198.8
2023-09-29,2321024484,RECA,7233,,INV,SEP,2023,TPC,MM-EG25PB(BK),TOSHIBA,"25L GRILL MICROWAVE, DIGITAL, STEEL, 220V, 60HZ - Black",SDA,MICROWAVE,GRILL,0-Month,1,433.91,-43.48,10.02,390.43,58.56,448.99
2023-10-02,2311066133,REUI,7596,,INV,OCT,2023,EAC,WWS24K23C,WHITE WESTINGHOUSE,Outdoor split  A/C 23000 BTU Cool - WiFi,HVPAC,WALL SPLITS,SAC WALL ROTARY,0-Month,1,1260.43,-43.47,3.45,1216.96,182.54,1399.5
2023-10-11,2311070803,RECA,7233,,INV,OCT,2023,EAC,WWS18K23I,WHITE WESTINGHOUSE,Indoor split  A/C 18400 BTU Cool - WiFi,HVPAC,WALL SPLITS,SAC WALL ROTARY,0-Month,4,999.57,-173.92,4.35,3824.36,573.66,4398.02
2023-10-17,2311071548,RECA,7233,,INV,OCT,2023,EAC,DS18T23WC,DORA,Outdoor Split A/C 18000 BTU Cool WiFi HI-EER Class D R410A.,HVPAC,WALL SPLITS,SAC WALL ROTARY,0-Month,1,977.83,-65.22,6.67,912.61,136.89,1049.5
2023-10-19,2321026759,REUI,7561,,INV,OCT,2023,TPC,WTS19HHMK1,LG,WM TL 19KG/TurboWash3D™/Wi-Fi/Auto Tub Clean/Steam/DD Motor,HA,LAUNDRY A,FA TOP LOADING,0-Month,1,7173.0,-2826.0,39.4,4347.0,652.05,4999.05
2023-10-24,2311072414,RECA,7233,,INV,OCT,2023,EAC,AH-A18ATS,SHARP,Indoor Split A/C 18000 BTU Cool HI-EER Class D R410A,HVPAC,WALL SPLITS,SAC WALL ROTARY,0-Month,4,1064.78,-86.92,2.04,4172.2,625.83,4798.03
2023-07-11,2311042115,RECA,7233,,INV,JUL,2023,EAC,WWS24T22PHC,WHITE WESTINGHOUSE,Outdoor Split A/C 22500 BTU H/C,HVPAC,WALL SPLITS,SAC WALL ROTARY,0-Month,3,1782.17,-1826.07,34.15,3520.44,528.06,4048.5
2023-07-22,2321017122,RECA,7233,,INV,JUL,2023,TPC,VH-J150WBB,TOSHIBA,"TWIN TUB WASHER 14.0 KG, 220-230V 60HZ",HA,LAUNDRY TT,TWIN-TUB,0-Month,1,1738.26,-347.83,20.01,1390.43,208.56,1598.99
2023-07-24,2311043766,REEM,3029,,INV,JUL,2023,EAC,AH-A12WCS,SHARP,Indoor Split A/C 11600 BTU Cool HI-EER Class D R410A,HVPAC,WALL SPLITS,SAC WALL ROTARY,0-Month,1,1216.96,-413.04,33.94,803.92,120.59,924.51
2023-08-02,2321018164,REUI,7596,,INV,AUG,2023,TPC,AW-DK1775WUPBB(WK),TOSHIBA,"TL WASHER 15 KG,UFB WASH,SDD INVERTER,60HZ - WHITE/BLACK",HA,LAUNDRY A,FA TOP LOADING,0-Month,1,2433.91,-260.87,10.72,2173.04,325.95,2498.99
2023-08-05,2311048580,RECA,7233,,INV,AUG,2023,EAC,DS24T23WI,DORA,Indoor Split A/C 22000 BTU Cool WiFi HI-EER Class D R410A,HVPAC,WALL SPLITS,SAC WALL ROTARY,0-Month,1,1216.96,-86.96,7.15,1130.0,169.5,1299.5
2023-08-07,2311048806,RECA,7233,,INV,AUG,2023,EAC,75SUE9500,SKYWORTH,"Skyworth 75"" QLED TV 4K UHD Smart (Google TV)",CE,LCD/LED TV,LED TV,0-Month,1,2868.7,0.0,0.0,2868.7,430.31,3299.01
2023-08-09,2311049407,REEM,3064,,INV,AUG,2023,EAC,MQ9E3AH/A,APPLE MACINTOSH,iPhone 14 Pro Max 256GB Deep Purple,TELECOM,MOBILES,SMART PHONES,0-Month,2,5042.61,-869.56,8.62,9215.66,1382.35,10598.01
2023-08-28,2311052655,REEM,3029,,INV,AUG,2023,EAC,WWS24K23C,WHITE WESTINGHOUSE,Outdoor split  A/C 23000 BTU Cool - WiFi,HVPAC,WALL SPLITS,SAC WALL ROTARY,0-Month,3,1260.43,-130.41,3.45,3650.88,547.63,4198.51
2023-08-28,2321020620,RECA,7233,,INV,AUG,2023,TPC,MM-EG34PB(BK),TOSHIBA,"34L GRILL MICROWAVE, DIGITAL, STEEL, 220V, 60HZ - Black",SDA,MICROWAVE,GRILL,0-Month,1,520.87,-43.48,8.35,477.39,71.61,549.0
2023-09-03,2321021498,RECA,7233,,INV,SEP,2023,TPC,GR-RF610WE-PMU(37),TOSHIBA,"FRENCH DOOR 16.20 CFT (457L), INVERTER, 230V - SATIN GREY",HA,REFRIGERATORS,TOP MOUNT,0-Month,1,3738.26,-260.87,6.98,3477.39,521.6,3998.99
2023-09-04,2311054549,REUI,7596,,INV,SEP,2023,EAC,ES-FS812DLZSA-S,SHARP,"FL Washer 8kg,1200RPM,8+Prg,Rapid Wash,Chrome Door-S Steel",HA,LAUNDRY A,FA FRONT LOADING,0-Month,1,1477.39,-173.92,11.77,1303.47,195.52,1498.99
2023-09-11,2311060032,RECA,7233,,INV,SEP,2023,EAC,WWCFAK550,WHITE WESTINGHOUSE,"CHEST FREEZER 18.4 CU FT, 230V 60HZ, R600A",HA,FREEZERS,CHEST FREEZERS,0-Month,1,2346.96,0.0,0.0,2346.96,352.05,2699.01
2023-09-16,2321022766,RECA,7233,,INV,SEP,2023,TPC,VC-DR200ABF(B),TOSHIBA,"VAC CLNR DRUM, 21L, 2000W,S Steel Tube - Blck/Aqua",SDA,VACCUM CLEANERS,DRUM,0-Month,1,477.39,-60.87,12.75,416.52,62.47,478.99
2023-09-18,2311062914,RECA,7233,,INV,SEP,2023,EAC,PIPE V-30/36,WHITE WESTINGHOUSE,5 Meter copper pipe for 30K/36K Split AC,HVPAC,ACCESSORIES,PIPE,0-Month,1,0.01,0.0,0.0,0.01,0.01,0.02
2023-09-19,2311062982,RECA,7233,,INV,SEP,2023,EAC,WWS18K23C,WHITE WESTINGHOUSE,Outdoor split  A/C 18400 BTU Cool - WiFi,HVPAC,WALL SPLITS,SAC WALL ROTARY,0-Month,1,999.57,-43.48,4.35,956.09,143.41,1099.5
2023-09-25,2311063679,REUI,7596,,INV,SEP,2023,EAC,FS-809,LOCAL,"Wall Mount Bracket 32""-70"" LCD/LED TV",CE,OTHERS,OTHERS,0-Month,1,33.92,0.0,0.0,33.92,5.09,39.01
2023-09-24,2321023313,RECA,7233,,INV,SEP,2023,TPC,GR-RS780WI-PGU(22),TOSHIBA,"SBS 19.4 Cf-549L,Inverter,PBIO,Max Humid,Alloy Cool-Bk Glass",HA,REFRIGERATORS,SIDE BY SIDE,0-Month,1,3738.26,-260.87,6.98,3477.39,521.6,3998.99
2023-09-24,2321023309,RECA,7233,,INV,SEP,2023,TPC,TBA-36LMG5G089KS-SA,TOSHIBA,"Gas Cooker 90x60, 5 burner with Rotisserie & Convection - SS",HA,COOKING RANGE,GAS COOKER,0-Month,1,1999.13,-86.96,4.35,1912.17,286.82,2198.99
2023-09-26,2311063939,RECA,7233,,INV,SEP,2023,EAC,E7CM1-50GB,ELECTROLUX,"Coffee Maker, Black with Aroma - Explore 7",SDA,LHA,COFFEE MAKER,0-Month,1,433.91,-433.9,100.0,0.01,0.0,0.01
2023-09-26,2321023459,RECA,7233,,INV,SEP,2023,TPC,LT10CBBWIN,LG,Ref 2D 9 Cu. Ft / Pocket Handle  / Pull out tray,HA,REFRIGERATORS,TOP MOUNT,0-Month,1,1608.0,0.0,0.0,1608.0,241.2,1849.2
2023-09-28,2311065463,RECA,7233,,INV,SEP,2023,EAC,WWS18K23C,WHITE WESTINGHOUSE,Outdoor split  A/C 18400 BTU Cool - WiFi,HVPAC,WALL SPLITS,SAC WALL ROTARY,0-Month,1,999.57,-43.48,4.35,956.09,143.41,1099.5
2023-09-28,2318003100,RECA,7233,,CM,SEP,2023,EAC,DS24T23WI,DORA,Indoor Split A/C 22000 BTU Cool WiFi HI-EER Class D R410A,HVPAC,WALL SPLITS,SAC WALL ROTARY,0-Month,-1,1216.96,86.96,7.15,-1130.0,-169.5,-1299.5
2023-09-30,2311065952,RECA,7233,,INV,SEP,2023,EAC,E7CM1-50GB,ELECTROLUX,"Coffee Maker, Black with Aroma - Explore 7",SDA,LHA,COFFEE MAKER,0-Month,1,433.91,-433.9,100.0,0.01,0.0,0.01
2023-09-30,2321024736,RECA,7233,,INV,SEP,2023,TPC,TBA-24BMG4G089KS-SA,TOSHIBA,"Gas Cooker 60x60, 4 burner, Auto Ignition & Oven Light - SS",HA,COOKING RANGE,GAS COOKER,0-Month,1,1129.57,-43.48,3.85,1086.09,162.91,1249.0
2023-10-04,2311069861,REUI,7561,,INV,OCT,2023,EAC,DWD77TDP,DORA,"Top and Bottom Loading Water Dispenser, black with SS",SDA,WATER DISPENSER,FREE STANDING,0-Month,1,1042.61,-365.22,35.03,677.39,101.61,779.0
2023-10-13,2311071045,RECA,7233,,INV,OCT,2023,EAC,DWD76TDS,DORA,"Top and Bottom Loading Water Dispenser, black with SS DWD76TDS",SDA,WATER DISPENSER,FREE STANDING,0-Month,1,1042.61,-365.22,35.03,677.39,101.61,779.0
2023-07-04,2311041359,REEM,3032,,INV,JUL,2023,EAC,PIPE V-30/36,WHITE WESTINGHOUSE,5 Meter copper pipe for 30K/36K Split AC,HVPAC,ACCESSORIES,PIPE,0-Month,1,0.01,0.0,0.0,0.01,0.01,0.02
2023-07-07,2311041846,RECA,7233,,INV,JUL,2023,EAC,WWFR21KS,WHITE WESTINGHOUSE,21 Cu Ft. SS Full Refrigerator Inverter Compressor R600a,HA,REFRIGERATORS,ALL REFRIGERATOR,0-Month,1,3216.52,0.0,0.0,3216.52,482.48,3699.0
2023-08-01,2311045459,RECA,7233,,INV,AUG,2023,EAC,WWA25G22R,WHITE WESTINGHOUSE,Window A/C 21800 BTU Cool,HVPAC,WAC,WAC ROTARY,0-Month,1,1738.26,0.0,0.0,1738.26,260.74,1999.0
2023-08-07,2311048735,REUI,7596,,INV,AUG,2023,EAC,AH-A12WCS,SHARP,Indoor Split A/C 11600 BTU Cool HI-EER Class D R410A,HVPAC,WALL SPLITS,SAC WALL ROTARY,0-Month,1,1216.96,-413.05,33.94,803.91,120.59,924.5
2023-08-23,2328001430,RECA,7233,,CM,AUG,2023,TPC,VH-J150WBB,TOSHIBA,"TWIN TUB WASHER 14.0 KG, 220-230V 60HZ",HA,LAUNDRY TT,TWIN-TUB,0-Month,-1,1738.26,365.97,21.05,-1372.29,-205.84,-1578.13
2023-08-30,2311053162,RECA,7233,,INV,AUG,2023,EAC,ES-FS812DLZSA-S,SHARP,"FL Washer 8kg,1200RPM,8+Prg,Rapid Wash,Chrome Door-S Steel",HA,LAUNDRY A,FA FRONT LOADING,0-Month,1,1477.39,-173.91,11.77,1303.48,195.52,1499.0
2023-09-03,2311054377,REEM,3561,,INV,SEP,2023,EAC,MQ9E3AH/A,APPLE MACINTOSH,iPhone 14 Pro Max 256GB Deep Purple,TELECOM,MOBILES,SMART PHONES,0-Month,1,5042.61,-434.79,8.62,4607.82,691.18,5299.0
2023-09-26,2311064461,RECA,7233,,INV,SEP,2023,EAC,EK-EJP5000AR,ELECTROLUX,"Citrus press 85W, Stainless Steel body, 0.8l capacity",SDA,LHA,CITRUS PRESS,0-Month,2,164.35,-166.06,50.52,162.64,24.4,187.04
2023-09-28,2311065263,RECA,7233,,INV,SEP,2023,EAC,EK-EER73DB,ELECTROLUX,FLOOR STICK RECHARGEABLE 14.4V,SDA,VACCUM CLEANERS,CANNISTER,0-Month,1,668.7,-668.69,100.0,0.01,0.0,0.01
2023-09-28,2328001756,RECA,7233,,CM,SEP,2023,TPC,RH90V3AV0W,LG,Dryer 9KG DUAL Inverter Dryer / sensor dry / ThinQ (Wi-Fi),HA,LAUNDRY A,DRYER,0-Month,-1,2521.0,0.0,0.0,-2521.0,-378.15,-2899.15
2023-09-30,2321024745,RECA,4207,,INV,SEP,2023,TPC,GR-RS780WI-PGU(22),TOSHIBA,"SBS 19.4 Cf-549L,Inverter,PBIO,Max Humid,Alloy Cool-Bk Glass",HA,REFRIGERATORS,SIDE BY SIDE,0-Month,1,3738.26,-608.64,16.28,3129.62,469.44,3599.06
2023-10-02,2311066161,RECA,7233,,INV,OCT,2023,EAC,WWS18G22I,WHITE WESTINGHOUSE,Indoor Split A/C 17800 BTU Cool,HVPAC,WALL SPLITS,SAC WALL ROTARY,0-Month,1,1130.0,0.0,0.0,1130.0,169.5,1299.5
2023-10-04,2311069845,RECA,7233,,INV,OCT,2023,EAC,SCF-K350H-WH,SHARP,"Chest Freezer,9.1Cft (260L), 230V 60HZ, R600A",HA,FREEZERS,CHEST FREEZERS,0-Month,1,1129.57,0.0,0.0,1129.57,169.44,1299.01
2023-07-08,2311041878,RECA,7233,,INV,JUL,2023,EAC,DS24T23WI,DORA,Indoor Split A/C 22000 BTU Cool WiFi HI-EER Class D R410A,HVPAC,WALL SPLITS,SAC WALL ROTARY,0-Month,1,1216.96,-86.96,7.15,1130.0,169.5,1299.5
2023-07-17,2321016764,REEM,3029,,INV,JUL,2023,TPC,VC-DR200ABF(B),TOSHIBA,"VAC CLNR DRUM, 21L, 2000W,S Steel Tube - Blck/Aqua",SDA,VACCUM CLEANERS,DRUM,0-Month,1,477.39,0.0,0.0,477.39,71.61,549.0
2023-07-22,2321017114,RECA,7233,,INV,JUL,2023,TPC,VH-K110WBB,TOSHIBA,"TWIN TUB WASHER 10.0 KG, 220-230V 60HZ",HA,LAUNDRY TT,TWIN-TUB,0-Month,1,1477.39,-434.78,29.43,1042.61,156.39,1199.0
2023-07-24,2311043789,RECA,7233,,INV,JUL,2023,EAC,WWS30T22PC,WHITE WESTINGHOUSE,Outdoor Split A/C 27800 BTU Cool,HVPAC,WALL SPLITS,SAC WALL ROTARY,0-Month,1,2260.43,-739.13,32.7,1521.3,228.2,1749.5
2023-08-02,2311048307,RECA,4207,,INV,AUG,2023,EAC,AU-A24ATS,SHARP,Outdoor Split A/C 21000 BTU Cool HI-EER Class D R410A,HVPAC,WALL SPLITS,SAC WALL ROTARY,0-Month,1,1282.17,-84.78,6.61,1197.39,179.61,1377.0
2023-08-05,2311048578,RECA,7233,,INV,AUG,2023,EAC,PIPE V-12/18,WHITE WESTINGHOUSE,4 Meter copper pipe for 12K/18K Split AC,HVPAC,ACCESSORIES,PIPE,0-Month,1,0.01,0.0,0.0,0.01,0.01,0.02
2023-09-13,2318002684,RECA,7233,,CM,SEP,2023,EAC,AU-A24ATS,SHARP,Outdoor Split A/C 21000 BTU Cool HI-EER Class D R410A,HVPAC,WALL SPLITS,SAC WALL ROTARY,0-Month,-1,1282.17,21.74,1.7,-1260.43,-189.06,-1449.49
